id,threshold,text_pixels,context_pixels,mask_fill_ratio,refined_mask_fill_ratio,refined_mask_iou,refined_mask_precision,refined_mask_recall,expanded_mask_fill_ratio,expanded_mask_iou,expanded_mask_precision,expanded_mask_recall,refined_eroded_fill_ratio,refined_eroded_iou,refined_eroded_precision,refined_eroded_recall,refined_eroded_twice_fill_ratio,refined_eroded_twice_iou,refined_eroded_twice_precision,refined_eroded_twice_recall,refined_mask_fallback,pipeline_flat_background_used,legacy_fast_path,fixed_fast_path,legacy_outside_modified_ratio,fixed_outside_modified_ratio,pipeline_outside_modified_ratio,input_outside_mae,legacy_outside_mae,fixed_outside_mae,legacy_text_mae,fixed_text_mae,pipeline_outside_mae,pipeline_text_mae,legacy_context_psnr,fixed_context_psnr,pipeline_context_psnr,telea_r2_text_mae,telea_r2_context_psnr,telea_r3_text_mae,telea_r3_context_psnr,ns_r2_text_mae,ns_r2_context_psnr,ns_r3_text_mae,ns_r3_context_psnr,vertical_text_mae,vertical_context_psnr,vertical_telea_25_text_mae,vertical_telea_25_context_psnr,vertical_telea_50_text_mae,vertical_telea_50_context_psnr,vertical_telea_75_text_mae,vertical_telea_75_context_psnr,outside_mae_improvement,context_psnr_improvement
1,48,7026,13860,0.506926,0.556061,0.905211,0.908265,0.996299,0.561688,0.896658,0.899422,0.996584,0.472078,0.841612,0.94773,0.882579,0.392136,0.732138,0.969089,0.749644,False,False,False,False,0.0,0.0,0.114135,0.489025,0.489025,0.489025,10.84861,10.247841,2.207833,10.48572,25.770608,26.832378,25.21379,10.84861,25.770608,10.633979,26.179846,11.003084,25.723832,10.835706,26.101744,11.273176,26.256237,10.246418,26.831265,10.205048,27.08898,10.532356,26.875173,0.0,1.06177
2,48,8166,16368,0.4989,0.718719,0.654491,0.67018,0.965467,0.726051,0.657847,0.669472,0.974284,0.653043,0.687701,0.718776,0.940852,0.586571,0.679618,0.748776,0.880358,False,False,True,False,1.0,0.0,0.475006,0.952247,56.396774,0.952247,55.303249,13.669075,13.889377,23.233162,11.675471,22.307496,16.066084,13.519512,22.125891,13.733366,22.189432,13.446322,21.949808,13.265123,22.157779,15.88648,20.58962,13.641113,22.306908,13.961711,22.025452,14.690057,21.413589,55.444527,10.632025
3,48,5270,14610,0.360712,0.511567,0.643751,0.667782,0.947059,0.530938,0.637175,0.653603,0.962049,0.430801,0.666042,0.734509,0.87723,0.354757,0.625914,0.776384,0.763567,False,False,False,False,0.0,0.0,0.284154,2.403712,2.403712,2.403712,15.553321,14.556293,6.60646,17.774384,22.345712,23.603186,19.148589,15.553321,22.345712,14.934282,22.723928,16.686907,22.280095,16.380709,22.351809,15.679696,23.666349,14.606515,23.591013,14.593991,24.113411,14.866035,24.140554,0.0,1.257474
4,48,7022,14880,0.471909,0.651613,0.592949,0.641811,0.886215,0.689785,0.609647,0.63786,0.932355,0.518548,0.573228,0.695956,0.764739,0.399328,0.515371,0.742006,0.627884,False,False,False,False,0.0,0.0,0.470858,1.485026,1.485026,1.485026,14.607377,13.710101,7.68181,13.923716,24.400191,25.026493,22.788166,14.607377,24.400191,13.93022,24.809934,15.248647,24.05587,14.73602,24.349398,16.06304,23.728649,13.735735,25.014138,14.092471,24.869804,14.881468,24.413158,0.0,0.626302
5,48,7354,13972,0.526338,0.580017,0.907453,0.907453,1.0,0.580232,0.907117,0.907117,1.0,0.497638,0.85492,0.948368,0.896655,0.4212,0.747031,0.961937,0.769785,False,False,True,False,1.0,0.0,0.112421,0.27254,5.954518,0.27254,6.13308,6.461835,0.977335,6.561146,30.311015,32.669038,32.103712,6.705648,32.342005,6.510743,32.618477,6.707597,32.230707,6.549225,32.4619,7.35781,31.443457,6.452135,32.677282,6.575333,32.477551,6.87449,32.047697,5.681978,2.358023
6,48,6381,12987,0.491337,0.527066,0.830842,0.876844,0.940605,0.546008,0.843459,0.869271,0.965993,0.442134,0.764629,0.914838,0.823225,0.361515,0.652148,0.931203,0.685159,False,False,True,False,1.0,0.0,0.140176,1.701786,29.972601,1.701786,35.903984,16.351513,3.410839,15.910672,15.52606,22.300218,21.934041,17.374706,21.801961,16.831949,22.045502,17.833986,21.63074,17.567101,21.781625,18.437914,21.454924,16.369795,22.292107,16.545944,22.266127,17.2579,21.970726,28.270815,6.774158
7,48,10618,21792,0.487243,0.757067,0.627904,0.633956,0.985025,0.758856,0.63005,0.634698,0.98851,0.688372,0.673241,0.687154,0.970804,0.619402,0.709385,0.741443,0.94255,False,False,True,False,1.0,0.0,0.535439,1.285395,9.506056,1.285395,11.287374,4.783167,3.842909,7.407641,20.899391,29.904142,24.810609,5.249262,28.553607,5.045332,28.64693,5.622842,28.807249,5.470867,28.840701,5.742638,30.517927,4.812363,29.886273,4.879418,30.791852,5.178784,31.03965,8.220661,9.004751
8,48,8857,17723,0.499746,0.579642,0.676453,0.751387,0.871514,0.617728,0.704242,0.747534,0.924015,0.48801,0.649642,0.797086,0.778367,0.404108,0.595995,0.835242,0.675398,False,False,True,False,1.0,0.0,0.310963,0.861268,33.302242,0.861268,28.51338,13.691356,8.707384,19.166948,14.275065,23.877064,19.766729,15.052539,22.708605,14.777013,23.021672,15.643446,22.336616,15.215047,22.665305,15.26638,23.161999,13.700313,23.870161,13.444508,24.22439,13.955365,23.954334,32.440974,9.601999
9,48,4972,15221,0.326654,0.526509,0.588696,0.600449,0.96782,0.585638,0.542889,0.548127,0.982703,0.376125,0.565949,0.675284,0.777554,0.257867,0.448315,0.701656,0.553902,False,False,True,False,1.0,0.0,0.39077,3.439132,19.126972,3.439132,17.100765,15.427527,4.771782,9.49229,21.03666,25.788125,27.962343,16.132139,25.484144,14.820395,25.959355,17.996313,24.882789,17.138979,25.170857,19.14776,24.514432,15.507039,25.763292,16.49296,25.438569,17.727407,25.012824,15.68784,4.751465
10,48,11789,20928,0.563312,0.793817,0.709625,0.709625,1.0,0.794104,0.709369,0.709369,1.0,0.730457,0.770599,0.770851,0.999576,0.664325,0.780704,0.810185,0.955467,False,False,False,False,0.0,0.0,0.526316,0.966882,0.966882,0.966882,14.647298,13.733735,7.930408,15.130093,23.819957,24.350902,22.343583,14.647298,23.819957,13.983487,24.200554,15.06458,23.545102,14.582718,23.842901,15.711228,23.271842,13.756128,24.34049,13.989737,24.211914,14.653152,23.835808,0.0,0.530945
11,48,6208,13230,0.469237,0.643764,0.591032,0.642245,0.881121,0.672184,0.618889,0.649162,0.929929,0.528647,0.576546,0.690306,0.777706,0.41489,0.539281,0.746584,0.660116,False,False,False,False,0.0,0.0,0.443606,1.504794,1.504794,1.504794,29.506496,26.987972,16.620764,27.958441,18.757426,19.383949,16.92672,29.506496,18.757426,27.994684,19.104954,30.604059,18.574775,29.580542,18.789678,30.581562,18.651707,27.023195,19.374662,27.128651,19.3828,28.349012,19.127962,0.0,0.626523
12,48,7584,14756,0.51396,0.584576,0.750162,0.805472,0.916139,0.60206,0.771705,0.807407,0.945807,0.509013,0.741664,0.855811,0.847574,0.43833,0.704306,0.897805,0.765691,False,False,False,False,0.0,0.0,0.233268,0.500232,0.500232,0.500232,10.386472,9.771668,5.057864,15.34942,24.074415,24.692829,19.599847,10.386472,24.074415,10.081927,24.266759,10.236858,23.909128,10.043556,23.984647,11.165744,24.137876,9.758175,24.692113,9.86955,24.819772,10.285206,24.619384,0.0,0.618414
13,48,4579,13188,0.34721,0.584698,0.579692,0.584879,0.984931,0.615484,0.556264,0.559074,0.991046,0.463907,0.573551,0.6373,0.851496,0.360934,0.514842,0.666807,0.693164,False,False,True,False,0.999884,0.0,0.415495,3.93743,12.734309,3.93743,15.36398,18.402636,5.97429,10.160006,22.123027,24.430453,25.272656,19.89299,24.006205,18.459707,24.39209,21.827108,23.555768,20.910315,23.772337,20.588848,23.683852,18.49152,24.407256,18.870642,24.285099,19.587975,24.037789,8.796879,2.307426
14,48,5730,13664,0.41935,0.556279,0.753848,0.753848,1.0,0.556279,0.753848,0.753848,1.0,0.47863,0.778003,0.820948,0.936998,0.402444,0.710434,0.848154,0.813962,False,False,True,False,1.0,0.0,0.212629,0.918032,3.348878,0.918032,3.484468,4.169982,0.437106,1.434555,35.535276,34.109394,45.132067,5.204188,32.750018,4.318208,33.981319,6.374404,31.473339,5.874869,32.13997,4.603141,32.053667,4.220477,34.057826,4.220593,33.688506,4.305992,32.970749,2.430846,-1.425882
15,48,8498,17424,0.487718,0.469295,0.729054,0.859851,0.827371,0.66351,0.735058,0.735058,1.0,0.397268,0.653265,0.880237,0.716992,0.328627,0.564969,0.896787,0.60426,False,False,True,False,1.0,0.0,0.342595,0.715102,8.828366,0.715102,7.516357,4.441712,2.066659,7.571232,26.613744,34.479558,29.497161,4.168628,34.842826,4.194242,34.842939,4.020475,34.738313,4.021809,34.77769,7.213619,30.490098,4.447046,34.460689,5.173884,33.35186,6.135679,31.930966,8.113264,7.865814
16,48,10885,19152,0.568348,0.767387,0.727813,0.733211,0.989986,0.77099,0.727805,0.731749,0.99265,0.700292,0.780783,0.794289,0.978686,0.63043,0.764991,0.824168,0.914194,False,False,False,False,0.0,0.0,0.478287,1.286884,1.286884,1.286884,14.247221,14.368826,8.001209,20.326719,21.73876,21.714032,18.609419,14.247221,21.73876,14.301761,21.788962,14.226856,21.56822,13.973419,21.718552,17.955259,19.620303,14.363008,21.710135,15.094503,21.248577,16.305895,20.511031,0.0,-0.024728
17,48,6323,13748,0.459921,0.590631,0.7776,0.778079,0.999209,0.592886,0.774862,0.775242,0.999367,0.504873,0.811032,0.855784,0.939427,0.426098,0.758989,0.897235,0.831251,False,False,True,False,1.0,0.0,0.245791,0.710123,31.474613,0.710123,37.754124,12.512152,3.85908,12.648163,14.237589,24.960729,23.734308,13.619801,24.296193,13.048448,24.627439,13.976805,24.094102,13.826454,24.195019,13.171648,24.565728,12.527597,24.955653,12.374189,25.056652,12.567822,24.921259,30.76449,10.72314
18,48,10695,18000,0.594167,0.771056,0.770589,0.770589,1.0,0.773444,0.768209,0.768209,1.0,0.703056,0.837859,0.841169,0.995325,0.633611,0.79558,0.858571,0.915568,False,False,True,False,1.0,0.0,0.439836,1.284463,58.456036,1.284463,45.738041,17.672993,12.053753,23.855385,11.575915,21.35049,17.272108,17.631012,20.72293,17.64435,20.984791,16.66115,20.932852,16.64432,21.057726,23.662615,19.546804,17.650553,21.35075,18.984665,21.174858,21.079945,20.512033,57.171573,9.774575
19,48,9754,19248,0.506754,0.761014,0.64434,0.652785,0.980316,0.764599,0.648989,0.654413,0.98739,0.690721,0.692664,0.70944,0.966988,0.619025,0.69873,0.748049,0.913779,False,False,True,False,1.0,0.0,0.520645,1.241135,44.986973,1.241135,57.601292,7.5515,5.657152,12.246121,11.580702,27.628427,22.055485,8.409678,26.698963,8.135808,26.99947,8.701866,26.455781,8.480453,26.678231,7.978095,27.23986,7.574875,27.609526,7.390336,27.884113,7.515789,27.747061,43.745838,16.047725
20,48,5065,12555,0.403425,0.520749,0.731533,0.749771,0.967818,0.532139,0.735007,0.744799,0.982428,0.438072,0.740814,0.817455,0.88766,0.359857,0.676522,0.85591,0.763475,False,False,True,False,1.0,0.0,0.217623,1.652025,25.189453,1.652025,21.013689,7.553932,1.954918,6.368345,17.854359,28.90004,27.097567,8.639421,27.700162,8.14518,28.129271,9.124054,27.346264,8.821651,27.601169,6.911155,29.299631,7.592629,28.873992,7.163475,29.37991,6.8897,29.533931,23.537428,11.045681
21,48,8041,15264,0.526795,0.687172,0.709252,0.733054,0.956224,0.694379,0.719399,0.735824,0.969904,0.611177,0.764347,0.806625,0.935829,0.535639,0.746392,0.847725,0.861957,False,False,True,False,1.0,0.0,0.386405,1.050718,15.837925,1.050718,19.348713,3.921652,2.330888,11.087841,18.109066,34.780365,22.035418,4.281143,33.949668,4.275588,33.957693,4.086764,34.055576,4.074203,34.048201,4.014219,34.611858,3.91419,34.784981,3.72748,35.239445,3.752726,35.176156,14.787207,16.671299
22,48,7328,15000,0.488533,0.584933,0.822524,0.828243,0.991676,0.597,0.808619,0.812954,0.99345,0.4954,0.785075,0.873503,0.885781,0.4132,0.708044,0.904647,0.765147,False,False,False,False,0.0,0.0,0.217544,0.676225,0.676225,0.676225,15.548445,14.292986,6.308264,14.937819,22.564927,23.38356,20.580499,15.548445,22.564927,15.362901,22.794628,15.615084,22.430738,15.333152,22.737494,13.803493,23.376387,14.295715,23.382378,13.592295,23.708318,13.329831,23.707632,0.0,0.818633
23,48,8799,18912,0.46526,0.716,0.622957,0.633262,0.974543,0.721552,0.628692,0.634911,0.984657,0.643401,0.675216,0.694527,0.96045,0.570696,0.700547,0.747799,0.917263,False,False,True,False,0.998517,0.0,0.465441,0.953229,15.918488,0.953229,15.446982,7.273895,4.389729,9.941016,20.613883,26.447511,23.42923,7.94954,25.694645,7.471303,26.292281,8.066864,25.558429,7.765125,25.747528,8.085843,25.51434,7.276357,26.440419,7.268932,26.345914,7.52237,26.021151,14.965259,5.833628
24,48,7579,15040,0.503923,0.517819,0.881136,0.924242,0.94973,0.53617,0.868267,0.901538,0.959229,0.442753,0.796593,0.94804,0.832959,0.371609,0.686259,0.958848,0.707085,False,False,False,False,0.0,0.0,0.106286,0.804092,0.804092,0.804092,18.984255,18.565159,3.639012,21.428596,21.030997,21.487198,19.850437,18.984255,21.030997,19.044598,21.080942,18.389145,21.205414,18.420284,21.223794,22.188459,20.182501,18.56296,21.485438,19.106699,21.44402,20.309978,20.970098,0.0,0.456201
25,48,9593,17280,0.55515,0.775752,0.715628,0.715628,1.0,0.779861,0.711858,0.711858,1.0,0.710995,0.775605,0.777877,0.996247,0.644329,0.754444,0.800521,0.929115,False,False,True,False,0.995057,0.0,0.499415,0.814188,27.010059,0.814188,23.60704,15.352166,15.704002,18.835644,16.624417,23.05462,17.890349,15.865701,22.540677,15.415477,22.915027,15.452344,22.741148,15.301643,22.869722,21.860003,19.84736,15.351819,23.054419,16.720804,22.389204,19.067202,21.207733,26.195871,6.430203
26,48,6016,16983,0.354237,0.427781,0.789651,0.806607,0.974069,0.696285,0.508753,0.508753,1.0,0.303833,0.630343,0.837403,0.718251,0.184125,0.398654,0.833387,0.433178,False,False,True,False,1.0,0.0,0.502872,0.79256,8.234886,0.79256,6.768894,3.259752,3.431841,4.539062,22.09156,33.465648,25.45052,3.303468,33.522348,3.11752,33.692095,3.447861,33.396025,3.285904,33.465992,4.690935,31.372147,3.268506,33.448121,3.637356,32.91743,4.123282,32.193035,7.442326,11.374088
27,48,6911,13365,0.517097,0.5896,0.780118,0.822589,0.937925,0.600075,0.796967,0.825686,0.958183,0.512009,0.782992,0.882654,0.873969,0.436064,0.743158,0.931881,0.785849,False,False,True,False,1.0,0.0,0.21599,0.415401,9.393968,0.415401,7.109632,6.294844,2.102779,12.173058,26.950141,31.99186,26.543938,6.08923,32.180209,6.36097,31.856734,5.827425,32.504572,6.02812,32.241588,8.010177,30.070521,6.327642,31.963692,6.660782,31.628013,7.231853,30.949333,8.978567,5.041719
28,48,7603,13311,0.571182,0.64796,0.840327,0.85913,0.974615,0.652618,0.841094,0.856682,0.978824,0.552175,0.799831,0.904082,0.873997,0.462099,0.709633,0.928142,0.750888,False,False,True,False,1.0,0.0,0.216538,0.96064,65.345947,0.96064,65.114738,14.705555,6.187807,19.615503,9.149968,22.390671,18.02312,16.033934,21.163356,16.019773,21.383489,15.9854,21.10793,15.966066,21.200387,15.467754,22.084411,14.707922,22.387199,14.265597,22.932049,14.494717,22.815303,64.385307,13.240703
29,48,6784,17185,0.394763,0.770614,0.4598,0.476327,0.929835,0.80483,0.467991,0.475164,0.96875,0.630724,0.468706,0.518867,0.829009,0.499098,0.453814,0.559053,0.70681,False,False,False,False,0.0,0.0,0.697241,1.94664,1.94664,1.94664,25.909246,24.117924,17.099766,24.105347,21.44302,21.945386,18.72572,25.909246,21.44302,24.190104,21.91547,27.047808,21.118209,25.771816,21.505627,29.124508,20.49097,24.157282,21.935085,24.997593,21.668316,26.712658,21.161132,0.0,0.502366
30,48,10316,19584,0.526757,0.779259,0.67159,0.67335,0.996123,0.779871,0.671828,0.67328,0.996801,0.713899,0.726743,0.731421,0.991276,0.646855,0.731766,0.766656,0.94145,False,False,False,False,0.0,0.0,0.537441,1.209358,1.209358,1.209358,12.186668,11.41602,11.658035,18.326548,24.641577,25.57768,19.497002,12.186668,24.641577,12.120622,24.81223,12.08091,24.618207,11.996348,24.684825,12.955344,24.705323,11.43237,25.56431,11.35495,25.826049,11.816208,25.500708,0.0,0.936103
31,48,5618,13284,0.422915,0.549383,0.697464,0.727186,0.944642,0.583107,0.684184,0.700878,0.966358,0.440455,0.659288,0.778841,0.811143,0.342668,0.58042,0.820518,0.664827,False,False,True,False,0.996348,0.0,0.301591,2.279416,31.639881,2.279416,42.91106,15.017978,5.73963,14.891479,13.642702,24.789799,21.968302,15.533108,24.365733,15.05785,24.618925,16.920197,23.80542,16.611546,23.963763,17.478937,23.895965,15.055002,24.77706,15.55969,24.69677,16.358965,24.388943,29.360465,11.147097
32,48,7116,11875,0.599242,0.629305,0.895168,0.92212,0.968381,0.640253,0.891659,0.912535,0.974986,0.537263,0.811544,0.947649,0.849635,0.449095,0.702078,0.962873,0.721613,False,False,True,False,1.0,0.0,0.139735,0.828956,22.856133,0.828956,18.392168,15.959949,3.536877,15.525342,17.659028,21.882532,21.958189,16.575371,21.000515,16.284288,21.403407,15.575183,21.180518,15.531198,21.373591,18.519299,21.420309,15.924583,21.89035,16.315346,22.067862,17.216928,21.899288,22.027177,4.223504
33,48,9324,16944,0.550283,0.717127,0.767344,0.767344,1.0,0.717953,0.766461,0.766461,1.0,0.658286,0.832647,0.83414,0.997855,0.597085,0.800593,0.854403,0.92707,False,False,True,False,0.997375,0.0,0.335827,1.059886,46.198467,1.059886,53.87273,3.00454,1.379703,2.989275,11.261098,34.047727,35.934116,3.563599,32.433918,3.459209,32.88404,3.357357,32.633078,3.260725,32.894845,2.467753,35.730971,2.97308,34.079114,2.572716,35.117356,2.393822,35.733636,45.138581,22.786629
34,48,10095,21024,0.480166,0.720177,0.661137,0.663364,0.994948,0.724458,0.658763,0.660364,0.996335,0.657249,0.714685,0.721306,0.98732,0.593845,0.714112,0.753464,0.931847,False,False,False,False,0.0,0.0,0.471955,1.09519,1.09519,1.09519,17.052799,17.424072,14.990118,29.010532,20.649908,20.722319,15.596366,17.052799,20.649908,17.368135,20.665447,16.550867,20.835679,16.694633,20.797928,22.117418,18.769902,17.420109,20.719506,18.452765,20.352401,20.04002,19.657014,0.0,0.072411
35,48,10621,19440,0.546348,0.725206,0.753369,0.753369,1.0,0.725926,0.752622,0.752622,1.0,0.667953,0.812083,0.814709,0.996046,0.608488,0.782312,0.833037,0.927785,False,False,False,False,0.0,0.0,0.395283,0.978267,0.978267,0.978267,15.564824,15.980886,10.794044,22.37112,22.737918,22.767324,18.215901,15.564824,22.737918,15.797853,22.694435,15.276371,22.80628,15.439161,22.760703,20.121017,21.237722,15.981954,22.768021,16.843737,22.506107,18.262625,21.9665,0.0,0.029406
36,48,7922,18096,0.437776,0.713804,0.610184,0.611365,0.996844,0.714025,0.610493,0.611485,0.997349,0.649204,0.667373,0.670157,0.993815,0.583554,0.721498,0.733523,0.977783,False,False,False,False,0.0,0.0,0.492727,1.254112,1.254112,1.254112,6.557435,6.231591,3.377826,7.240007,31.864935,32.306389,29.431836,6.557435,31.864935,6.145376,32.346135,7.04822,31.419552,6.705378,31.830246,8.231844,30.231456,6.255996,32.283342,6.686948,31.841038,7.361062,31.116195,0.0,0.441454
37,48,9543,18048,0.528757,0.730441,0.723887,0.723887,1.0,0.730995,0.723338,0.723338,1.0,0.669105,0.789208,0.789665,0.999266,0.606494,0.781497,0.821122,0.941842,False,False,False,False,0.0,0.0,0.42716,0.83786,0.83786,0.83786,12.011527,10.992909,8.661689,13.716651,24.586278,25.438515,21.196469,12.011527,24.586278,11.597261,24.877325,12.249572,24.413867,12.097768,24.48457,12.693877,24.543361,10.9927,25.436844,10.992071,25.571932,11.596108,25.243485,0.0,0.852237
38,48,6984,13284,0.525745,0.707693,0.637354,0.678438,0.91323,0.726363,0.656343,0.683076,0.943729,0.618112,0.645906,0.726221,0.853809,0.534779,0.637188,0.771819,0.78508,False,False,False,False,0.0,0.0,0.483492,0.640688,0.640688,0.640688,21.969835,21.810759,18.417513,24.848797,19.999059,20.234944,16.813915,21.969835,19.999059,21.515846,20.262608,21.219597,20.259686,20.802263,20.488862,26.19602,18.860552,21.815578,20.235375,22.826365,19.961178,24.286798,19.482786,0.0,0.235885
39,48,5779,18506,0.312277,0.369556,0.821042,0.831847,0.984426,0.608505,0.513187,0.513187,1.0,0.274722,0.664317,0.852872,0.750303,0.182643,0.445093,0.834615,0.488147,False,True,True,False,0.849611,0.0,0.844032,0.355779,2.390875,0.355779,1.510008,1.060795,1.933894,1.052374,33.359495,46.365721,33.947279,1.210302,46.142027,1.053123,46.388444,0.986849,46.625062,0.916075,46.825108,1.139297,44.654746,1.061141,46.35178,0.938455,46.241686,0.989502,45.560531,2.035096,13.006226
40,48,9082,18048,0.503214,0.701463,0.717378,0.717378,1.0,0.703624,0.715174,0.715174,1.0,0.637855,0.786433,0.787526,0.998238,0.572141,0.749099,0.804958,0.915217,False,False,True,False,0.906424,0.0,0.36393,2.897056,11.014351,2.897056,11.027784,13.209682,2.095323,3.560045,19.023125,25.335527,29.367891,16.281288,23.706093,15.528077,24.258379,15.427218,23.794252,14.963995,24.078116,7.839646,26.832984,13.134221,25.361533,10.900609,26.291699,8.928723,26.836347,8.117295,6.312402
41,48,9011,17232,0.522922,0.75441,0.687572,0.689846,0.995228,0.758124,0.685887,0.687462,0.996671,0.693071,0.742826,0.747802,0.991122,0.632428,0.738625,0.776106,0.938631,False,False,False,False,0.0,0.0,0.496655,1.097271,1.097271,1.097271,25.865202,24.892057,17.88793,28.582066,20.257479,20.631211,17.199664,25.865202,20.257479,24.988718,20.558263,26.210114,20.109523,25.67547,20.293916,29.621685,19.249038,24.896498,20.629168,25.70462,20.400475,27.339548,19.914692,0.0,0.373732
42,48,8023,19728,0.406681,0.609742,0.629714,0.64411,0.965724,0.614152,0.636785,0.646666,0.976567,0.550841,0.666079,0.694948,0.941294,0.492194,0.698726,0.751184,0.909136,False,False,True,False,1.0,0.0,0.331055,0.484294,4.164915,0.484294,4.499023,2.343222,1.376107,5.211475,26.223877,36.236809,28.550755,2.45731,36.500652,2.469525,36.176782,1.992272,36.732455,1.981221,36.497925,2.712576,35.045626,2.307865,36.229504,2.303502,36.032428,2.43259,35.616355,3.680621,10.012932
43,48,11188,19844,0.563798,0.6987,0.790907,0.797981,0.988917,0.701169,0.794282,0.79862,0.993207,0.626184,0.788127,0.837599,0.930282,0.555785,0.742783,0.858555,0.846353,False,False,True,False,0.999769,0.0,0.323128,1.376194,69.489876,1.376194,70.354431,11.542068,4.980245,14.023329,10.057865,26.21214,23.914143,12.315696,25.612826,12.002234,25.836844,13.118371,25.107974,12.893547,25.276305,13.480127,25.157958,11.577404,26.191221,11.773537,26.181963,12.427362,25.810593,68.113682,16.154275
44,48,11529,19968,0.577374,0.796024,0.725322,0.725322,1.0,0.796124,0.725231,0.725231,1.0,0.744641,0.77394,0.774565,0.998959,0.691256,0.773329,0.800333,0.958192,False,False,True,False,0.999289,0.0,0.510013,1.170636,28.882608,1.170636,28.48579,13.085465,10.483747,25.97554,16.324738,24.230506,16.984498,13.186052,24.053355,12.859109,24.374184,13.817793,23.636933,13.483043,23.884201,18.551537,20.909911,13.096047,24.221633,14.382688,23.399858,16.24301,22.210398,27.711972,7.905768
45,48,4325,13890,0.311375,0.376242,0.811303,0.818599,0.989133,0.628582,0.495361,0.495361,1.0,0.277826,0.652332,0.837264,0.747052,0.182289,0.429137,0.813191,0.476069,False,False,True,False,1.0,0.0,0.418296,2.212441,13.944625,2.212441,14.335183,8.378805,1.373933,3.082235,23.427828,29.195298,37.393396,8.869441,28.847458,7.927167,29.421833,10.248632,28.13472,9.599769,28.508317,10.186127,28.040169,8.4363,29.165863,8.94605,28.841525,9.52131,28.461293,11.732184,5.76747
46,48,9812,20256,0.4844,0.740423,0.654221,0.654221,1.0,0.740818,0.653872,0.653872,1.0,0.676985,0.71465,0.715015,0.999287,0.612016,0.738474,0.760991,0.961476,False,False,False,False,0.0,0.0,0.496553,1.283576,1.283576,1.283576,14.053574,14.60246,11.626963,25.966368,24.084364,24.15951,18.147913,14.053574,24.084364,13.893158,24.261751,13.975506,24.184786,13.939734,24.218035,20.789476,21.5399,14.602052,24.160064,16.186949,23.555762,18.293722,22.621521,0.0,0.075146
47,48,9075,16704,0.543283,0.760836,0.713656,0.713825,0.999669,0.761614,0.712927,0.713095,0.999669,0.694624,0.777529,0.77954,0.996694,0.626497,0.780735,0.818634,0.944022,False,False,True,False,0.999214,0.0,0.475423,1.168393,45.235943,1.168393,48.888668,12.115592,8.574693,13.834747,12.75152,23.327311,19.80262,13.594454,21.955194,13.344316,22.230955,13.86314,21.905809,13.673021,22.100191,10.776198,24.776749,12.138953,23.315769,11.273976,24.227916,10.764591,24.770354,44.06755,10.575791
48,48,5121,14190,0.360888,0.482946,0.679618,0.70699,0.946104,0.719239,0.501764,0.501764,1.0,0.378788,0.615515,0.744,0.780902,0.281818,0.491415,0.751438,0.586799,False,False,True,False,1.0,0.0,0.553644,1.64851,29.300989,1.64851,41.744648,11.525743,5.5768,11.332162,12.338585,25.382817,24.503998,12.421923,24.508973,12.148864,24.686516,13.313545,24.127966,12.979431,24.316582,11.23127,26.058115,11.560633,25.366949,11.229903,25.870054,11.12068,26.115947,27.652479,13.044232
49,48,7974,15792,0.504939,0.724861,0.681472,0.687604,0.987083,0.72695,0.684329,0.688502,0.991221,0.656408,0.741856,0.753521,0.979559,0.586816,0.74858,0.796482,0.925633,False,False,True,False,0.999488,0.0,0.451522,0.933444,31.114351,0.933444,39.577335,7.283923,3.826597,8.752236,13.691608,29.737048,25.933602,7.879943,28.642351,7.718084,28.910299,8.237647,28.339421,8.04151,28.527689,7.984073,29.508061,7.30449,29.718371,7.212817,30.147219,7.426093,30.069588,30.180907,16.04544
50,48,7788,15159,0.513754,0.470216,0.704881,0.86518,0.791859,0.738571,0.695606,0.695606,1.0,0.372518,0.619846,0.910395,0.660118,0.284847,0.505347,0.941176,0.521828,False,False,False,False,0.0,0.0,0.462352,0.591643,0.591643,0.591643,28.497089,27.585688,13.362456,29.687853,19.784912,20.114433,18.048638,28.497089,19.784912,27.695171,20.045167,28.653099,19.698198,28.095318,19.887078,32.792458,18.677916,27.582991,20.114562,28.497902,19.872022,30.29524,19.366316,0.0,0.329521
51,48,7184,13775,0.521525,0.545844,0.935879,0.945338,0.989421,0.545989,0.936142,0.945353,0.989699,0.471942,0.842353,0.962467,0.870963,0.399274,0.726184,0.970182,0.742762,False,False,True,False,1.0,0.0,0.061751,0.652354,4.633591,0.652354,3.672559,2.057628,0.70657,2.207545,34.197009,41.933483,41.408785,2.454157,40.561292,2.279974,41.202702,2.134001,41.449054,2.082916,41.616382,2.204761,41.330626,2.042409,41.98127,1.942836,42.293379,1.994107,42.057298,3.981237,7.736474
52,48,6288,13311,0.472391,0.630231,0.48854,0.574204,0.766062,0.697468,0.545148,0.591771,0.873728,0.456915,0.444081,0.625452,0.604962,0.326422,0.385768,0.681243,0.470738,False,False,True,False,0.998434,0.0,0.537804,1.147895,68.245857,1.147895,76.113441,32.948208,20.534292,31.72551,9.273115,18.81715,16.618358,34.603741,18.334074,33.321938,18.658307,34.908928,18.297642,33.92939,18.55818,36.644772,17.946185,32.967239,18.813573,33.394615,18.732567,34.674408,18.428597,67.097962,9.544035
53,48,5999,14094,0.425642,0.573223,0.61965,0.666667,0.897816,0.613594,0.625638,0.651827,0.939657,0.447283,0.607185,0.73731,0.774796,0.33979,0.544895,0.794529,0.634272,False,False,False,False,0.0,0.0,0.371958,2.322998,2.322998,2.322998,29.769129,28.12491,12.659337,28.095072,19.476345,19.876178,17.639338,29.769129,19.476345,28.34289,19.872375,30.558205,19.293775,29.704729,19.50554,33.76524,18.232066,28.156193,19.86794,29.07029,19.546691,30.984997,18.97168,0.0,0.399833
54,48,5026,15774,0.318626,0.43876,0.71406,0.719116,0.990251,0.695955,0.457825,0.457825,1.0,0.330354,0.612888,0.746498,0.773975,0.230126,0.453324,0.743802,0.537207,False,False,False,False,0.0,0.0,0.549311,3.200813,3.200813,3.200813,13.415042,12.548283,3.627031,6.842685,26.851384,27.192317,28.787147,13.415042,26.851384,12.208914,27.278616,15.316222,26.272663,14.491909,26.552948,14.68842,26.202471,12.635894,27.166056,13.188885,26.935166,13.851307,26.605817,0.0,0.340933
55,48,6321,12690,0.498109,0.50591,0.757622,0.855452,0.86885,0.540268,0.768962,0.835473,0.906186,0.418519,0.687509,0.892299,0.749723,0.337904,0.587936,0.916045,0.621421,False,False,True,False,1.0,0.0,0.177108,1.489768,54.961845,1.489768,50.713863,18.818541,7.179254,26.86268,11.106652,19.818926,16.593188,19.852819,18.956224,19.727575,19.187178,20.089121,18.932209,20.089067,19.007015,20.439171,19.516216,18.825661,19.814407,18.725466,20.109957,19.245741,20.000881,53.472077,8.712274
56,48,7346,14384,0.510706,0.542269,0.918186,0.929487,0.986932,0.553462,0.90504,0.913453,0.989926,0.464613,0.829313,0.951668,0.865777,0.389878,0.714399,0.962553,0.734822,False,False,False,False,0.0,0.0,0.097897,0.803874,0.803874,0.803874,16.830475,16.935066,2.746614,19.433252,22.036506,22.189082,20.949842,16.830475,22.036506,17.151556,22.009134,17.090662,21.807647,17.359743,21.774515,19.451448,21.448256,16.946047,22.179384,17.389328,22.13462,18.260731,21.878484,0.0,0.152576
57,48,7697,15221,0.505683,0.42599,0.713302,0.910549,0.767052,0.67558,0.748517,0.748517,1.0,0.337297,0.601473,0.938644,0.626088,0.253071,0.469338,0.957684,0.479278,False,False,True,False,0.999203,0.0,0.342371,0.762272,8.879674,0.762272,8.511368,4.784851,2.397085,6.256594,27.284313,32.777485,29.991003,4.677494,32.812368,4.712918,32.860698,4.340826,33.004659,4.408428,32.977687,6.692564,30.705623,4.784245,32.775634,5.233901,32.323497,5.889178,31.591498,8.117402,5.493172
58,48,5880,18278,0.321698,0.501587,0.627339,0.632744,0.986565,0.503283,0.629634,0.63333,0.990816,0.437685,0.689592,0.708125,0.963435,0.376135,0.683828,0.753455,0.880952,False,False,True,False,1.0,0.0,0.264801,2.648169,9.328897,2.648169,12.190363,11.205215,1.240335,4.903572,24.460794,28.13806,30.309067,11.998413,27.648512,10.610488,28.346489,13.93441,26.904829,12.909524,27.367711,14.203402,26.607357,11.286282,28.108302,12.162528,27.711981,13.127041,27.200044,6.680728,3.677266
59,48,11864,20304,0.584318,0.727197,0.803522,0.803522,1.0,0.727985,0.802652,0.802652,1.0,0.658392,0.882423,0.8848,0.996966,0.588061,0.8427,0.911725,0.917566,False,False,True,False,1.0,0.0,0.344431,0.949368,18.872787,0.949368,19.037733,10.559873,4.088744,14.765874,18.658663,25.773171,22.870292,10.86511,25.379509,10.777871,25.616333,10.622892,25.378754,10.635705,25.49389,12.945999,24.326162,10.553523,25.775966,10.902309,25.575327,11.740194,25.059175,17.923419,7.114508
60,48,9253,19120,0.483944,0.536245,0.902468,0.902468,1.0,0.537605,0.900185,0.900185,1.0,0.471444,0.829261,0.918682,0.894953,0.409623,0.733286,0.92288,0.781152,False,False,True,False,1.0,0.0,0.103983,0.727239,11.203608,0.727239,7.085269,7.272344,1.983615,7.998811,25.362037,31.145088,28.874303,7.46475,30.964983,7.236248,31.19561,7.575813,30.857053,7.344213,31.063348,9.296913,29.11362,7.265716,31.150642,7.66519,30.717204,8.366332,29.994817,10.476369,5.783051
61,48,9713,18576,0.522879,0.770618,0.648803,0.660496,0.973438,0.776809,0.654083,0.661608,0.98291,0.718023,0.673394,0.695457,0.955009,0.664567,0.676522,0.721021,0.916401,False,False,True,False,0.988491,0.0,0.543834,1.146075,39.987816,1.146075,43.583858,17.769243,18.47892,30.370638,11.748875,21.210152,15.398627,18.163973,20.657866,18.066372,20.765414,18.6957,20.562062,18.582586,20.617352,20.967363,20.255652,17.788771,21.205917,18.288273,21.260345,19.358282,20.91522,38.841741,9.461277
62,48,10173,19316,0.526662,0.689894,0.742344,0.751313,0.984174,0.694295,0.741288,0.748639,0.986926,0.620781,0.745197,0.789259,0.930306,0.55555,0.713021,0.810828,0.855303,False,False,False,False,0.0,0.0,0.368369,1.490721,1.490721,1.490721,23.497984,23.235918,14.695432,40.925228,19.255117,19.522679,14.447911,23.497984,19.255117,22.923523,19.490313,23.643829,19.229314,23.319473,19.365205,31.311478,17.52607,23.23546,19.521122,25.0655,19.132916,27.842491,18.422969,0.0,0.267562
63,48,6532,13068,0.499847,0.545378,0.901044,0.908377,0.991121,0.562443,0.882305,0.885306,0.996173,0.454622,0.795968,0.930483,0.846295,0.368304,0.665932,0.94224,0.694274,False,False,True,False,1.0,0.0,0.128366,0.783252,27.550949,0.783252,22.163553,8.028067,2.475928,9.487497,15.670568,26.540788,25.084646,8.811237,24.997049,8.761584,25.322947,8.133854,25.458645,8.253827,25.527125,8.351653,27.450796,8.03613,26.524193,7.776281,27.450271,7.842366,27.811091,26.767697,10.87022
64,48,10127,19008,0.532776,0.751368,0.709074,0.709074,1.0,0.756366,0.704389,0.704389,1.0,0.679451,0.782747,0.783353,0.999013,0.607428,0.781879,0.823662,0.939074,False,False,False,False,0.0,0.0,0.476973,0.785685,0.785685,0.785685,17.587801,16.431158,10.119281,22.377966,22.700433,23.641657,19.579901,17.587801,22.700433,17.016886,23.131354,17.236694,22.888842,16.912445,23.108321,21.685362,21.332343,16.408907,23.650279,17.191172,23.42214,19.074883,22.548221,0.0,0.941224
65,48,8031,18798,0.427226,0.546973,0.763748,0.771251,0.987424,0.56006,0.752668,0.757029,0.992404,0.477551,0.749434,0.81163,0.907234,0.414193,0.701668,0.837657,0.812103,False,False,False,False,0.0,0.0,0.236649,1.132349,1.132349,1.132349,14.828706,14.751297,6.789697,18.758684,23.752706,23.818505,20.3073,14.828706,23.752706,14.513843,23.968872,15.032084,23.619434,14.932677,23.690883,18.996098,21.483703,14.76433,23.807907,15.700245,23.253684,17.140747,22.433388,0.0,0.065799
66,48,7559,14529,0.52027,0.632872,0.780446,0.798695,0.971557,0.636107,0.784682,0.799286,0.977246,0.547181,0.792326,0.86239,0.906998,0.467066,0.736893,0.896846,0.805133,False,False,True,False,0.981205,0.0,0.257102,1.145576,61.537304,1.145576,87.42276,11.255104,2.725825,15.247784,6.894095,24.68028,21.39968,11.399611,23.89179,11.281916,24.063688,11.922212,23.822137,11.807205,23.930006,13.229793,24.56911,11.280769,24.669663,11.686819,24.989559,12.347401,24.952259,60.391728,17.786185
67,48,6743,12690,0.531363,0.560678,0.920188,0.93338,0.984873,0.570055,0.923088,0.927426,0.994958,0.477778,0.814909,0.948375,0.852736,0.395351,0.690141,0.957146,0.712146,False,False,True,False,1.0,0.0,0.087944,0.775741,7.606244,0.775741,5.298927,4.964457,1.159576,6.422364,27.129383,32.928449,29.725024,4.85328,33.050371,4.849918,32.93293,4.743339,33.292296,4.760839,33.197584,6.219141,31.236199,4.970191,32.91502,5.280884,32.578957,5.707153,31.990046,6.830503,5.799066
68,48,9358,16944,0.55229,0.684549,0.768971,0.785413,0.973499,0.690038,0.775772,0.786521,0.982689,0.597498,0.846285,0.882062,0.954264,0.511272,0.782493,0.913194,0.845373,False,False,False,False,0.0,0.0,0.32705,1.111126,1.111126,1.111126,7.851785,7.602622,2.803981,12.735556,26.815412,27.07883,22.916936,7.851785,26.815412,7.954014,26.75459,7.799245,26.815495,7.92306,26.686395,8.556529,26.100828,7.605934,27.063305,7.589798,27.047223,7.924841,26.702904,0.0,0.263418
69,48,9846,17568,0.560451,0.70025,0.782105,0.790115,0.987203,0.705658,0.781293,0.786965,0.990859,0.642475,0.834143,0.851511,0.976132,0.584358,0.811239,0.87746,0.914889,False,False,False,False,0.0,0.0,0.34201,0.955754,0.955754,0.955754,22.278658,21.390446,8.72464,24.535852,20.886924,21.305422,19.215314,22.278658,20.886924,21.695545,21.175793,22.502539,20.781178,22.057655,20.984948,25.127666,19.89566,21.398571,21.302077,21.943768,21.094071,23.233089,20.59719,0.0,0.418498
70,48,6222,14756,0.421659,0.529751,0.715001,0.748753,0.940694,0.548997,0.709189,0.733613,0.955159,0.44775,0.703492,0.801877,0.851495,0.371713,0.635056,0.828988,0.730794,False,False,False,False,0.0,0.0,0.252754,1.843176,1.843176,1.843176,25.696669,25.258438,10.853136,36.582718,20.29029,20.666328,16.541818,25.696669,20.29029,25.248581,20.484316,25.131416,20.414869,25.100288,20.446013,34.998447,18.085452,25.283081,20.657444,27.720133,20.186768,31.088879,19.246315,0.0,0.376038
71,48,7210,14529,0.496249,0.631496,0.780204,0.78267,0.995978,0.633354,0.7785,0.7807,0.996394,0.543878,0.81373,0.858011,0.940361,0.464588,0.756859,0.890963,0.834119,False,False,True,False,1.0,0.0,0.273398,1.491871,40.571617,1.491871,47.186546,11.132224,3.85968,11.544013,12.0471,24.511911,22.20567,12.677762,23.62379,12.29325,23.832799,12.991262,23.58274,12.692279,23.748473,11.810541,23.206364,11.16491,24.504168,10.749145,24.617395,10.931947,24.127953,39.079746,12.464811
72,48,6201,13688,0.453025,0.728741,0.544101,0.571429,0.919207,0.753507,0.558313,0.573686,0.954201,0.592928,0.559586,0.632947,0.828415,0.474795,0.541823,0.686721,0.719723,False,False,False,False,0.0,0.0,0.586617,1.897912,1.897912,1.897912,20.155781,17.420578,9.145496,13.073751,23.08833,24.22796,24.231067,20.155781,23.08833,18.618448,23.691326,21.532173,22.589161,20.537601,22.953044,18.69021,23.674102,17.478094,24.205995,17.03693,24.391087,17.465139,24.195261,0.0,1.13963
73,48,11236,19008,0.59112,0.794823,0.73088,0.736299,0.990032,0.796717,0.732108,0.736265,0.992346,0.74153,0.770408,0.78205,0.981043,0.686395,0.748488,0.796735,0.925151,False,False,False,False,0.0,0.0,0.513767,0.976926,0.976926,0.976926,22.69405,21.934763,19.469378,29.889374,19.580306,20.036991,15.471605,22.69405,19.580306,22.292215,19.799371,22.905363,19.482942,22.60947,19.604627,25.927109,18.53338,21.931559,20.034549,22.490389,19.859474,23.859024,19.319565,0.0,0.456685
74,48,12392,23376,0.530116,0.799538,0.650664,0.655538,0.988702,0.802148,0.651886,0.655432,0.991769,0.740289,0.687713,0.699278,0.976517,0.679201,0.688205,0.72583,0.929955,False,False,False,False,0.0,0.0,0.586125,1.263656,1.263656,1.263656,20.356709,20.207527,18.0464,29.401226,20.230557,20.54951,16.061755,20.356709,20.230557,20.597752,20.264323,20.129787,20.23814,20.170702,20.268025,23.432215,19.415123,20.2061,20.544102,20.636324,20.475375,21.701473,20.070749,0.0,0.318953
75,48,7942,20076,0.395597,0.541542,0.729228,0.729765,0.998993,0.552202,0.716244,0.716309,0.999874,0.462144,0.731523,0.784113,0.916016,0.394999,0.685462,0.813997,0.812768,False,False,False,False,0.0,0.0,0.258777,1.149799,1.149799,1.149799,10.604382,11.702048,4.655239,18.673969,26.221197,26.087102,20.699749,10.604382,26.221197,10.701922,26.2678,10.777512,25.982087,10.872072,25.937927,18.873919,22.866548,11.700706,26.085423,13.626416,25.27981,16.059557,24.12565,0.0,-0.134095
76,48,7124,13944,0.510901,0.60743,0.838048,0.839433,0.998035,0.610083,0.834624,0.8359,0.998175,0.525531,0.81421,0.885098,0.910444,0.447719,0.735073,0.907096,0.794919,False,False,True,False,1.0,0.0,0.202933,0.639932,55.143108,0.639932,54.944836,9.054605,6.065054,12.01764,10.619065,26.673216,21.047895,10.11384,25.255092,9.549458,25.893586,10.150384,25.268017,9.829496,25.63458,9.992514,26.228861,9.062278,26.66791,8.949045,27.030808,9.222441,26.871072,54.503176,16.054151
77,48,7447,15128,0.492266,0.494778,0.706709,0.826052,0.830267,0.707166,0.696111,0.696111,1.0,0.409704,0.646952,0.864795,0.719753,0.330249,0.565748,0.89992,0.603733,False,False,False,False,0.0,0.0,0.42208,0.583561,0.583561,0.583561,10.83546,11.128597,4.902791,18.595364,26.316045,26.410948,21.506559,10.83546,26.316045,11.104561,26.242267,10.438834,26.522436,10.670695,26.382691,14.700237,24.560096,11.134014,26.403227,11.83537,26.110593,13.077481,25.45008,0.0,0.094903
78,48,9869,17136,0.575922,0.748366,0.769573,0.769573,1.0,0.748541,0.769393,0.769393,1.0,0.68254,0.84332,0.843536,0.999696,0.614379,0.829163,0.878229,0.936873,False,False,True,False,1.0,0.0,0.406495,0.957341,11.541627,0.957341,11.547607,11.251698,4.643136,12.389739,24.856009,27.324396,25.75942,11.787179,26.901445,11.42652,27.198581,11.673084,26.962685,11.407472,27.189525,12.844935,26.196227,11.245584,27.328865,11.438173,27.180942,11.991657,26.780626,10.584286,2.468387
79,48,8367,15024,0.556909,0.792532,0.702696,0.702696,1.0,0.792599,0.702637,0.702637,1.0,0.726305,0.766609,0.766679,0.99988,0.657881,0.775562,0.806556,0.952791,False,False,True,False,1.0,0.0,0.53087,1.374894,11.764709,1.374894,11.431815,9.787658,5.473787,10.617306,24.076524,27.537222,25.900832,10.416159,27.085753,9.84638,27.49947,11.095216,26.596686,10.647105,26.898767,11.704832,26.193084,9.809131,27.520807,10.156129,27.279289,10.808971,26.814874,10.389815,3.460698
80,48,10620,18912,0.561548,0.722187,0.777566,0.777566,1.0,0.722187,0.777566,0.777566,1.0,0.667037,0.840542,0.841141,0.999153,0.611411,0.833003,0.871833,0.949247,False,False,False,False,0.0,0.0,0.363603,0.767286,0.767286,0.767286,11.705963,10.763496,4.402516,12.154834,26.666202,27.402441,25.4113,11.705963,26.666202,11.210263,27.061585,11.979316,26.425933,11.584526,26.745695,12.274294,26.411472,10.771751,27.396084,10.793848,27.385315,11.309291,27.033988,0.0,0.736239
81,48,4918,12175,0.403943,0.476386,0.795009,0.818448,0.96523,0.694374,0.581736,0.581736,1.0,0.385708,0.681063,0.829429,0.791989,0.300041,0.536848,0.8196,0.608784,False,False,True,False,1.0,0.0,0.481053,2.191953,10.645997,2.191953,10.964755,7.177037,2.542097,5.585536,22.808262,30.048447,29.815393,7.853395,29.256757,7.001966,29.951048,9.033821,28.764502,8.55673,29.119706,9.283245,28.797155,7.243866,30.016608,7.756134,29.81363,8.446658,29.388941,8.454044,7.240185
82,48,6972,15221,0.458051,0.527035,0.644079,0.732236,0.842513,0.574732,0.675549,0.724508,0.909065,0.407529,0.608473,0.803482,0.714859,0.309572,0.524133,0.852716,0.576305,False,False,False,False,0.0,0.0,0.292035,1.160019,1.160019,1.160019,29.15151,27.987904,10.562897,28.468302,19.47717,19.966582,18.16155,29.15151,19.47717,28.143526,19.83027,30.208645,19.17103,29.304695,19.466434,34.31641,18.348959,28.017069,19.958956,29.178381,19.707215,31.328026,19.134399,0.0,0.489412
83,48,5122,15252,0.335825,0.482691,0.634245,0.658109,0.94592,0.728626,0.460902,0.460902,1.0,0.373328,0.584298,0.700562,0.778797,0.274653,0.482171,0.723084,0.591371,False,False,True,False,0.999309,0.0,0.580355,2.231096,32.498718,2.231096,31.30971,13.083692,6.367424,14.031693,16.885929,26.495041,22.369239,14.477873,25.699498,13.389887,26.202909,16.037355,25.151726,15.232006,25.524337,15.121567,25.859515,13.16107,26.470949,13.446115,26.501456,14.116231,26.286559,30.267622,9.609112
84,48,6205,13311,0.466156,0.664789,0.622898,0.652955,0.931185,0.687326,0.62769,0.647175,0.95423,0.536398,0.628233,0.721148,0.829815,0.431448,0.590098,0.77207,0.714585,False,False,False,False,0.0,0.0,0.453842,1.793555,1.793555,1.793555,26.646467,25.026484,12.174875,23.558636,20.544094,21.090611,19.400975,26.646467,20.544094,25.225571,20.987245,27.843351,20.210208,26.805319,20.519449,29.124792,19.823638,25.0693,21.07973,25.721193,20.887219,27.079506,20.445991,0.0,0.546517
85,48,6082,15097,0.402861,0.42366,0.726581,0.820982,0.863367,0.659999,0.610397,0.610397,1.0,0.331192,0.612631,0.842,0.692207,0.244883,0.463265,0.837436,0.509043,False,False,False,False,0.0,0.0,0.418968,1.171233,1.171233,1.171233,14.434945,14.370821,4.726678,21.898499,23.45704,24.274918,20.081528,14.434945,23.45704,13.921627,23.871069,15.18574,23.15907,14.752933,23.458863,21.078867,22.113913,14.385509,24.273903,15.99989,24.025377,18.285816,23.224307,0.0,0.817878
86,48,10315,17760,0.5808,0.748705,0.775739,0.775739,1.0,0.74893,0.775506,0.775506,1.0,0.682151,0.844269,0.847544,0.995444,0.614077,0.804507,0.867504,0.917208,False,False,True,False,0.999328,0.0,0.345601,0.96163,13.371659,0.96163,15.686541,9.509937,3.00403,9.53511,22.468865,26.678074,26.258536,10.35408,25.527073,10.017774,26.001578,9.868896,25.840833,9.601357,26.196284,10.028857,26.25875,9.505025,26.691716,9.361609,26.999753,9.48696,26.841131,12.410029,4.209209
87,48,10223,19632,0.520731,0.74567,0.694174,0.695881,0.996479,0.746231,0.694577,0.695904,0.997261,0.686125,0.748045,0.75271,0.991783,0.62393,0.755625,0.789615,0.946102,False,False,False,False,0.0,0.0,0.4687,0.875509,0.875509,0.875509,15.405719,15.249991,13.272151,27.777853,21.599608,22.302498,16.002676,15.405719,21.599608,15.586129,21.700665,15.481137,21.558808,15.448107,21.664952,17.986502,21.854187,15.275718,22.292505,15.72989,22.537615,16.675274,22.377241,0.0,0.70289
88,48,7294,14400,0.506528,0.554028,0.914264,0.914264,1.0,0.568333,0.891251,0.891251,1.0,0.472361,0.831363,0.940753,0.877296,0.395069,0.71642,0.95254,0.742939,False,False,True,False,0.994371,0.0,0.123698,0.503659,21.570269,0.503659,21.523397,5.782332,2.844544,8.591308,16.920593,29.145205,24.23798,5.813637,28.485271,5.712001,28.754769,5.747692,28.338948,5.661411,28.542763,8.425693,26.814418,5.77822,29.146871,6.415547,28.844505,7.313225,27.974592,21.06661,12.224612
89,48,6828,14570,0.468634,0.51304,0.867964,0.889097,0.973345,0.529513,0.854501,0.868568,0.9814,0.439053,0.806447,0.922933,0.864675,0.366507,0.698018,0.936704,0.732572,False,False,True,False,1.0,0.0,0.130199,1.273099,58.582321,1.273099,49.304531,18.008202,3.671446,19.466558,10.632351,22.2043,20.822134,18.426529,21.951499,18.115602,22.151891,18.609646,21.865092,18.312244,22.043031,22.784416,20.158999,18.022116,22.201636,18.901728,21.810863,20.524652,21.080636,57.309222,11.571949
90,48,6953,13776,0.504718,0.553354,0.912108,0.912108,1.0,0.553354,0.912108,0.912108,1.0,0.474811,0.840677,0.942211,0.88638,0.397793,0.721784,0.951095,0.749604,False,False,True,False,1.0,0.0,0.097611,0.457961,4.497728,0.457961,4.959634,1.547917,0.472226,1.68498,32.826099,44.073751,43.468158,1.795724,42.997412,1.64586,43.634427,1.432379,44.428307,1.362002,44.74282,1.750228,43.230998,1.527446,44.15885,1.50036,44.276862,1.583777,43.914841,4.039767,11.247652
91,48,5736,14007,0.40951,0.502392,0.701025,0.748046,0.917713,0.526094,0.698859,0.731578,0.939854,0.422217,0.694299,0.807237,0.832287,0.347469,0.632738,0.844257,0.716353,False,False,False,False,0.0,0.0,0.239149,1.699029,1.699029,1.699029,23.07851,22.285042,8.215774,27.603615,20.313475,20.741271,17.724548,23.07851,20.313475,22.78446,20.474929,23.113493,20.349957,22.927999,20.435508,25.236286,20.158338,22.312704,20.73316,22.634647,20.765532,23.655624,20.564,0.0,0.427796
92,48,9465,18816,0.503029,0.715349,0.703195,0.703195,1.0,0.715349,0.703195,0.703195,1.0,0.65237,0.771079,0.771079,1.0,0.588276,0.768495,0.806125,0.942736,False,False,True,False,1.0,0.0,0.410651,1.289274,7.989484,1.289274,8.057581,7.653671,3.152069,6.056101,27.031343,29.223281,28.396107,9.17253,27.610507,8.426976,28.374949,9.772038,27.116741,9.152246,27.687939,7.099419,29.118563,7.684346,29.19804,7.166755,29.662122,6.920761,29.630977,6.70021,2.191938
93,48,6485,13365,0.485223,0.503704,0.884912,0.921717,0.956823,0.516872,0.884745,0.910104,0.969468,0.423195,0.801068,0.954738,0.832691,0.344931,0.674464,0.969414,0.689129,False,False,True,False,1.0,0.0,0.089826,1.161337,62.038132,1.161337,61.791058,9.503624,1.625533,9.692059,11.172196,27.155893,26.236357,10.530661,26.168489,10.133333,26.590528,10.45356,26.122038,10.248573,26.339371,9.735081,26.838381,9.51781,27.145115,9.254279,27.394271,9.303367,27.284506,60.876795,15.983697
94,48,6920,15520,0.445876,0.61759,0.625468,0.662598,0.917775,0.642848,0.63067,0.655007,0.944364,0.528544,0.630688,0.713032,0.845231,0.446972,0.605492,0.753352,0.755202,False,False,False,False,0.0,0.0,0.4,1.534729,1.534729,1.534729,29.897833,27.769941,16.069729,29.652504,19.026055,19.750577,17.119617,29.897833,19.026055,28.801735,19.382685,29.979624,19.042048,29.310549,19.253645,30.05872,19.1146,27.803854,19.741642,27.658911,19.816734,28.392052,19.593088,0.0,0.724522
95,48,12309,20736,0.593605,0.819637,0.724229,0.724229,1.0,0.819734,0.724144,0.724144,1.0,0.766686,0.769795,0.771732,0.99675,0.712432,0.752653,0.787247,0.944837,False,False,False,False,0.0,0.0,0.55607,0.851074,0.851074,0.851074,23.955317,24.64752,24.092916,34.258728,19.796308,19.736475,15.153485,23.955317,19.796308,24.337801,19.792613,24.220219,19.62271,24.361145,19.640074,30.038778,18.038344,24.673084,19.726545,25.857096,19.364408,27.680639,18.774141,0.0,-0.059833
96,48,10175,18624,0.546338,0.778028,0.700331,0.701104,0.998428,0.7798,0.699209,0.699787,0.998821,0.712253,0.761082,0.763664,0.995577,0.644223,0.758506,0.797133,0.939951,False,False,False,False,0.0,0.0,0.516037,1.184361,1.184361,1.184361,20.069485,19.643768,13.155876,27.682489,21.516971,21.818118,18.059145,20.069485,21.516971,20.173431,21.583237,20.09543,21.368645,20.041868,21.45306,22.600098,20.743188,19.653595,21.811471,19.943029,21.728259,20.947681,21.349236,0.0,0.301147
97,48,8665,16080,0.538868,0.748507,0.712383,0.71552,0.993883,0.752674,0.711413,0.713294,0.996307,0.688993,0.759244,0.769113,0.983381,0.627301,0.738711,0.789828,0.919446,False,False,False,False,0.0,0.0,0.467835,0.99002,0.99002,0.99002,20.953915,20.848164,17.13702,25.962261,18.907734,19.495259,15.975246,20.953915,18.907734,21.152029,19.007026,20.796076,18.856765,20.743719,18.958334,24.78896,18.698108,20.85778,19.48943,21.537796,19.60236,22.872553,19.314739,0.0,0.587525
98,48,7600,17280,0.439815,0.717708,0.606974,0.609176,0.994079,0.718461,0.607889,0.609505,0.995658,0.646412,0.668296,0.673142,0.989342,0.573727,0.734918,0.748336,0.976184,False,False,True,False,0.992562,0.0,0.46374,0.921074,14.043561,0.921074,13.563684,3.413465,3.387431,7.007851,22.265924,36.115932,26.71747,3.451535,35.973654,3.243289,36.427264,4.131447,34.966097,3.902895,35.353474,5.348333,32.564787,3.432763,36.101385,3.930965,35.14064,4.594649,33.879834,13.122487,13.850008
99,48,6704,14036,0.477629,0.58293,0.700868,0.749694,0.914976,0.610288,0.710924,0.740719,0.94645,0.486748,0.685889,0.80606,0.82145,0.397834,0.64344,0.861569,0.717631,False,False,True,False,0.9985,0.0,0.301146,0.97445,43.435577,0.97445,41.370972,16.291965,6.212903,19.84124,13.495725,23.045229,20.490205,15.730708,22.974233,15.725488,23.056703,15.616945,23.02989,15.652396,23.030752,21.403242,21.546293,16.308622,23.042087,17.633303,22.745889,19.387829,22.224599,42.461127,9.549504
100,48,8104,16592,0.488428,0.525253,0.929891,0.929891,1.0,0.541948,0.901246,0.901246,1.0,0.45528,0.830275,0.940297,0.876481,0.387838,0.712889,0.940326,0.746668,False,False,False,False,0.0,0.0,0.1045,1.010132,1.010132,1.010132,7.827657,7.757733,1.869345,8.754319,30.576754,30.658478,28.730059,7.827657,30.576754,7.654656,30.794517,8.024144,30.386902,7.855709,30.568701,9.693772,28.341195,7.760242,30.655839,8.178842,30.115458,8.839832,29.298914,0.0,0.081724
101,48,5483,14820,0.369973,0.510931,0.68343,0.699947,0.966624,0.523887,0.683441,0.692684,0.98085,0.432254,0.71114,0.771308,0.901149,0.35641,0.667183,0.8156,0.785701,False,False,False,False,0.0,0.0,0.255114,2.048017,2.048017,2.048017,15.143596,14.002493,2.913748,11.798285,25.4171,26.149843,25.708947,15.143596,25.4171,14.241595,25.852326,16.484892,24.889898,15.836039,25.193072,15.766187,25.3533,14.061219,26.129335,14.259408,26.130242,14.827831,25.856145,0.0,0.732743
102,48,10288,18336,0.561082,0.745801,0.752322,0.752322,1.0,0.745801,0.752322,0.752322,1.0,0.673102,0.833576,0.833576,1.0,0.598386,0.832285,0.880149,0.938666,False,False,True,False,1.0,0.0,0.417619,1.069997,4.333913,1.069997,4.176063,1.967503,1.312376,2.361943,32.883581,40.995171,39.851461,2.256253,39.943168,2.106111,40.585992,2.125097,39.985364,2.019537,40.421778,2.288103,39.712746,1.952372,41.031986,1.938116,41.007755,2.053169,40.52284,3.263916,8.11159
103,48,9179,16464,0.557519,0.782313,0.680686,0.693634,0.973309,0.788205,0.676453,0.688911,0.973962,0.721088,0.67697,0.715802,0.925809,0.658224,0.655857,0.731568,0.863711,False,False,False,False,0.0,0.0,0.553466,1.091512,1.091512,1.091512,30.589643,29.245052,18.977533,31.4324,18.06381,18.445864,16.028898,30.589643,18.06381,29.536261,18.390874,29.751026,18.19564,28.987072,18.390803,37.07626,16.119166,29.211535,18.453912,30.751717,17.995552,33.442314,17.154749,0.0,0.382054
104,48,8539,18384,0.46448,0.623695,0.744724,0.744724,1.0,0.627067,0.740718,0.740718,1.0,0.527252,0.830706,0.853503,0.968849,0.435052,0.73635,0.876844,0.821291,False,True,True,False,0.735907,0.0,0.858507,0.297308,0.578094,0.297308,0.600734,0.895772,0.445201,0.461803,46.418406,48.537649,48.367632,1.162704,47.016008,0.967522,47.981272,0.580279,50.709403,0.526057,51.012469,0.320139,51.522083,0.884569,48.580319,0.473865,50.865012,0.311356,51.825585,0.280786,2.119243
105,48,9284,16032,0.579092,0.751248,0.77084,0.77084,1.0,0.751747,0.770329,0.770329,1.0,0.679017,0.851648,0.852195,0.999246,0.605788,0.824433,0.883855,0.924601,False,False,False,False,0.0,0.0,0.409899,0.950257,0.950257,0.950257,15.368627,14.675751,6.667655,16.456951,24.37589,24.79757,22.900964,15.368627,24.37589,15.118412,24.59381,15.551091,24.225324,15.396166,24.373686,16.651192,23.593928,14.680597,24.797067,14.815094,24.672463,15.499246,24.245372,0.0,0.42168
106,48,6915,13257,0.521611,0.565814,0.763857,0.832289,0.90282,0.59214,0.768052,0.81707,0.927549,0.46632,0.715839,0.883856,0.790166,0.377914,0.624217,0.91477,0.662762,False,False,False,False,0.0,0.0,0.225639,0.974876,0.974876,0.974876,22.500505,21.625982,10.834122,28.962305,19.444431,20.046568,16.521351,22.500505,19.444431,22.31328,19.650919,22.765486,19.326999,22.630465,19.407332,26.422945,18.788423,21.635767,20.043697,22.358208,20.006204,23.986359,19.551581,0.0,0.602137
107,48,11142,19728,0.564781,0.721208,0.783104,0.783104,1.0,0.722121,0.782114,0.782114,1.0,0.657695,0.858728,0.858728,1.0,0.593015,0.831676,0.886486,0.930802,False,False,True,False,1.0,0.0,0.360238,1.040026,5.931827,1.040026,4.140938,2.928379,2.547053,3.138395,27.028389,38.137758,31.666836,3.141985,37.469816,3.009184,37.876737,2.948184,37.873977,2.88117,38.042715,3.343595,37.056361,2.912224,38.167317,2.936457,38.106531,3.085981,37.710884,4.891801,11.109369
108,48,10472,20496,0.510929,0.759709,0.66953,0.670734,0.997326,0.760246,0.669593,0.670581,0.997804,0.688622,0.734462,0.737636,0.994175,0.615632,0.753493,0.786337,0.947479,False,False,False,False,0.0,0.0,0.510475,1.305234,1.305234,1.305234,9.952603,9.616246,6.748836,15.534314,25.767588,26.2647,21.914074,9.952603,25.767588,9.728259,26.059581,10.380093,25.639338,10.186338,25.74802,11.835179,24.869471,9.622358,26.260525,10.00522,26.092456,10.73208,25.59527,0.0,0.497112
109,48,8841,19800,0.446515,0.570152,0.607571,0.67393,0.860536,0.615404,0.640734,0.673861,0.928741,0.440758,0.587709,0.745159,0.73555,0.327525,0.521795,0.810332,0.59439,False,False,False,False,0.0,0.0,0.361164,0.874563,0.874563,0.874563,17.59243,17.579762,9.42215,17.887306,23.701849,23.966398,20.891987,17.59243,23.701849,17.371264,23.883488,18.530746,23.275959,18.167742,23.479371,22.181578,22.168969,17.593071,23.963307,18.555819,23.642772,20.091581,23.003973,0.0,0.264549
110,48,4542,13188,0.344404,0.416439,0.819402,0.822833,0.994936,0.655596,0.52533,0.52533,1.0,0.327646,0.682742,0.832215,0.791722,0.243479,0.507486,0.812831,0.574637,False,True,True,False,0.116007,0.0,0.116007,0.12792,0.0,0.12792,0.0,0.82871,0.0,0.0,99.0,50.468814,99.0,1.033245,49.123596,0.866138,49.995696,0.472259,53.898121,0.415896,54.26619,0.074637,57.087262,0.825628,50.490305,0.359753,53.931802,0.115148,56.57948,-0.12792,-48.531186
111,48,9773,17424,0.560893,0.807048,0.691385,0.69286,0.99693,0.808655,0.691212,0.692193,0.997954,0.742195,0.744526,0.749304,0.991507,0.674128,0.75522,0.788268,0.947406,False,False,False,False,0.0,0.0,0.566723,1.302793,1.302793,1.302793,18.170334,18.002216,13.879318,24.43726,21.478336,21.736366,18.163826,18.170334,21.478336,18.020329,21.605682,18.572836,21.193478,18.472527,21.336968,22.193594,20.345151,18.011086,21.730304,18.863945,21.526572,20.290154,21.036487,0.0,0.25803
112,48,6304,14973,0.421025,0.506311,0.799041,0.813481,0.978268,0.517264,0.799539,0.805939,0.990165,0.433313,0.786592,0.868064,0.893401,0.362252,0.708127,0.896386,0.771256,False,False,False,False,0.0,0.0,0.170954,2.296574,2.296574,2.296574,16.690197,15.570854,2.250971,11.743073,22.433312,23.213015,24.081633,16.690197,22.433312,15.762479,22.89017,17.970865,21.991646,17.397207,22.249846,17.842587,22.759292,15.615006,23.198136,15.977263,23.282734,16.728003,23.128609,0.0,0.779703
113,48,6313,14310,0.44116,0.549126,0.786336,0.793841,0.98812,0.557023,0.780603,0.785598,0.991921,0.47051,0.764404,0.839447,0.895295,0.393291,0.690881,0.866915,0.77285,False,False,True,False,1.0,0.0,0.212705,2.494811,30.940977,2.494811,37.263687,10.028143,1.753241,8.456676,14.280374,26.78056,27.551768,10.946512,26.059951,10.390041,26.465461,11.026031,26.09127,10.645758,26.336343,11.06389,26.010024,10.053488,26.766188,10.079202,26.781993,10.416548,26.514344,28.446166,12.500186
114,48,8554,14736,0.580483,0.829669,0.686141,0.691641,0.988543,0.836048,0.686243,0.689529,0.993103,0.778637,0.719732,0.730521,0.979892,0.725638,0.718175,0.752361,0.940496,False,False,False,False,0.0,0.0,0.618085,1.164294,1.164294,1.164294,33.978722,34.346584,27.030842,40.401527,16.808775,16.966332,13.676595,33.978722,16.808775,33.256058,17.08449,33.81802,16.888176,33.205555,17.112749,46.024509,14.632741,34.343426,16.96763,37.170017,16.428737,41.147339,15.601443,0.0,0.157557
115,48,9460,15744,0.600864,0.749111,0.802103,0.802103,1.0,0.752541,0.798447,0.798447,1.0,0.696646,0.855236,0.858589,0.995455,0.643991,0.827583,0.875333,0.938161,False,False,False,False,0.0,0.0,0.379694,0.789147,0.789147,0.789147,17.807259,17.783827,7.19982,18.966139,20.407962,20.858273,19.323212,17.807259,20.407962,17.654722,20.677183,17.308315,20.66792,17.298519,20.834942,21.252184,19.525343,17.799191,20.856622,18.531502,20.69013,19.677273,20.216705,0.0,0.450311
116,48,10945,21216,0.515884,0.762161,0.676042,0.676376,0.999269,0.762349,0.675978,0.676271,0.99936,0.692025,0.741793,0.743359,0.997168,0.621088,0.769124,0.795856,0.958154,False,False,False,False,0.0,0.0,0.505014,1.312076,1.312076,1.312076,8.55785,8.08095,5.644274,12.42144,27.438093,28.164553,23.174825,8.55785,27.438093,8.393482,27.655404,9.0522,27.049621,8.916948,27.189302,9.615989,26.951739,8.104735,28.152562,8.254728,28.187606,8.751637,27.747859,0.0,0.72646
117,48,8780,19008,0.461911,0.746002,0.616674,0.61763,0.997494,0.748474,0.61532,0.616012,0.998178,0.686816,0.66565,0.668403,0.99385,0.626894,0.675518,0.700235,0.950342,False,False,False,False,0.0,0.0,0.533731,1.105462,1.105462,1.105462,18.610212,17.653568,12.928399,23.044533,22.437446,23.065167,18.862234,18.610212,22.437446,18.335649,22.637627,18.775665,22.397738,18.601898,22.481659,19.602125,22.43174,17.670652,23.057827,17.71196,23.168878,18.39757,22.943858,0.0,0.627721
118,48,9325,20112,0.463654,0.768148,0.602873,0.603146,0.999249,0.768944,0.602249,0.602522,0.999249,0.710173,0.649755,0.650984,0.997105,0.652247,0.679865,0.692407,0.974048,False,False,False,False,0.0,0.0,0.569204,1.170205,1.170205,1.170205,18.214191,18.102484,12.080714,21.91353,23.146963,23.223486,19.851855,18.214191,23.146963,18.046541,23.249288,18.402824,23.055277,18.234102,23.141172,20.872421,22.13051,18.124718,23.212117,18.675674,22.993567,19.598177,22.621774,0.0,0.076523
119,48,6834,13068,0.522957,0.769207,0.642927,0.657382,0.96693,0.783058,0.642953,0.652692,0.977319,0.679293,0.689537,0.722316,0.93825,0.594582,0.716704,0.784685,0.892157,False,False,False,False,0.0,0.0,0.569939,0.810609,0.810609,0.810609,32.467857,32.559799,24.708961,42.362015,18.125003,18.273868,14.441282,32.467857,18.125003,31.793484,18.407627,32.892937,18.016897,32.512535,18.192779,40.706905,16.420032,32.569408,18.274705,34.505852,17.845161,37.296021,17.197239,0.0,0.148865
120,48,6900,15774,0.437429,0.422594,0.694056,0.833783,0.805507,0.713199,0.613333,0.613333,1.0,0.314251,0.574008,0.872302,0.626667,0.213706,0.417472,0.89736,0.438406,False,False,True,False,1.0,0.0,0.486815,1.384118,39.128464,1.384118,41.382706,18.379324,7.536474,26.021835,14.036586,22.658563,18.634321,17.54599,22.126412,17.553816,22.337787,18.126135,21.957643,18.015991,22.06337,25.514977,20.449192,18.407198,22.64939,20.180145,22.343191,22.522947,21.535134,37.744346,8.621977
121,48,8575,14544,0.58959,0.789535,0.739636,0.742663,0.994519,0.790567,0.740937,0.742999,0.996268,0.715965,0.808553,0.815231,0.989971,0.639439,0.794138,0.850753,0.922682,False,False,True,False,1.0,0.0,0.49489,1.204445,16.8557,1.204445,11.587094,11.660874,7.042441,12.6386,21.50458,25.572148,23.832551,11.924743,25.292205,11.738659,25.442414,12.192615,25.044627,12.031565,25.170305,13.924314,24.435853,11.688941,25.553723,12.09963,25.398866,12.873392,25.006514,15.651255,4.067568
122,48,10011,18354,0.54544,0.630653,0.861343,0.862981,0.997802,0.641876,0.84678,0.848145,0.998102,0.533726,0.823513,0.913128,0.893517,0.448622,0.737619,0.940612,0.773649,False,False,True,False,1.0,0.0,0.213952,0.609453,28.475769,0.609453,10.913662,12.168781,6.108434,14.02424,16.944664,25.464615,21.969724,11.961942,25.677282,11.77891,25.634186,12.001632,25.775238,11.990211,25.648558,16.821262,22.3908,12.181601,25.455928,13.343256,24.695928,14.932674,23.600986,27.866316,8.519951
123,48,8936,19320,0.462526,0.648499,0.70628,0.709155,0.994293,0.663147,0.691267,0.693803,0.99474,0.555124,0.742996,0.781445,0.937892,0.474793,0.738575,0.838657,0.8609,False,False,False,False,0.0,0.0,0.377793,1.167533,1.167533,1.167533,32.014622,30.85881,14.884309,32.075352,19.219604,19.58043,17.501416,32.014622,19.219604,31.254215,19.47284,32.349857,19.072047,31.722507,19.267451,36.652267,18.01613,30.874552,19.575188,31.751827,19.3214,33.730827,18.768465,0.0,0.360826
124,48,8500,16656,0.510327,0.771854,0.653197,0.656347,0.992706,0.773295,0.653903,0.656289,0.994471,0.716499,0.698305,0.704039,0.988471,0.661323,0.706901,0.733727,0.950824,False,False,False,False,0.0,0.0,0.540951,1.178682,1.178682,1.178682,20.978354,20.925842,16.677006,30.26247,20.849932,21.018431,16.303676,20.978354,20.849932,20.481333,21.092016,21.574942,20.617905,21.240274,20.755417,28.802862,18.754902,20.940235,21.012899,22.817608,20.509289,25.531803,19.707918,0.0,0.168499
125,48,6210,15283,0.406334,0.50638,0.743843,0.768833,0.958132,0.52313,0.745729,0.758974,0.977134,0.429824,0.720151,0.814431,0.861514,0.357914,0.648786,0.840219,0.740097,False,False,False,False,0.0,0.0,0.211507,1.097395,1.097395,1.097395,16.406065,15.404884,5.732503,20.122383,23.055001,23.808289,20.240693,16.406065,23.055001,16.0343,23.326333,16.780891,22.844819,16.568438,22.988615,18.342781,22.988692,15.426517,23.800188,15.710735,23.903651,16.723618,23.608637,0.0,0.753288
126,48,10725,18240,0.587993,0.779605,0.754219,0.754219,1.0,0.779605,0.754219,0.754219,1.0,0.708004,0.820625,0.825074,0.993473,0.634265,0.795731,0.85392,0.921119,False,False,False,False,0.0,0.0,0.46334,1.656953,1.656953,1.656953,9.654949,8.166247,5.286494,13.615944,26.857735,28.235537,22.313786,9.654949,26.857735,9.184615,27.305832,9.71223,26.697689,9.594561,26.815524,9.573085,26.441662,8.166495,28.240648,7.805843,28.393861,8.261134,27.68712,0.0,1.377802
127,48,11441,19824,0.577129,0.769068,0.750426,0.750426,1.0,0.769471,0.750033,0.750033,1.0,0.693856,0.830839,0.831261,0.999388,0.617181,0.816341,0.869718,0.930076,False,False,False,False,0.0,0.0,0.45139,0.939799,0.939799,0.939799,10.165836,9.411211,5.244622,9.967573,26.956665,27.701497,25.557419,10.165836,26.956665,9.815605,27.286066,10.532763,26.553765,10.263934,26.79657,10.164409,27.022237,9.410482,27.695923,9.325729,27.787895,9.56787,27.544727,0.0,0.744832
128,48,10374,19920,0.520783,0.704869,0.738836,0.738836,1.0,0.707781,0.735797,0.735797,1.0,0.659337,0.781584,0.785214,0.99412,0.6124,0.758844,0.798344,0.938789,False,False,False,False,0.0,0.0,0.389483,0.816398,0.816398,0.816398,24.664289,24.59498,16.601089,37.241146,19.274646,19.645331,14.300931,24.664289,19.274646,24.707346,19.446053,24.314344,19.31534,24.182508,19.481693,29.753487,17.810899,24.600733,19.644457,25.549547,19.374816,27.316433,18.714054,0.0,0.370685
129,48,8822,17871,0.493649,0.413799,0.690503,0.89574,0.75085,0.677802,0.728308,0.728308,1.0,0.315651,0.566107,0.926786,0.592609,0.221588,0.414251,0.945455,0.424394,False,False,True,False,1.0,0.0,0.362692,0.727189,9.636129,0.727189,9.432858,7.293546,3.526283,7.691755,26.012254,31.437026,28.810932,7.675508,31.001255,7.37739,31.330141,7.612484,31.089463,7.443815,31.277613,8.842288,29.795367,7.2858,31.446602,7.519837,31.17897,8.060984,30.588423,8.90894,5.424772
130,48,7808,16626,0.469626,0.556839,0.672481,0.741197,0.878842,0.594851,0.70075,0.73731,0.933914,0.461747,0.641577,0.788329,0.775102,0.373511,0.58074,0.829308,0.65958,False,False,False,False,0.0,0.0,0.294511,1.177213,1.177213,1.177213,29.446592,28.956028,12.520224,36.322872,18.275357,18.68298,15.341605,29.446592,18.275357,29.177254,18.442287,29.605745,18.225095,29.301998,18.384983,35.296108,17.282729,28.963413,18.684139,30.171406,18.535068,32.295723,18.032323,0.0,0.407623
131,48,9026,18564,0.48621,0.564534,0.86126,0.86126,1.0,0.570082,0.852877,0.852877,1.0,0.493374,0.811616,0.889508,0.902615,0.424585,0.735222,0.908906,0.793707,False,False,True,False,0.998322,0.0,0.160411,0.683197,35.16013,0.683197,36.090481,10.192444,4.221116,13.606691,14.80036,26.524528,22.54983,10.764569,25.932384,10.439138,26.220178,10.71896,26.038987,10.484785,26.237236,13.533607,23.395984,10.191373,26.520325,10.837063,25.955343,11.992318,24.788668,34.476933,11.724168
132,48,7764,17748,0.437458,0.557246,0.616667,0.68089,0.867336,0.606942,0.63356,0.667378,0.92594,0.446924,0.579074,0.725668,0.74137,0.343701,0.508925,0.766557,0.602267,False,False,False,False,0.0,0.0,0.358774,1.410657,1.410657,1.410657,17.274385,17.765541,11.025207,23.49283,23.081031,23.168054,18.253975,17.274385,23.081031,17.103254,23.243743,17.384209,23.161091,17.158037,23.325714,25.337542,20.532652,17.776489,23.165461,19.645243,22.565631,22.230938,21.624828,0.0,0.087023
133,48,7766,19908,0.390094,0.566054,0.573921,0.615938,0.893768,0.636478,0.560434,0.579276,0.945146,0.468053,0.528906,0.634256,0.76101,0.375829,0.456073,0.638332,0.614988,False,False,True,False,1.0,0.0,0.411217,0.485477,58.969418,0.485477,44.149368,8.390549,5.9446,10.68581,10.892597,29.142986,24.109888,8.878187,28.60849,8.586659,28.845257,8.74384,28.758419,8.484462,29.031774,9.681732,27.826991,8.390763,29.138856,8.474719,29.037267,8.903983,28.564298,58.483941,18.250389
134,48,6095,13257,0.459757,0.518519,0.709146,0.782805,0.882855,0.559931,0.723795,0.76465,0.931255,0.421438,0.649767,0.823519,0.754881,0.330391,0.551852,0.850457,0.611157,False,False,True,False,1.0,0.0,0.24253,2.328726,55.708366,2.328726,64.550339,15.133661,3.851857,12.625595,10.081868,23.30481,23.406223,16.380531,22.621995,15.84665,22.91145,17.086411,22.446592,16.885042,22.55521,16.728029,21.692266,15.183812,23.296329,15.237462,23.174774,15.760897,22.584811,53.37964,13.222942
135,48,6851,15035,0.45567,0.570136,0.61143,0.682688,0.854182,0.604722,0.642761,0.686098,0.910524,0.46864,0.595889,0.736446,0.757408,0.378051,0.559274,0.790992,0.656255,False,False,True,False,0.999267,0.0,0.347385,0.726051,67.479271,0.726051,66.293144,16.588964,14.563865,25.156815,9.84706,22.476083,16.159083,15.602832,22.440302,16.087189,22.424969,15.250669,22.552636,15.590522,22.421866,21.870043,20.210249,16.57724,22.476817,17.79166,22.029953,19.548727,21.216499,66.75322,12.629023
136,48,4856,12744,0.381042,0.486347,0.705601,0.737819,0.941722,0.671061,0.567087,0.567353,0.999176,0.407172,0.721213,0.811139,0.866763,0.330979,0.640571,0.839972,0.729613,False,False,True,False,0.97287,0.0,0.375,0.655046,8.387847,0.655046,8.139277,2.558141,1.23128,3.400467,25.007241,36.937598,34.622424,2.804366,36.372884,2.579421,36.986567,2.54805,35.986036,2.478515,36.263517,2.663784,35.677667,2.555395,36.920939,2.451194,36.682606,2.483251,36.251348,7.732801,11.930357
137,48,8962,19071,0.469928,0.565204,0.831431,0.831431,1.0,0.575743,0.816211,0.816211,1.0,0.4887,0.799232,0.871352,0.906159,0.417021,0.731498,0.898529,0.797367,False,False,True,False,1.0,0.0,0.198635,0.478847,25.530188,0.478847,23.104515,11.90337,6.053154,12.65495,18.31011,25.989179,22.359237,12.635647,25.012888,12.362717,25.34298,12.748307,24.837223,12.479916,25.118786,15.964554,23.642719,11.909544,25.984815,12.517704,25.8164,13.90125,24.920701,25.051341,7.679069
138,48,5370,13311,0.403426,0.47487,0.706466,0.765702,0.901304,0.710014,0.568194,0.568194,1.0,0.389002,0.695275,0.835458,0.805587,0.307114,0.612342,0.878669,0.668901,False,False,True,False,1.0,0.0,0.503211,1.840238,38.666542,1.840238,48.400249,30.47126,11.32754,42.09882,11.228553,17.420565,14.064281,30.357977,17.452744,30.523277,17.361779,30.737307,17.453864,31.144506,17.3448,36.124828,16.599073,30.515829,17.415218,31.74519,17.294454,33.688702,17.012508,36.826304,6.192012
139,48,7281,17784,0.409413,0.513495,0.705601,0.743539,0.932564,0.531826,0.71243,0.736308,0.956462,0.442589,0.681874,0.78046,0.843703,0.376406,0.616728,0.796385,0.73218,False,False,True,False,1.0,0.0,0.236789,1.835127,56.503033,1.835127,74.042992,14.746281,5.276048,20.663645,8.767812,24.280668,19.984432,14.880054,23.913627,14.67303,24.075795,14.918601,23.940505,14.73163,24.06411,19.408552,22.025272,14.750904,24.278053,15.590578,23.907008,17.163942,23.086573,54.667906,15.512856
140,48,7054,13776,0.51205,0.553934,0.923127,0.923732,0.999291,0.563226,0.907908,0.908493,0.999291,0.476989,0.830825,0.940953,0.876524,0.401568,0.711682,0.945951,0.741849,False,False,True,False,1.0,0.0,0.105623,0.522315,8.764405,0.522315,6.947359,7.711464,1.499653,9.584681,23.121145,26.64951,25.015788,7.61171,26.731433,7.466166,26.839751,7.650458,26.722164,7.528542,26.768293,9.289764,25.582204,7.70499,26.646661,8.107882,26.36246,8.647954,26.001804,8.24209,3.528365
141,48,7401,14756,0.501559,0.546422,0.911732,0.914672,0.996487,0.569328,0.878284,0.879538,0.998379,0.461778,0.827356,0.944526,0.869612,0.382014,0.706545,0.957602,0.729361,False,False,False,False,0.0,0.0,0.137458,0.78015,0.78015,0.78015,27.840878,27.782507,5.484659,32.345898,19.46079,19.703367,17.497163,27.840878,19.46079,27.535242,19.652163,27.776201,19.44379,27.441563,19.614677,35.001171,17.558062,27.776291,19.703726,29.19799,19.286888,31.65937,18.519465,0.0,0.242577
142,48,8136,16490,0.49339,0.560764,0.699052,0.77344,0.879056,0.584051,0.734043,0.780916,0.92441,0.467374,0.686861,0.837031,0.792896,0.381261,0.641776,0.896771,0.69297,False,False,True,False,0.984079,0.0,0.250898,0.531961,7.793951,0.531961,7.926786,6.70227,3.04046,8.572927,27.352499,32.10634,28.713849,6.877499,31.857157,6.715831,32.092367,6.759259,31.886767,6.672689,32.025487,8.262783,30.188721,6.69002,32.112496,6.958128,31.73057,7.493855,31.049123,7.26199,4.753841
143,48,7099,14911,0.476091,0.730266,0.565263,0.596565,0.915058,0.758568,0.57809,0.596234,0.949993,0.582791,0.574021,0.662601,0.8111,0.453021,0.548106,0.726129,0.690942,False,False,False,False,0.0,0.0,0.583845,1.433308,1.433308,1.433308,22.961355,20.673758,11.776626,17.764662,21.635912,22.514585,21.390363,22.961355,21.635912,21.671597,22.069214,24.331266,21.166782,23.369818,21.481492,22.163591,22.009133,20.718506,22.498816,20.460722,22.640722,20.970654,22.464843,0.0,0.878673
144,48,5466,12740,0.429042,0.576295,0.72058,0.730591,0.981339,0.579592,0.723907,0.730769,0.987194,0.494113,0.815249,0.839079,0.966337,0.414521,0.778716,0.89093,0.860776,False,False,True,False,0.982953,0.0,0.260929,0.669874,8.299285,0.669874,9.363764,5.852055,1.678169,7.318088,23.670913,28.857471,26.289956,6.023479,28.733622,6.046103,28.679515,6.248323,28.586894,6.197341,28.574049,6.450787,28.513983,5.861446,28.845275,5.876631,28.875949,6.07318,28.762314,7.629411,5.186558
145,48,5876,13630,0.431108,0.565737,0.643522,0.689923,0.905378,0.603302,0.652485,0.677004,0.947413,0.458327,0.623544,0.745318,0.792376,0.367645,0.563999,0.783476,0.668142,False,False,False,False,0.0,0.0,0.342404,2.283682,2.283682,2.283682,27.940378,26.463921,12.234331,25.335943,18.864858,19.644786,17.036629,27.940378,18.864858,27.240923,19.125679,28.671375,18.696536,28.34865,18.825002,29.917744,19.188596,26.531427,19.632464,27.063818,19.828934,28.197811,19.667556,0.0,0.779928
146,48,6881,15159,0.453922,0.468962,0.653078,0.777465,0.803226,0.734943,0.617629,0.617629,1.0,0.354707,0.562325,0.820532,0.641186,0.251204,0.430732,0.845063,0.467665,False,False,False,False,0.0,0.0,0.513047,1.266047,1.266047,1.266047,16.66778,16.676645,10.437666,20.114372,23.442939,23.589369,19.859389,16.66778,23.442939,16.334156,23.678522,17.218718,23.162191,17.015841,23.328168,21.546335,21.54495,16.698639,23.584065,17.814901,23.12786,19.477449,22.409184,0.0,0.14643
147,48,7286,14942,0.487619,0.531254,0.700436,0.789997,0.860692,0.559229,0.742065,0.797391,0.914494,0.450944,0.660431,0.827842,0.765578,0.373511,0.605966,0.869916,0.666346,False,False,True,False,1.0,0.0,0.206635,0.462818,10.233456,0.462818,14.593513,8.659026,4.096352,14.522463,16.324422,23.588702,20.440749,8.500137,23.522909,8.241879,23.89152,8.479047,22.97399,8.374737,23.224998,13.480877,20.214292,8.632217,23.592324,9.930185,22.692957,11.552063,21.492681,9.770638,7.26428
148,48,5377,14550,0.369553,0.548247,0.654771,0.662404,0.982704,0.589966,0.616979,0.620573,0.990701,0.447629,0.619229,0.698142,0.845639,0.355189,0.539866,0.715364,0.687558,False,False,True,False,0.999891,0.0,0.353429,3.141684,39.826157,3.141684,31.912777,16.186226,4.972783,10.436861,15.251534,25.116948,24.845916,17.346167,24.436794,16.187899,24.904098,18.809002,24.024562,17.979605,24.376357,18.354473,24.460359,16.249334,25.098226,16.638336,25.082234,17.347406,24.860077,36.684473,9.865414
149,48,9398,16656,0.564241,0.789205,0.714949,0.714949,1.0,0.789625,0.714568,0.714568,1.0,0.723343,0.776949,0.778303,0.997765,0.65568,0.7718,0.810457,0.941796,False,False,False,False,0.0,0.0,0.51612,0.950354,0.950354,0.950354,18.870682,19.067602,13.282493,23.050011,21.343005,21.572423,18.477792,18.870682,21.343005,18.631092,21.574076,19.369263,21.04237,19.278074,21.142583,23.941902,20.105625,19.087572,21.563307,20.264347,21.278276,21.912889,20.769947,0.0,0.229418
150,48,6858,13284,0.51626,0.585968,0.753113,0.808068,0.917177,0.599292,0.77282,0.811456,0.941966,0.5067,0.737946,0.857228,0.841353,0.429615,0.697744,0.904854,0.752989,False,False,True,False,1.0,0.0,0.225646,0.377218,5.009026,0.377218,4.837028,2.658793,1.286752,4.713765,29.182322,35.485201,31.768202,2.85122,34.908668,2.736804,35.183616,2.559979,35.477167,2.520317,35.487412,3.217945,34.538148,2.649217,35.494581,2.707446,35.482849,2.902498,35.140098,4.631808,6.302879
151,48,7996,17834,0.448357,0.442974,0.65325,0.795063,0.785518,0.726029,0.617547,0.617547,1.0,0.325053,0.542324,0.83664,0.606553,0.215375,0.389482,0.863838,0.414957,False,False,True,False,0.99939,0.0,0.494003,1.081351,35.404488,1.081351,35.885902,7.631065,5.319001,10.591587,15.674919,29.642005,24.98258,8.079331,28.897398,7.964524,29.10674,8.337668,28.561595,8.221694,28.741886,9.535059,28.152278,7.644614,29.628391,7.810655,29.613621,8.461856,29.06562,34.323137,13.967086
152,48,6992,12609,0.554525,0.584979,0.930404,0.938856,0.990418,0.595527,0.920154,0.925423,0.99385,0.503053,0.838296,0.958695,0.869708,0.423348,0.719905,0.966842,0.738129,False,False,False,False,0.0,0.0,0.099697,0.858584,0.858584,0.858584,24.176392,23.443125,3.193104,24.993565,20.78411,21.07768,20.199277,24.176392,20.78411,23.569174,21.047434,24.451897,20.691109,23.823847,20.953531,27.170004,19.778532,23.450802,21.073694,24.102926,20.839772,25.382866,20.387682,0.0,0.29357
153,48,6674,16940,0.393979,0.454545,0.700461,0.768961,0.887174,0.702479,0.558352,0.559244,0.997153,0.386836,0.651105,0.795971,0.78154,0.32379,0.57093,0.805652,0.662122,False,False,False,False,0.0,0.0,0.507111,1.526917,1.526917,1.526917,24.271551,24.127859,13.15027,34.190941,19.866283,20.119688,15.36789,24.271551,19.866283,24.135302,20.011665,24.431276,19.946311,24.272949,20.018955,28.851763,18.701931,24.149036,20.118747,25.003098,19.899047,26.595894,19.398143,0.0,0.253405
154,48,9573,16176,0.591803,0.743818,0.795628,0.795628,1.0,0.744807,0.794572,0.794572,1.0,0.67594,0.871931,0.873605,0.997806,0.606021,0.836066,0.900031,0.921655,False,False,False,False,0.0,0.0,0.37483,1.144934,1.144934,1.144934,17.340471,17.486715,6.224443,21.107141,23.037304,23.081525,21.211401,17.340471,23.037304,17.336084,23.129873,17.035585,23.072922,17.148298,23.089255,20.393677,21.88288,17.475191,23.084946,18.107002,22.836974,19.110241,22.422009,0.0,0.044221
155,48,7376,15456,0.477226,0.609925,0.62804,0.687599,0.878796,0.647321,0.645149,0.681259,0.924078,0.498577,0.613048,0.743836,0.777115,0.397192,0.570964,0.80013,0.665944,False,False,True,False,0.998639,0.0,0.393441,0.856601,78.219063,0.856601,71.828903,16.073166,8.212088,19.506733,8.734038,23.689599,20.610797,16.691341,23.322544,16.34079,23.546933,16.67593,23.331561,16.451599,23.476636,18.788548,21.979807,16.084463,23.684464,16.477224,23.414622,17.381372,22.80729,77.362462,14.955561
156,48,5672,15360,0.369271,0.603385,0.561945,0.579953,0.947638,0.650065,0.541954,0.551127,0.970205,0.474805,0.529974,0.615796,0.791784,0.356185,0.447519,0.629684,0.60737,False,False,False,False,0.0,0.0,0.45737,2.365228,2.365228,2.365228,16.94511,15.768747,5.975468,12.026916,24.392328,25.0332,24.628794,16.94511,24.392328,15.98425,24.733677,18.406206,24.005039,17.655972,24.253054,18.62077,24.218204,15.831394,25.013416,16.294664,25.014379,17.280678,24.731803,0.0,0.640872
157,48,10178,17520,0.580936,0.790868,0.73418,0.734339,0.999705,0.793208,0.732014,0.732172,0.999705,0.726769,0.793144,0.795885,0.995677,0.660274,0.781291,0.824516,0.937119,False,False,False,False,0.0,0.0,0.50681,1.099746,1.099746,1.099746,23.307329,22.161198,15.259149,29.890352,19.764885,20.358031,16.74174,23.307329,19.764885,22.712584,20.074686,23.622158,19.596149,23.229319,19.811339,25.312733,19.494257,22.173119,20.353688,22.500589,20.340554,23.580959,20.035961,0.0,0.593146
158,48,12209,20112,0.607051,0.754724,0.799356,0.801568,0.99656,0.755619,0.800184,0.801606,0.997789,0.682528,0.871284,0.879726,0.989106,0.609835,0.822338,0.900448,0.904579,False,False,True,False,0.999747,0.0,0.37935,1.067865,29.754566,1.067865,32.395119,4.965681,2.920241,6.146886,16.53507,30.89183,27.673504,5.109045,30.295788,5.05657,30.572567,5.249734,29.705514,5.226418,29.840215,6.209764,29.555259,4.97106,30.880247,5.181533,30.783599,5.618341,30.303207,28.686701,14.35676
159,48,6804,14028,0.48503,0.520602,0.832316,0.877448,0.941799,0.536997,0.835959,0.866587,0.959436,0.433775,0.760311,0.914873,0.818195,0.349658,0.648226,0.938838,0.676808,False,False,False,False,0.0,0.0,0.138427,0.772794,0.772794,0.772794,16.411375,16.515482,3.358481,20.972908,21.901957,22.288781,19.53466,16.411375,21.901957,16.813051,21.835507,16.635704,21.692431,17.031158,21.580399,19.333431,21.553497,16.512003,22.288745,17.012737,22.395929,17.973789,22.130909,0.0,0.386824
160,48,11406,19296,0.591107,0.729633,0.805526,0.807586,0.996844,0.732639,0.80223,0.804272,0.996844,0.639614,0.799909,0.855129,0.925302,0.551099,0.747403,0.886496,0.826495,False,False,False,False,0.0,0.0,0.35019,0.858259,0.858259,0.858259,24.633936,23.119848,11.520575,23.138115,20.172755,20.760258,19.166863,24.633936,20.172755,23.433426,20.646773,25.25849,19.959009,24.291718,20.300408,27.385937,19.306097,23.12812,20.757438,23.767929,20.531591,25.23698,20.017884,0.0,0.587503
161,48,6584,16456,0.400097,0.518048,0.639609,0.691378,0.8952,0.558337,0.638479,0.668916,0.933475,0.426592,0.630002,0.749003,0.798603,0.345041,0.586903,0.798697,0.688791,False,False,False,False,0.0,0.0,0.308144,1.012763,1.012763,1.012763,27.052855,28.65082,16.775627,41.778858,18.447604,18.663839,14.211634,27.052855,18.447604,26.960865,18.659645,26.708536,18.507225,26.957928,18.514088,41.686615,16.093433,28.650364,18.660116,32.111889,18.112417,36.501266,17.188916,0.0,0.216235
162,48,11382,18912,0.60184,0.763431,0.788336,0.788336,1.0,0.763431,0.788336,0.788336,1.0,0.695907,0.864545,0.864676,0.999824,0.626163,0.835599,0.892755,0.928835,False,False,False,False,0.0,0.0,0.389774,0.663435,0.663435,0.663435,4.362912,4.305365,1.999734,6.109003,33.052126,33.188289,29.943551,4.362912,33.052126,4.333509,33.068283,3.938734,33.612598,3.944503,33.571357,5.111873,32.248543,4.284397,33.223166,4.417648,33.122663,4.707462,32.782312,0.0,0.136163
163,48,8155,17150,0.47551,0.547755,0.865526,0.866723,0.998406,0.555685,0.853191,0.854355,0.998406,0.466939,0.817906,0.908092,0.891723,0.392245,0.731875,0.934889,0.771183,False,False,False,False,0.0,0.0,0.154308,0.956346,0.956346,0.956346,19.212753,18.61451,5.234575,19.352095,23.060741,23.458794,21.722423,19.212753,23.060741,18.713223,23.333212,19.096138,23.054416,18.853546,23.181719,22.356224,21.956478,18.617126,23.457876,19.260454,23.228229,20.537258,22.696007,0.0,0.398053
164,48,8413,17220,0.48856,0.594657,0.816084,0.818555,0.996315,0.596574,0.814527,0.816509,0.997028,0.513879,0.791407,0.861792,0.906454,0.436934,0.715131,0.883174,0.789849,False,False,True,False,0.999546,0.0,0.212104,1.406835,11.648423,1.406835,11.474266,9.774912,2.805382,9.39019,22.809741,25.996764,25.753725,10.188716,25.70595,9.794683,25.963232,10.662942,25.459266,10.384683,25.664371,12.390665,24.433554,9.80332,25.982128,10.300091,25.690108,11.212568,25.143945,10.241588,3.187023
165,48,7845,16695,0.469901,0.549386,0.705623,0.767553,0.897387,0.584187,0.714703,0.752076,0.93499,0.467685,0.685656,0.815446,0.8116,0.390237,0.64058,0.860629,0.714723,False,False,True,False,0.999096,0.0,0.272994,0.84177,27.496534,0.84177,23.100149,19.144848,9.193295,20.882261,13.30301,19.494898,17.785625,19.1884,19.089605,19.061823,19.240362,19.120417,19.108879,19.062885,19.115804,22.776121,18.816944,19.156532,19.489761,19.930954,19.497887,21.145741,19.260941,26.654764,6.191888
166,48,7305,15561,0.469443,0.597262,0.752613,0.766946,0.97577,0.614999,0.741846,0.750993,0.983847,0.507294,0.741407,0.819737,0.885832,0.420217,0.674205,0.852577,0.763176,False,False,False,False,0.0,0.0,0.28767,1.682655,1.682655,1.682655,21.509651,20.75478,13.975775,27.852476,20.672265,21.276672,15.669506,21.509651,20.672265,21.205156,20.903698,22.182158,20.464844,21.959206,20.557062,25.955738,19.799245,20.770615,21.272818,21.661556,21.173636,23.454027,20.636901,0.0,0.604407
167,48,8983,16464,0.545615,0.775449,0.701079,0.702123,0.997885,0.776118,0.701673,0.702223,0.998887,0.712646,0.759619,0.762209,0.995547,0.648202,0.758207,0.794228,0.94356,False,False,False,False,0.0,0.0,0.506082,1.625273,1.625273,1.625273,9.104012,8.554604,6.079089,11.603362,27.236671,27.985762,23.720445,9.104012,27.236671,8.91328,27.514193,9.497533,27.09213,9.270697,27.285883,9.705443,26.701578,8.585142,27.967298,8.615273,27.961993,8.972318,27.49671,0.0,0.749091
168,48,6618,12906,0.512785,0.53386,0.924765,0.941945,0.980659,0.536262,0.929182,0.942205,0.985343,0.450411,0.816866,0.961466,0.844515,0.369208,0.68637,0.972298,0.70006,False,False,True,False,1.0,0.0,0.062977,0.725668,3.187871,0.725668,2.770726,2.091266,0.790659,2.757883,36.864271,41.541231,35.115089,2.296112,40.711725,2.174071,41.227726,1.905863,42.023362,1.870102,42.13924,2.43286,40.463298,2.068198,41.619317,2.084164,41.595115,2.211242,41.17075,2.462203,4.67696
169,48,6807,13257,0.513465,0.531342,0.837734,0.896366,0.927575,0.550728,0.839134,0.88166,0.945644,0.446406,0.757597,0.926833,0.805788,0.363959,0.653682,0.952953,0.675481,False,False,True,False,0.999845,0.0,0.133953,0.685633,55.234367,0.685633,57.096519,9.918515,5.910491,12.521522,10.479033,25.154452,20.873622,10.015279,24.860084,10.091328,24.993129,9.960922,24.811374,9.921013,24.993436,11.414279,24.098801,9.917047,25.152851,10.124969,25.038334,10.627491,24.667156,54.548734,14.675419
170,48,8640,16416,0.526316,0.742812,0.708545,0.708545,1.0,0.744335,0.707096,0.707096,1.0,0.681226,0.766913,0.769382,0.995833,0.617446,0.777189,0.810083,0.950347,False,False,False,False,0.0,0.0,0.429398,1.135974,1.135974,1.135974,8.613233,7.870911,7.080032,14.034105,24.708595,26.440731,18.350089,8.613233,24.708595,8.521219,24.989746,8.691474,25.081177,8.623572,25.252483,7.80081,27.573181,7.895486,26.436395,7.536497,27.606337,7.440895,28.062914,0.0,1.732136
171,48,6165,13748,0.448429,0.56641,0.780046,0.785155,0.991727,0.569246,0.778442,0.78252,0.99335,0.484434,0.793455,0.851952,0.920357,0.406314,0.730633,0.888113,0.804704,False,False,True,False,0.999473,0.0,0.224054,0.848653,34.404324,0.848653,42.351337,11.579941,3.42292,12.34777,13.573336,26.5542,24.927867,12.381292,25.587547,12.056556,25.850835,12.355556,25.81454,12.22233,25.928072,12.547283,26.202481,11.59535,26.542241,11.533766,26.872557,11.867424,26.747817,33.555671,12.980864
172,48,8900,18392,0.483906,0.531427,0.910579,0.910579,1.0,0.536918,0.901266,0.901266,1.0,0.459113,0.828379,0.930602,0.882921,0.388865,0.716424,0.936801,0.752809,False,False,True,False,0.999895,0.0,0.102718,0.754214,25.507866,0.754214,25.187828,11.96412,2.48964,13.706105,17.428434,26.228956,24.367587,11.895019,25.95412,11.872996,26.068955,11.963782,25.815259,11.938577,25.880199,15.782621,24.033931,11.959139,26.227108,12.79824,25.849882,14.108089,25.054891,24.753652,8.800522
173,48,5241,12690,0.413002,0.446099,0.774992,0.840841,0.908224,0.686446,0.601653,0.601653,1.0,0.355871,0.667293,0.864703,0.745087,0.270843,0.534029,0.878964,0.576417,False,False,True,False,0.999597,0.0,0.445563,1.153891,30.270147,1.153891,26.097118,3.648031,1.422831,3.304204,17.75228,34.035296,34.349026,4.059213,32.785838,3.715894,33.278196,4.355912,32.541821,4.178974,32.762945,4.171087,34.344425,3.661515,33.998806,3.695987,34.471589,3.86154,34.595543,29.116256,16.283016
174,48,8414,18772,0.448221,0.615172,0.631549,0.66912,0.91835,0.637332,0.645643,0.668255,0.950202,0.532282,0.644861,0.722178,0.857618,0.456531,0.640174,0.773512,0.787854,False,False,False,False,0.0,0.0,0.382313,0.751561,0.751561,0.751561,24.924887,24.946596,14.79478,41.430275,20.314496,20.74282,15.354154,24.924887,20.314496,24.587433,20.556867,25.104826,20.221736,24.854053,20.382103,36.304375,17.643385,24.962048,20.74111,27.498533,20.128114,31.393986,18.984572,0.0,0.428324
175,48,6874,13041,0.527107,0.591519,0.75084,0.810993,0.910096,0.610076,0.769267,0.810458,0.938027,0.509547,0.730543,0.858841,0.83023,0.430795,0.686968,0.905482,0.740035,False,False,True,False,0.999351,0.0,0.228312,0.52008,13.728177,0.52008,13.229221,4.313839,2.394789,6.483222,19.335921,28.414191,25.624801,4.874842,27.167024,4.70352,27.290602,4.600378,26.874251,4.481913,27.088265,4.252837,30.139014,4.287654,28.409212,4.063912,29.388726,4.049074,30.026176,13.208097,9.07827
176,48,6337,15328,0.413426,0.530337,0.742052,0.758027,0.972384,0.565827,0.709373,0.718206,0.982957,0.44422,0.712388,0.803202,0.863027,0.36143,0.646382,0.841697,0.735837,False,False,True,False,1.0,0.0,0.268602,1.7998,114.512627,1.7998,84.112984,10.94014,2.738813,10.326863,5.934117,26.603191,25.019029,11.77755,25.559106,11.176529,25.946373,12.372574,25.366756,12.0354,25.515589,11.562359,26.935398,10.971174,26.592413,10.974699,27.01615,11.171322,27.139066,112.712827,20.669074
177,48,8439,17712,0.476457,0.537489,0.857956,0.871113,0.982699,0.545901,0.851912,0.861516,0.987084,0.470077,0.79075,0.889142,0.877237,0.405206,0.700904,0.896614,0.762531,False,False,False,False,0.0,0.0,0.143751,0.963406,0.963406,0.963406,10.984634,10.001501,2.526834,12.150176,27.002484,27.991006,25.658921,10.984634,27.002484,10.922266,27.138809,10.96844,26.944772,10.863294,27.057143,10.630367,27.177326,10.008334,27.983332,9.677806,28.315481,9.873089,28.009978,0.0,0.988522
178,48,6964,13720,0.50758,0.592347,0.856897,0.856897,1.0,0.593513,0.855213,0.855213,1.0,0.504592,0.812215,0.899032,0.893739,0.422741,0.721143,0.922069,0.767949,False,False,True,False,0.996152,0.0,0.171995,0.307776,13.312463,0.307776,12.38407,7.175378,3.222913,7.95156,22.837294,30.137334,26.363353,7.303752,30.02712,7.151206,30.258477,7.346879,29.936082,7.29753,29.977418,8.562177,28.413533,7.169874,30.133921,7.431314,29.742177,7.906902,29.145837,13.004687,7.30004
179,48,4496,12960,0.346914,0.425,0.802523,0.808642,0.990658,0.666281,0.520672,0.520672,1.0,0.336574,0.676064,0.81912,0.794706,0.255247,0.515929,0.802902,0.590747,False,False,True,False,0.951323,0.0,0.476371,1.254411,7.828135,1.254411,9.093491,5.748369,2.541785,7.236284,25.550908,30.508589,29.249182,5.790629,30.601779,5.565392,30.665987,6.462411,30.219587,6.263419,30.272986,7.252669,29.323309,5.780101,30.48435,6.155397,30.180408,6.665481,29.784981,6.573724,4.957681
180,48,9856,17232,0.571959,0.766539,0.735646,0.740101,0.991883,0.76799,0.737266,0.740441,0.994217,0.712744,0.778153,0.788797,0.982955,0.65744,0.764828,0.810398,0.931514,False,False,False,False,0.0,0.0,0.462039,0.839389,0.839389,0.839389,9.092296,8.761533,9.551654,17.061283,26.127142,26.625976,19.789387,9.092296,26.127142,9.276549,26.077327,8.610119,26.425749,8.762445,26.335321,9.789638,25.90535,8.767992,26.615121,8.723958,26.777928,9.064834,26.518313,0.0,0.498834
181,48,7822,17115,0.457026,0.474496,0.710622,0.81554,0.846714,0.696465,0.656208,0.656208,1.0,0.392054,0.65758,0.859165,0.737024,0.316798,0.572548,0.88934,0.616466,False,False,True,False,0.999892,0.0,0.43678,0.846802,80.629005,0.846802,87.798813,12.863249,7.043294,13.936845,8.155865,23.917375,21.580182,14.163939,22.171542,14.116381,22.348123,13.745589,22.409158,13.78731,22.409819,11.336359,26.898887,12.870025,23.909345,11.966761,25.452908,11.408847,26.626999,79.782203,15.76151
182,48,7491,14570,0.514139,0.591352,0.745638,0.798514,0.918435,0.608511,0.767751,0.801263,0.948338,0.5151,0.739675,0.849567,0.851155,0.443102,0.705638,0.893742,0.770258,False,False,True,False,1.0,0.0,0.24495,0.39742,15.95004,0.39742,15.634406,6.728385,4.814051,11.19094,21.529313,30.851197,23.368746,6.832199,30.747181,6.633827,31.047954,6.715525,30.580395,6.599608,30.765366,8.816936,28.305015,6.715525,30.862083,7.173452,30.238238,7.894585,29.33253,15.55262,9.321884
183,48,8279,16762,0.493915,0.53144,0.672212,0.775595,0.834521,0.565625,0.719264,0.783673,0.897451,0.431691,0.62631,0.825732,0.721706,0.338265,0.552822,0.875838,0.599831,False,False,False,False,0.0,0.0,0.240717,0.594326,0.594326,0.594326,11.755647,12.328422,6.797674,12.284012,24.391198,24.303056,21.416699,11.755647,24.391198,11.905584,24.421809,11.777308,24.193626,11.771591,24.306115,16.444941,21.982266,12.304788,24.306558,13.335547,23.771531,14.723598,22.948203,0.0,-0.088142
184,48,8946,15744,0.568216,0.63548,0.707759,0.785007,0.877934,0.66438,0.741229,0.789771,0.923429,0.533727,0.669618,0.828038,0.777778,0.441883,0.601672,0.858703,0.667784,False,False,False,False,0.0,0.0,0.319653,0.74566,0.74566,0.74566,11.155116,10.854795,5.830735,13.514196,26.12394,26.479871,23.092395,11.155116,26.12394,10.832811,26.416708,11.379164,25.892994,11.181422,26.043483,14.009278,24.305109,10.861987,26.473126,11.493032,26.053528,12.58909,25.279729,0.0,0.355931
185,48,10590,18432,0.574544,0.79248,0.724995,0.724995,1.0,0.793783,0.723806,0.723806,1.0,0.728082,0.786325,0.787556,0.998017,0.661024,0.776859,0.817219,0.940227,False,False,True,False,0.999872,0.0,0.5139,1.140653,35.214996,1.140653,36.624741,17.5096,12.29376,23.688417,14.923283,21.44045,18.094661,18.643436,20.91692,18.538401,21.077576,18.280989,21.017069,18.368618,21.063923,19.912182,19.910357,17.524143,21.433817,17.485867,21.317535,18.317816,20.76204,34.074343,6.517167
186,48,7192,14181,0.507157,0.458219,0.688872,0.859341,0.776418,0.741133,0.684301,0.684301,1.0,0.365701,0.610251,0.904551,0.652253,0.283972,0.507525,0.937919,0.525167,False,False,False,False,0.0,0.0,0.474746,0.883197,0.883197,0.883197,23.315582,22.036615,10.845471,23.513441,21.647917,22.101559,20.136063,23.315582,21.647917,22.475065,21.963256,23.853216,21.418039,23.219967,21.663563,25.315258,20.925876,22.035177,22.102246,22.372961,21.94997,23.526558,21.535799,0.0,0.453642
187,48,8625,19480,0.442762,0.556057,0.796252,0.796252,1.0,0.566478,0.781604,0.781604,1.0,0.478542,0.773419,0.839627,0.907478,0.406725,0.706331,0.864572,0.794203,False,False,False,False,0.0,0.0,0.222018,1.020206,1.020206,1.020206,18.698936,19.365526,7.508368,22.410358,23.071069,23.015467,20.279634,18.698936,23.071069,18.595478,23.201965,18.774725,22.98564,18.634705,23.109206,26.737778,20.449791,19.386898,23.006092,21.275555,22.377031,23.801043,21.473102,0.0,-0.055602
188,48,7533,15283,0.492901,0.538441,0.89197,0.903026,0.98646,0.549041,0.884051,0.890478,0.991902,0.458418,0.820333,0.935198,0.869773,0.383694,0.712952,0.950887,0.74021,False,False,False,False,0.0,0.0,0.118194,0.805634,0.805634,0.805634,14.658878,14.205894,3.634753,16.470949,22.272942,23.158144,21.570306,14.658878,22.272942,14.431037,22.668571,14.500686,22.331688,14.313643,22.527062,17.289438,22.367914,14.22293,23.148315,14.766715,23.259008,15.831984,22.975334,0.0,0.885202
189,48,8922,15888,0.561556,0.762903,0.736078,0.736078,1.0,0.762903,0.736078,0.736078,1.0,0.693668,0.809545,0.809545,1.0,0.623364,0.806371,0.848546,0.941941,False,False,True,False,1.0,0.0,0.444444,1.082161,22.600153,1.082161,18.195883,3.671636,2.257058,5.003064,18.90609,35.027146,31.974033,4.260778,33.578089,3.94889,34.442371,4.471083,32.60394,4.320182,33.096002,4.072779,33.957287,3.693417,34.982356,3.643877,35.079455,3.767616,34.703981,21.517992,16.121056
190,48,10627,18048,0.588819,0.752216,0.782778,0.782778,1.0,0.752216,0.782778,0.782778,1.0,0.682181,0.849919,0.855994,0.991719,0.610317,0.794379,0.869814,0.901571,False,False,True,False,0.995957,0.0,0.388627,1.810762,7.433589,1.810762,7.325586,8.355698,2.681534,7.234842,27.186677,28.566313,29.269661,10.146357,27.336087,9.692795,27.664301,9.596845,27.606151,9.24215,27.860207,7.88915,29.014055,8.293717,28.605348,7.380164,29.240213,7.27474,29.39533,5.622827,1.379636
191,48,8589,18798,0.45691,0.53793,0.849387,0.849387,1.0,0.552772,0.826581,0.826581,1.0,0.464252,0.807893,0.886674,0.90092,0.398713,0.727605,0.903803,0.788683,False,False,True,False,1.0,0.0,0.176511,0.685343,15.46139,0.685343,14.659021,11.907557,3.655696,13.481352,22.344068,27.480249,25.138895,11.997517,27.338281,11.742461,27.566389,11.966003,27.338896,11.820196,27.456547,15.260605,25.457519,11.902977,27.483059,12.629487,27.034127,13.779253,26.320266,14.776047,5.136181
192,48,6710,12636,0.531022,0.564261,0.920089,0.930154,0.988376,0.570829,0.92546,0.927769,0.997317,0.476733,0.813702,0.948373,0.851416,0.390155,0.679654,0.955375,0.701937,False,False,True,False,1.0,0.0,0.086061,0.668973,2.351952,0.668973,2.31227,1.564878,0.698335,5.541977,37.330283,41.383327,26.343746,1.890859,40.431949,1.684302,41.086276,1.542673,41.009867,1.466766,41.299848,1.856682,40.56827,1.537705,41.43968,1.514257,41.461727,1.626428,41.149245,1.682979,4.053044
193,48,8271,16320,0.506801,0.747365,0.653045,0.66295,0.977633,0.749449,0.654855,0.663315,0.980897,0.679167,0.705136,0.722122,0.967719,0.609314,0.727687,0.771521,0.927578,False,False,True,False,0.987452,0.0,0.479066,0.830414,38.949806,0.830414,60.287552,9.701245,9.632957,20.168621,10.231485,23.971306,17.704794,9.701326,23.282072,9.771169,23.370444,9.667916,23.540006,9.812437,23.500906,12.595615,23.191992,9.714746,23.962966,10.330713,24.144485,11.316044,23.859675,38.119392,13.739821
194,48,7839,17184,0.45618,0.647928,0.631244,0.659422,0.936599,0.662768,0.641174,0.659584,0.958285,0.578852,0.654666,0.707449,0.897691,0.510184,0.660268,0.753279,0.842454,False,False,False,False,0.0,0.0,0.378705,0.585803,0.585803,0.585803,19.777607,19.536846,9.678224,25.52039,18.401973,18.908113,16.244897,19.777607,18.401973,19.737211,18.602944,19.943701,18.158307,19.711401,18.376594,21.096823,18.393136,19.533487,18.903626,19.611387,18.969842,20.104477,18.790106,0.0,0.50614
195,48,8600,19950,0.431078,0.538095,0.797434,0.799068,0.997442,0.549574,0.780812,0.782379,0.997442,0.465363,0.75626,0.829492,0.895465,0.395388,0.68434,0.849265,0.778953,False,False,True,False,1.0,0.0,0.20978,0.799001,35.877884,0.799001,29.784225,7.77783,5.675448,9.421705,15.046547,27.095861,23.070253,8.182946,26.632513,7.967791,26.796835,7.944341,26.682662,7.863411,26.741182,9.437752,25.85569,7.764419,27.087297,8.009148,27.005147,8.591046,26.56122,35.078883,12.049314
196,48,5308,15648,0.339213,0.414174,0.80536,0.811449,0.990769,0.646408,0.524765,0.524765,1.0,0.309624,0.637845,0.816099,0.744913,0.205585,0.414234,0.776189,0.470422,False,True,True,False,0.978143,0.0,0.54294,0.205384,0.78746,0.205384,0.860776,0.831889,0.361573,0.47532,44.894905,49.643079,47.336509,1.027254,48.688261,0.847777,49.491005,0.615988,50.805454,0.558277,51.077734,0.352864,51.150736,0.830131,49.650687,0.488006,51.218012,0.345391,51.488216,0.582076,4.748174
197,48,7681,16905,0.454363,0.566637,0.768443,0.782963,0.976435,0.578527,0.760714,0.77137,0.982164,0.484235,0.767714,0.841803,0.897149,0.412127,0.712816,0.874982,0.793647,False,False,True,False,0.997615,0.0,0.241869,1.216175,26.696371,1.216175,29.845028,21.684937,7.882625,23.007204,16.892728,22.245287,19.915367,23.284773,21.581604,22.249359,21.971809,23.733803,21.457198,23.019312,21.700072,25.880875,20.934697,21.71154,22.236063,22.231697,22.120635,23.693008,21.65328,25.480196,5.352559
198,48,10863,18672,0.58178,0.740735,0.78541,0.78541,1.0,0.740735,0.78541,0.78541,1.0,0.672611,0.864809,0.864878,0.999908,0.603042,0.845121,0.899911,0.932799,False,False,True,False,1.0,0.0,0.37969,0.911128,10.389124,0.911128,10.640891,8.162693,3.290562,9.166222,25.4996,29.816176,28.279825,8.480438,29.499058,8.364785,29.646998,8.601859,29.300011,8.498297,29.414439,9.351806,28.549482,8.163,29.812363,8.27049,29.65619,8.675872,29.209111,9.477996,4.316576
199,48,7121,14610,0.487406,0.709856,0.6033,0.634654,0.924308,0.731143,0.617278,0.636117,0.95422,0.595688,0.623974,0.69861,0.853813,0.496783,0.617072,0.755993,0.770538,False,False,False,False,0.0,0.0,0.517693,1.12169,1.12169,1.12169,23.41848,21.910126,14.798371,23.457989,20.707238,21.214235,18.389205,23.41848,20.707238,22.612883,21.013993,23.794411,20.481179,23.28306,20.698857,25.289988,19.987934,21.930206,21.207214,22.232832,21.074619,23.398212,20.642192,0.0,0.506997
200,48,8627,19680,0.438364,0.430793,0.677454,0.814815,0.800742,0.655285,0.664064,0.66602,0.995595,0.360264,0.599695,0.83103,0.682972,0.296392,0.513344,0.840905,0.568564,False,False,True,False,1.0,0.0,0.387678,1.015712,58.649475,1.015712,57.148872,5.847997,4.351066,11.425717,10.883038,30.840015,24.516679,6.372203,30.034808,6.238051,30.274001,6.879873,28.937522,6.753062,29.150588,7.663344,29.059155,5.849504,30.824456,6.039025,30.760553,6.699548,30.098779,57.633763,19.956977
201,48,8363,16992,0.492173,0.808675,0.602784,0.604978,0.994021,0.809793,0.603232,0.604942,0.995337,0.761476,0.632337,0.637762,0.986727,0.712394,0.651444,0.666997,0.965443,False,False,True,False,0.999189,0.0,0.6178,1.232626,59.611889,1.232626,68.80661,31.631351,33.796692,49.619675,8.839203,17.078771,11.254556,31.117064,16.726116,31.322453,16.882054,30.799154,16.893722,31.071865,16.937557,40.064011,15.325039,31.65176,17.076371,33.490135,16.824501,36.288334,16.19416,58.379263,8.239568
202,48,6053,13068,0.463193,0.591062,0.689807,0.72812,0.929126,0.616697,0.692695,0.71659,0.954072,0.480793,0.677911,0.793252,0.823393,0.384604,0.619737,0.843414,0.700314,False,False,True,False,0.999572,0.0,0.323592,1.972392,31.271324,1.972392,33.175945,12.292527,5.440675,11.710777,15.218792,23.609046,21.995757,12.86095,23.143877,12.528443,23.320581,13.076986,23.138746,12.760174,23.264943,13.82053,23.14575,12.303816,23.60025,12.520568,23.665302,13.032656,23.505433,29.298932,8.390254
203,48,9130,19824,0.460553,0.707476,0.63374,0.640428,0.98379,0.709544,0.636056,0.64112,0.987733,0.637611,0.684854,0.700079,0.969222,0.568604,0.718787,0.75692,0.934502,False,False,True,False,1.0,0.0,0.469048,1.079453,16.262857,1.079453,16.835196,7.600511,5.545135,11.288718,19.815568,28.718292,23.981688,7.752136,28.254424,7.809602,28.303689,7.645381,28.517161,7.643118,28.494526,8.919898,27.764534,7.601935,28.707918,7.742461,28.746017,8.17656,28.404006,15.183404,8.902724
204,48,6589,18164,0.36275,0.487227,0.650347,0.687458,0.923357,0.735356,0.493299,0.493299,1.0,0.377285,0.590581,0.728294,0.757475,0.279509,0.484413,0.749852,0.577781,False,False,True,False,0.999827,0.0,0.566911,2.032052,25.755537,2.032052,27.051651,12.313806,5.253477,9.60515,18.528619,26.307238,25.202931,13.564324,25.367974,12.684777,25.792368,14.755148,25.003451,14.131634,25.302322,13.314615,26.015867,12.376284,26.284773,12.372642,26.506252,12.649162,26.410616,23.723485,7.778619
205,48,7668,14730,0.52057,0.615614,0.760757,0.797419,0.94301,0.6241,0.773908,0.800174,0.959311,0.53761,0.774476,0.859073,0.887194,0.463544,0.753478,0.912273,0.812337,False,False,True,False,1.0,0.0,0.25885,0.456575,6.349523,0.456575,6.429056,6.474483,2.360521,7.800252,29.967487,32.531177,30.017367,6.453617,32.479847,6.417406,32.601166,6.39115,32.479037,6.301426,32.644935,7.876413,30.884152,6.463702,32.538676,6.756608,32.184886,7.240741,31.607461,5.892948,2.56369
206,48,10535,23040,0.457248,0.650043,0.703412,0.703412,1.0,0.652474,0.700792,0.700792,1.0,0.598828,0.760892,0.76205,0.998007,0.545964,0.756516,0.791398,0.944945,False,False,True,False,1.0,0.0,0.345702,0.782407,75.203735,0.782407,85.393326,5.969847,3.30913,8.439392,6.655255,28.889465,23.177932,7.0081,27.596152,6.519348,28.067798,7.171903,27.972948,6.766018,28.317059,6.442999,28.590439,5.977092,28.884325,5.841228,29.303985,5.962126,29.193429,74.421328,22.23421
207,48,7722,16730,0.461566,0.590735,0.652741,0.703531,0.900414,0.621698,0.669399,0.698683,0.941077,0.497788,0.657544,0.764529,0.824527,0.415242,0.63152,0.817331,0.735302,False,False,False,False,0.0,0.0,0.346803,0.718139,0.718139,0.718139,19.641111,18.64707,10.012877,23.560606,21.26517,22.060986,18.658834,19.641111,21.26517,19.331694,21.542663,20.016834,21.162618,19.885435,21.273985,21.714323,21.063804,18.657213,22.059248,18.88427,22.147998,19.941078,21.783736,0.0,0.795816
208,48,7472,15888,0.470292,0.710725,0.62981,0.642136,0.970423,0.71469,0.634572,0.643681,0.978185,0.642057,0.676914,0.699343,0.954764,0.574836,0.713799,0.757254,0.925589,False,False,True,False,1.0,0.0,0.474216,1.054222,14.768022,1.054222,15.042915,7.538499,5.064322,12.789035,22.613981,29.848348,23.652832,7.524625,29.603071,7.538053,29.762723,7.584002,29.417408,7.441069,29.643544,9.222207,28.250163,7.540774,29.841032,7.848992,29.573123,8.428266,29.006803,13.7138,7.234367
209,48,11379,20112,0.565782,0.761337,0.743143,0.743143,1.0,0.761983,0.742512,0.742512,1.0,0.693566,0.813937,0.814754,0.99877,0.623459,0.795241,0.844964,0.931101,False,False,False,False,0.0,0.0,0.448185,0.774915,0.774915,0.774915,9.150218,8.726954,6.219436,10.799602,26.862916,27.68961,23.709104,9.150218,26.862916,8.97387,27.113966,9.243519,26.817826,9.105252,26.971475,10.042446,26.758443,8.729795,27.686801,8.853385,27.824288,9.296687,27.478864,0.0,0.826694
210,48,8680,16800,0.516667,0.577798,0.89381,0.893994,0.99977,0.590417,0.87471,0.874887,0.99977,0.494107,0.819653,0.921455,0.881221,0.413571,0.707418,0.931923,0.745968,False,False,False,False,0.0,0.0,0.152586,0.787931,0.787931,0.787931,27.237518,25.61079,4.619581,26.196697,19.803774,20.476307,19.876312,27.237518,19.803774,26.774155,20.017697,27.583755,19.651769,27.206375,19.797846,28.965706,19.404771,25.610945,20.475445,25.626076,20.515309,26.81325,20.124853,0.0,0.672533
211,48,11382,21855,0.520796,0.693571,0.716355,0.730769,0.973203,0.704278,0.716722,0.726221,0.982077,0.619812,0.709505,0.763768,0.908979,0.546145,0.672141,0.785271,0.823493,False,False,False,False,0.0,0.0,0.402368,1.116204,1.116204,1.116204,32.680344,32.992153,18.8083,41.778248,17.07627,17.197418,14.465908,32.680344,17.07627,32.713875,17.167068,32.80238,17.005309,32.852367,17.027875,40.315907,15.695755,33.011684,17.191662,34.499123,16.914716,36.975342,16.389908,0.0,0.121148
212,48,9686,19104,0.507014,0.692787,0.706066,0.716736,0.979352,0.695718,0.710234,0.717929,0.985133,0.640232,0.74221,0.763388,0.963969,0.588097,0.74458,0.794749,0.921846,False,False,True,False,1.0,0.0,0.394988,0.869293,15.622212,0.869293,19.85116,5.555854,3.229808,9.171725,19.771247,30.3125,25.566218,5.615665,30.438673,5.560018,30.471501,5.7484,30.319133,5.671347,30.383071,6.952027,28.196584,5.563253,30.299779,5.817434,29.795721,6.279579,29.057424,14.752919,10.541253
213,48,7225,14700,0.491497,0.564558,0.870587,0.870587,1.0,0.566122,0.868181,0.868181,1.0,0.493333,0.836484,0.909266,0.912664,0.422993,0.756566,0.931168,0.801384,False,False,True,False,1.0,0.0,0.145686,0.290702,6.164013,0.290702,6.638339,7.551003,1.908049,7.323598,29.462507,30.931066,29.970994,7.494671,30.844638,7.503391,30.950291,7.248489,30.956816,7.329597,30.978895,8.708512,30.038811,7.556586,30.934222,7.794741,30.764516,8.196171,30.456928,5.873311,1.468559
214,48,8499,18954,0.448401,0.526591,0.665615,0.739906,0.868926,0.573019,0.682747,0.72323,0.924226,0.43632,0.625533,0.78029,0.759266,0.353857,0.558311,0.812286,0.641017,False,False,False,False,0.0,0.0,0.285222,1.035454,1.035454,1.035454,13.244657,11.894772,6.548382,15.53975,23.089593,24.282581,20.739286,13.244657,23.089593,13.053575,23.310308,13.694827,22.632556,13.567675,22.795772,12.502255,24.528058,11.911362,24.273313,11.506295,24.894664,11.685179,24.990952,0.0,1.192988
215,48,10965,21648,0.506513,0.712398,0.710221,0.710543,0.999362,0.713553,0.709404,0.709588,0.999635,0.650314,0.774463,0.776389,0.996808,0.58786,0.765613,0.807245,0.93689,False,False,False,False,0.0,0.0,0.417205,0.989641,0.989641,0.989641,10.008664,9.345888,7.718275,13.095881,26.949186,27.704678,21.954229,10.008664,26.949186,9.820125,27.187942,10.381669,26.685463,10.201003,26.866484,10.371819,26.813448,9.368384,27.689696,9.313209,27.79425,9.651527,27.474846,0.0,0.755492
216,48,7421,14100,0.526312,0.565957,0.911268,0.920175,0.989489,0.572411,0.907882,0.913394,0.993397,0.479929,0.820141,0.944732,0.861474,0.397447,0.702392,0.958958,0.724161,False,False,True,False,1.0,0.0,0.104656,0.800469,18.396566,0.800469,16.494093,4.552666,2.250487,4.548758,19.536452,31.601182,29.029274,5.573148,28.894033,5.306877,29.595864,5.444684,28.64098,5.303778,29.175958,3.635853,35.358023,4.547006,31.586542,3.946413,33.720411,3.555047,35.366452,17.596097,12.06473
217,48,10317,16512,0.624818,0.824431,0.741377,0.748402,0.987496,0.827035,0.743618,0.748682,0.990986,0.754906,0.794706,0.809306,0.977804,0.682534,0.779051,0.838776,0.916255,False,False,True,False,1.0,0.0,0.552381,1.547054,29.600485,1.547054,29.303577,13.08885,10.774388,17.323414,16.251425,23.357441,19.927248,13.864076,22.855229,13.524409,23.048304,14.485024,22.587782,14.225389,22.699534,15.651708,22.078203,13.111757,23.347738,13.452619,23.257624,14.324965,22.801482,28.053431,7.106016
218,48,7137,14210,0.502252,0.477692,0.866122,0.952121,0.905563,0.700915,0.713641,0.714859,0.997618,0.397326,0.748461,0.969182,0.766709,0.320408,0.614641,0.977378,0.623511,False,False,False,False,0.0,0.0,0.400679,0.767143,0.767143,0.767143,10.7243,10.279949,5.183373,15.18299,26.138092,26.749239,22.353971,10.7243,26.138092,10.744477,26.259169,10.627668,26.125449,10.54785,26.298551,11.970483,26.098574,10.291486,26.743351,10.412405,26.88412,10.977955,26.653643,0.0,0.611147
219,48,11289,21072,0.535735,0.705771,0.759077,0.759077,1.0,0.705913,0.758924,0.758924,1.0,0.639379,0.837898,0.837898,1.0,0.571232,0.829634,0.878707,0.93693,False,False,True,False,1.0,0.0,0.365736,0.986848,11.261474,0.986848,11.749579,8.277556,3.50908,9.425163,24.933067,30.117431,28.257802,8.788673,29.533985,8.472347,29.900611,9.024035,29.252463,8.728231,29.577286,9.643015,28.901391,8.277025,30.119682,8.424248,30.000274,8.903505,29.567283,10.274626,5.184364
220,48,7594,19480,0.389836,0.381622,0.554085,0.720743,0.705557,0.622895,0.619173,0.621724,0.993416,0.310421,0.505962,0.757896,0.603503,0.247536,0.430909,0.775404,0.492362,False,False,True,False,1.0,0.0,0.382467,1.419401,50.399208,1.419401,53.40308,12.081862,4.654776,16.56312,11.296223,25.459825,21.171028,12.49921,25.080772,12.121675,25.333637,12.994645,24.873961,12.687428,24.987741,15.989422,23.691938,12.109648,25.450069,12.925424,25.158383,14.288342,24.529995,48.979807,14.163602
221,48,6594,13949,0.472722,0.520898,0.682243,0.773603,0.852442,0.566851,0.707607,0.75996,0.911283,0.400315,0.604902,0.821991,0.696087,0.293785,0.486445,0.853831,0.530634,False,False,False,False,0.0,0.0,0.257512,2.18015,2.18015,2.18015,11.933323,11.471539,3.51303,11.092963,25.611681,26.151677,25.112059,11.933323,25.611681,11.620918,25.759079,12.75867,25.069615,12.51016,25.217518,13.492721,25.369137,11.49813,26.136697,11.793752,26.194026,12.463552,25.919113,0.0,0.539996
222,48,6771,13554,0.499557,0.643648,0.7469,0.759399,0.978437,0.647115,0.751211,0.760119,0.98464,0.557548,0.808178,0.847426,0.945798,0.477055,0.770836,0.891123,0.850982,False,False,False,False,0.0,0.0,0.298688,0.962652,0.962652,0.962652,7.114114,6.835475,2.21603,9.801753,27.832853,27.995589,23.75434,7.114114,27.832853,6.863536,27.990008,7.658494,27.680371,7.478068,27.714744,9.029243,25.912522,6.863289,27.986619,7.297593,27.563117,8.035937,26.824077,0.0,0.162736
223,48,6705,12744,0.52613,0.620056,0.654434,0.731207,0.861745,0.650031,0.688331,0.737687,0.911409,0.50204,0.621458,0.784933,0.748993,0.393754,0.553332,0.832204,0.622819,False,False,False,False,0.0,0.0,0.359828,0.916101,0.916101,0.916101,18.297092,18.104996,9.048021,20.255182,22.778385,23.072981,19.686711,18.297092,22.778385,17.905245,23.054179,18.415609,22.763362,18.116779,22.951556,22.21044,21.311449,18.110813,23.070552,18.966293,22.730226,20.363907,22.108214,0.0,0.294596
224,48,7038,15712,0.447938,0.647212,0.567265,0.61245,0.88491,0.680372,0.582716,0.610571,0.927394,0.526349,0.545794,0.653567,0.767974,0.41516,0.49713,0.690327,0.639812,False,False,True,False,1.0,0.0,0.475329,0.65191,33.938015,0.65191,25.780666,20.837265,12.208516,19.077579,15.59058,21.487106,19.443063,22.46121,20.356403,21.889458,20.647712,22.788387,20.271951,22.402813,20.463783,21.880222,21.664499,20.872549,21.477736,20.548735,21.994527,20.826086,22.064421,33.286105,5.896526
225,48,8201,15972,0.513461,0.615076,0.826426,0.830212,0.994513,0.620962,0.821371,0.823856,0.996342,0.534999,0.78872,0.864131,0.900378,0.460994,0.717312,0.882928,0.792708,False,False,True,False,1.0,0.0,0.223909,1.29357,73.456139,1.29357,77.331711,16.507946,5.732081,19.533106,9.11003,21.905069,19.554491,17.158558,21.120722,16.991018,21.292574,17.246189,21.136497,17.118645,21.172314,19.536804,21.236599,16.519571,21.899955,16.955818,22.109454,17.936064,21.866372,72.162569,12.795039
226,48,11145,23424,0.475794,0.764088,0.618806,0.620293,0.996142,0.765838,0.618565,0.6196,0.997308,0.695825,0.675765,0.678999,0.993001,0.626494,0.712202,0.731857,0.963661,False,False,False,False,0.0,0.0,0.550289,1.591009,1.591009,1.591009,9.038433,8.248243,6.254499,11.352265,27.58582,28.021476,24.073242,9.038433,27.58582,8.396621,27.977583,10.103275,27.138051,9.710812,27.348692,10.852759,26.111521,8.29532,28.001426,8.722178,27.632366,9.604218,26.962513,0.0,0.435656
227,48,9479,20622,0.459655,0.656047,0.497039,0.564639,0.805887,0.720008,0.558624,0.587217,0.919823,0.490156,0.463573,0.613771,0.654499,0.334255,0.390403,0.666908,0.484967,False,False,False,False,0.0,0.0,0.548147,0.601843,0.601843,0.601843,12.206808,11.775504,7.573604,11.191511,27.36835,27.73941,25.414749,12.206808,27.36835,11.8746,27.604883,12.604283,27.01739,12.276295,27.254846,14.403594,25.98346,11.779442,27.734616,12.187151,27.454223,13.09572,26.826697,0.0,0.37106
228,48,9537,17664,0.539912,0.734262,0.699539,0.714264,0.971375,0.741452,0.70784,0.716271,0.983643,0.66627,0.745106,0.772963,0.953864,0.595958,0.732343,0.805738,0.889378,False,False,False,False,0.0,0.0,0.448628,1.376564,1.376564,1.376564,12.688407,11.518157,6.314138,16.564329,24.732294,25.800729,21.236594,12.688407,24.732294,12.204047,25.072361,13.084968,24.745333,12.765545,24.905685,12.158191,25.429278,11.539722,25.792228,11.288351,26.13244,11.450247,25.999719,0.0,1.068435
229,48,12557,21667,0.579545,0.66059,0.851954,0.86362,0.984391,0.66539,0.858994,0.864535,0.992594,0.589376,0.815165,0.890681,0.90579,0.51853,0.735629,0.897552,0.803058,False,False,False,False,0.0,0.0,0.21438,1.297109,1.297109,1.297109,15.23238,14.290754,3.863813,16.76162,24.394064,24.958565,22.315528,15.23238,24.394064,14.720315,24.715067,15.79029,24.048407,15.385681,24.278365,15.983622,23.968285,14.313769,24.944995,14.41597,24.880753,14.980224,24.535,0.0,0.564501
230,48,6534,14944,0.437232,0.373595,0.672926,0.873007,0.745944,0.655046,0.667484,0.667484,1.0,0.273822,0.528481,0.897849,0.56229,0.180139,0.364995,0.916419,0.377564,False,False,True,False,0.999881,0.0,0.384067,1.649069,38.182602,1.649069,35.381287,13.115957,6.145581,14.024538,14.753383,23.394329,21.301281,14.492704,22.287475,14.123814,22.437566,14.97138,22.096999,14.74977,22.194606,13.712325,24.16821,13.129935,23.385374,12.786348,24.089989,12.979135,24.37962,36.533533,8.640946
231,48,8001,16695,0.479245,0.57658,0.826254,0.828485,0.99675,0.591614,0.806223,0.807938,0.997375,0.486912,0.808296,0.886948,0.901137,0.408745,0.734933,0.920281,0.784902,False,False,False,False,0.0,0.0,0.218196,1.047811,1.047811,1.047811,24.793734,23.560596,7.788436,25.595634,21.014053,21.564238,19.741455,24.793734,21.014053,23.975962,21.390195,24.66396,21.033378,24.078615,21.279486,28.42174,19.890111,23.56118,21.561461,24.262009,21.315487,25.927967,20.716447,0.0,0.550185
232,48,8072,14544,0.555006,0.784997,0.707016,0.707016,1.0,0.786441,0.705718,0.705718,1.0,0.720916,0.767502,0.768526,0.998266,0.653947,0.766426,0.802124,0.945119,False,False,False,False,0.0,0.0,0.519623,1.313298,1.313298,1.313298,18.410885,16.806078,12.517769,23.017467,21.207591,22.240509,18.080546,18.410885,21.207591,18.060415,21.392352,18.583746,21.297177,18.46011,21.362212,16.81793,22.464258,16.827469,22.232556,16.181616,22.764136,16.128923,22.848839,0.0,1.032918
233,48,6536,16524,0.395546,0.542423,0.710706,0.718398,0.985159,0.553316,0.705537,0.709395,0.99235,0.46611,0.72102,0.774474,0.912638,0.394759,0.68221,0.811896,0.810282,False,False,True,False,0.9997,0.0,0.263016,2.765519,35.706783,2.765519,48.190075,14.852612,3.78087,11.825377,12.25792,24.410772,23.5592,16.423092,23.143679,15.365005,23.633679,17.488525,22.825976,16.818697,23.083544,16.609955,23.862913,14.907181,24.395117,15.013617,24.726536,15.558496,24.528154,32.941264,12.152852
234,48,6649,12798,0.519534,0.705188,0.607755,0.65651,0.891111,0.725113,0.631234,0.664224,0.927057,0.584857,0.608147,0.714095,0.80388,0.475934,0.584774,0.771794,0.707024,False,False,True,False,0.999675,0.0,0.503984,0.651705,16.623463,0.651705,15.750739,10.127137,7.065051,10.432196,21.642423,28.193834,25.526033,10.29438,27.957711,9.974934,28.263459,10.243896,27.929234,9.997945,28.141943,12.678548,26.341616,10.12844,28.192852,10.665313,27.79117,11.54324,27.141777,15.971758,6.551411
235,48,7207,14640,0.492281,0.529918,0.927982,0.928461,0.999445,0.545219,0.90243,0.902656,0.999722,0.44679,0.827948,0.951995,0.864021,0.366393,0.696491,0.962155,0.716109,False,False,False,False,0.0,0.0,0.104399,0.813445,0.813445,0.813445,16.138893,15.585357,2.77869,16.911707,24.128262,24.577135,23.299091,16.138893,24.128262,16.035984,24.190884,15.94473,24.2285,15.825771,24.332542,17.645807,23.862633,15.592665,24.57346,15.744323,24.646115,16.465889,24.39145,0.0,0.448873
236,48,13456,22752,0.591421,0.729694,0.810505,0.810505,1.0,0.730178,0.809968,0.809968,1.0,0.663194,0.888896,0.890251,0.998291,0.595069,0.851128,0.916759,0.922414,False,False,True,False,0.997633,0.0,0.339501,1.094485,11.745805,1.094485,12.006392,10.648905,3.962744,13.01194,22.997294,26.441549,24.533288,10.686162,26.321783,10.605059,26.458366,10.664957,26.230584,10.595819,26.325977,12.626982,25.144889,10.638674,26.442524,11.039536,26.189328,11.7201,25.739238,10.65132,3.444255
237,48,10075,19632,0.513193,0.684902,0.749293,0.749293,1.0,0.684902,0.749293,0.749293,1.0,0.636919,0.805742,0.805742,1.0,0.588274,0.80035,0.832366,0.954144,False,False,True,False,0.999163,0.0,0.347285,0.533431,9.529315,0.533431,7.297998,7.396658,5.372816,6.980645,24.01658,28.253778,24.297355,7.975451,27.343424,7.529529,27.883877,8.270306,26.939864,7.986038,27.257118,9.368106,26.610195,7.402283,28.244881,7.717453,28.102816,8.368801,27.506147,8.995884,4.237198
238,48,11648,20496,0.568306,0.791276,0.718214,0.718214,1.0,0.791325,0.71817,0.71817,1.0,0.724776,0.783393,0.783709,0.999485,0.656421,0.782813,0.819236,0.946257,False,False,False,False,0.0,0.0,0.51571,1.158944,1.158944,1.158944,14.393773,13.869706,8.160714,17.257069,24.549447,24.979434,22.312222,14.393773,24.549447,13.971469,24.837819,14.714257,24.294271,14.478538,24.451908,16.709507,23.602601,13.888078,24.96781,14.387935,24.771075,15.348529,24.287352,0.0,0.429987
239,48,8943,16752,0.533847,0.832378,0.639822,0.640419,0.998546,0.832677,0.639593,0.640189,0.998546,0.783071,0.677005,0.678914,0.995863,0.732151,0.69393,0.708357,0.971486,False,False,False,False,0.0,0.0,0.642592,1.262902,1.262902,1.262902,26.22867,25.490999,20.367823,30.836147,19.666675,20.018485,16.683069,26.22867,19.666675,25.760036,19.909524,26.223936,19.689206,25.917141,19.810937,29.665586,18.66878,25.513512,20.010342,26.148497,19.803838,27.575758,19.330726,0.0,0.35181
240,48,4560,12064,0.377984,0.518733,0.687149,0.704059,0.966228,0.52752,0.697328,0.705217,0.984211,0.439406,0.73487,0.787965,0.916009,0.363229,0.695487,0.837061,0.804386,False,False,True,False,0.998401,0.0,0.248401,2.867804,7.529184,2.867804,10.011696,13.035453,1.741027,8.406944,25.265428,26.879443,28.436603,13.548319,26.554706,12.59883,27.005588,15.405921,25.863586,14.770687,26.128554,15.953362,25.540776,13.120907,26.847594,13.857967,26.528099,14.814035,26.080851,4.66138,1.614015
241,48,9562,17568,0.544285,0.766621,0.709979,0.709979,1.0,0.769695,0.707144,0.707144,1.0,0.709187,0.76606,0.766675,0.998954,0.649761,0.763069,0.795357,0.949488,False,False,False,False,0.0,0.0,0.494254,1.135024,1.135024,1.135024,14.499965,14.161263,14.382838,28.156628,22.893225,23.397587,15.807148,14.499965,22.893225,14.058565,23.178178,14.507669,23.033136,14.328732,23.228388,18.804922,20.957549,14.176846,23.391015,15.180402,22.978059,16.76696,22.086884,0.0,0.504362
242,48,10236,17184,0.59567,0.777235,0.766397,0.766397,1.0,0.778515,0.765137,0.765137,1.0,0.710254,0.836265,0.837362,0.998437,0.6424,0.822114,0.869553,0.937769,False,False,False,False,0.0,0.0,0.451497,1.056611,1.056611,1.056611,10.855933,10.37443,5.291931,12.583496,26.206905,26.760249,24.027298,10.855933,26.206905,10.891006,26.20891,10.793018,26.305539,10.783183,26.305206,11.505405,26.026579,10.379576,26.756939,10.288459,26.92061,10.649309,26.654337,0.0,0.553344
243,48,7432,14181,0.524082,0.551865,0.830374,0.884488,0.931378,0.566039,0.848942,0.884266,0.955059,0.470912,0.756286,0.909853,0.817546,0.394754,0.651458,0.918185,0.691604,False,False,False,False,0.0,0.0,0.13602,0.959846,0.959846,0.959846,6.32239,5.737442,2.215736,9.331584,27.564966,27.782863,22.548523,6.32239,27.564966,6.311177,27.434422,6.364191,27.242386,6.278794,27.359658,6.28615,26.047969,5.731521,27.773524,5.519824,27.601121,5.693308,26.969504,0.0,0.217897
244,48,7979,18204,0.43831,0.503626,0.740989,0.79603,0.914651,0.523401,0.762154,0.79471,0.948991,0.43463,0.692873,0.822042,0.81514,0.369809,0.616416,0.833333,0.703096,False,False,False,False,0.0,0.0,0.189438,1.125868,1.125868,1.125868,9.450224,9.033171,3.204597,12.567448,27.176277,27.8678,23.119156,9.450224,27.176277,9.235075,27.479019,9.760204,26.809064,9.641935,26.95302,11.459706,26.412847,9.04445,27.856787,9.430547,27.768157,10.286001,27.239918,0.0,0.691523
245,48,7150,13862,0.515799,0.420286,0.722325,0.934089,0.761119,0.680566,0.748076,0.752279,0.992587,0.342303,0.613976,0.953635,0.632867,0.273265,0.498767,0.960929,0.509091,False,False,False,False,0.0,0.0,0.344011,1.022447,1.022447,1.022447,11.239254,10.387133,3.758343,12.231003,23.470787,24.253647,22.769398,11.239254,23.470787,11.133007,23.661872,11.559021,23.192184,11.518461,23.291286,11.941725,23.597578,10.390443,24.247711,10.368812,24.449049,10.905082,24.210263,0.0,0.78286
246,48,8425,19824,0.42499,0.526836,0.536939,0.631176,0.782433,0.59882,0.587858,0.632971,0.891869,0.391394,0.480154,0.676634,0.623145,0.268664,0.38605,0.719114,0.454599,False,False,False,False,0.0,0.0,0.37863,0.768693,0.768693,0.768693,12.840713,12.098081,7.440097,14.327398,25.338301,26.126621,21.992232,12.840713,25.338301,12.525816,25.639537,13.288032,25.013236,13.055865,25.233672,15.998575,24.149671,12.108843,26.117254,12.767834,25.957075,14.162097,25.223198,0.0,0.78832
247,48,12556,23424,0.536031,0.681907,0.786077,0.786077,1.0,0.681907,0.786077,0.786077,1.0,0.634776,0.843326,0.843836,0.999283,0.58709,0.817855,0.860675,0.942657,False,False,False,False,0.0,0.0,0.314133,0.832015,0.832015,0.832015,9.321121,9.033715,3.011686,11.335961,28.35416,28.89069,26.62863,9.321121,28.35416,9.166082,28.605309,9.450781,28.097195,9.373473,28.227309,10.818945,27.352662,9.054422,28.871127,9.31106,28.707995,9.900977,28.160617,0.0,0.53653
248,48,8611,18942,0.454598,0.453859,0.825202,0.904967,0.903496,0.682716,0.664452,0.665017,0.998723,0.384437,0.725624,0.917742,0.7761,0.318023,0.611607,0.921979,0.644989,False,False,False,False,0.0,0.0,0.418837,1.001484,1.001484,1.001484,20.068169,19.882282,11.347013,29.919367,22.223049,22.606728,17.383992,20.068169,22.223049,20.113188,22.348816,20.346495,21.984466,20.144117,22.163235,25.871405,19.987358,19.87396,22.608383,20.895716,22.166047,22.925251,21.198935,0.0,0.383679
249,48,6281,14152,0.443824,0.412663,0.726146,0.873116,0.811813,0.659483,0.672988,0.672988,1.0,0.322993,0.604851,0.894771,0.65117,0.243358,0.467039,0.898955,0.492915,False,False,True,False,1.0,0.0,0.382925,1.126159,61.624908,1.126159,71.560898,5.103646,4.103206,6.144616,7.727297,31.098502,25.212286,5.778061,29.126368,5.6975,29.357709,5.967733,29.131344,5.945816,29.165689,4.504591,34.381383,5.11824,31.081858,4.722444,32.838798,4.495197,34.179692,60.498749,23.371205
250,48,7606,16694,0.455613,0.533126,0.832575,0.842584,0.985932,0.549838,0.820301,0.824055,0.994478,0.457709,0.791236,0.881429,0.885485,0.387924,0.709395,0.902409,0.768341,False,False,False,False,0.0,0.0,0.177157,0.911862,0.911862,0.911862,21.717373,22.816942,5.519806,26.006704,19.784207,20.111231,18.439252,21.717373,19.784207,21.890831,19.917147,22.516653,19.503363,22.446709,19.611972,31.933737,18.664557,22.856647,20.102992,25.290121,19.917237,28.377335,19.404356,0.0,0.327024
251,48,9073,19632,0.462154,0.770426,0.57498,0.584066,0.973658,0.780613,0.57376,0.580424,0.980381,0.712357,0.598364,0.617233,0.951394,0.654034,0.607704,0.645093,0.912928,False,False,False,False,0.0,0.0,0.608107,0.911166,0.911166,0.911166,34.526543,33.819023,29.087729,42.315109,17.001947,17.467457,13.267513,34.526543,17.001947,34.462765,17.191801,34.114407,17.033692,34.191704,17.121038,37.947392,16.528977,33.818913,17.46243,34.233662,17.42868,35.589001,17.096984,0.0,0.46551
252,48,6839,12933,0.528802,0.472976,0.776011,0.925454,0.827753,0.709889,0.729835,0.736194,0.988302,0.397201,0.677781,0.941795,0.707413,0.326529,0.568411,0.949325,0.586197,False,False,True,False,1.0,0.0,0.396456,1.087244,55.297832,1.087244,59.580494,9.287274,4.361339,13.652483,10.666071,27.09397,23.051327,10.082273,26.296705,9.94468,26.53821,9.836526,26.25475,9.629722,26.583874,10.481503,25.931482,9.289028,27.088454,9.183214,27.159215,9.59073,26.73243,54.210588,16.427899
253,48,10170,18048,0.563497,0.724956,0.755284,0.764751,0.983874,0.730164,0.758265,0.764076,0.990069,0.649878,0.811482,0.836388,0.964602,0.573415,0.765683,0.859793,0.874926,False,False,False,False,0.0,0.0,0.394516,1.138021,1.138021,1.138021,14.031104,13.436381,8.261572,19.969223,22.943463,23.503777,19.634107,14.031104,22.943463,14.054933,23.117742,14.110685,22.861535,14.202032,22.877487,15.296132,22.668907,13.445198,23.499632,13.541003,23.546695,14.191019,23.250463,0.0,0.560314
254,48,6388,14700,0.434558,0.553741,0.776473,0.780098,0.994051,0.557415,0.773103,0.775934,0.995304,0.477211,0.808284,0.854027,0.937852,0.403673,0.766848,0.901247,0.837195,False,False,False,False,0.0,0.0,0.217397,0.629291,0.629291,0.629291,8.076811,7.157535,2.326115,7.244051,24.754114,26.521658,25.909885,8.076811,24.754114,7.904352,24.887987,7.985546,25.285142,7.909987,25.323575,6.50767,29.170172,7.187644,26.510288,6.704133,28.08082,6.441661,29.157541,0.0,1.767544
255,48,8066,16071,0.501898,0.603883,0.655272,0.724884,0.87218,0.638853,0.679154,0.722217,0.919291,0.469915,0.618446,0.790254,0.739896,0.351627,0.533997,0.844983,0.591991,False,False,False,False,0.0,0.0,0.356152,1.490901,1.490901,1.490901,23.76717,22.288618,11.674454,23.571121,20.681459,21.177904,18.813693,23.76717,20.681459,22.79804,20.98901,24.476774,20.403705,23.784941,20.629426,27.863873,19.477299,22.308744,21.170345,23.150509,20.924164,25.103975,20.315448,0.0,0.496445
256,48,6940,13776,0.503775,0.630735,0.798504,0.798596,0.999856,0.636397,0.791401,0.791491,0.999856,0.536876,0.785305,0.852623,0.908646,0.451655,0.725711,0.889585,0.79755,False,False,False,False,0.0,0.0,0.26653,0.424907,0.424907,0.424907,14.15903,13.816619,6.11103,14.200816,23.832561,24.371769,22.708042,14.15903,23.832561,14.131892,23.933815,14.285014,23.608063,14.215562,23.724821,16.720461,23.292352,13.826177,24.362713,14.273487,24.385422,15.273535,23.996225,0.0,0.539208
257,48,5663,14322,0.395406,0.512917,0.706994,0.73346,0.951439,0.526253,0.7154,0.730397,0.9721,0.439115,0.687659,0.774368,0.859968,0.367965,0.610636,0.786528,0.731944,False,False,True,False,1.0,0.0,0.234669,2.804789,34.637024,2.804789,28.382776,14.421803,6.462409,29.302725,13.730251,24.315851,18.169354,15.329449,23.99092,14.74407,24.272102,16.650244,23.47568,15.837306,23.850777,24.769381,21.044516,14.464536,24.306159,16.59203,23.578271,20.402025,22.388207,31.832235,10.5856
258,48,9346,18192,0.513742,0.731036,0.70276,0.70276,1.0,0.731036,0.70276,0.70276,1.0,0.670569,0.765839,0.765964,0.999786,0.608069,0.768917,0.801935,0.949176,False,False,False,False,0.0,0.0,0.445851,1.294182,1.294182,1.294182,10.519759,9.506527,8.104228,15.757187,26.986821,27.913122,21.634823,10.519759,26.986821,10.146694,27.32176,11.092125,26.539355,10.801662,26.757617,10.378023,27.047935,9.53003,27.894557,9.325202,28.048778,9.624117,27.73652,0.0,0.926301
259,48,7066,14784,0.477949,0.521374,0.846058,0.878438,0.958251,0.537811,0.842577,0.863665,0.971837,0.442438,0.783355,0.913775,0.845882,0.368033,0.683311,0.933101,0.718511,False,False,True,False,0.99987,0.0,0.140451,1.038352,54.966789,1.038352,46.866119,21.017784,5.179062,23.826069,11.810473,21.571709,18.805099,21.158175,21.318068,20.921078,21.482545,21.169497,21.316462,21.056562,21.379704,28.191574,19.293132,21.036182,21.564786,22.47311,21.131745,25.007784,20.31417,53.928437,9.761236
260,48,8191,18130,0.451793,0.610204,0.577679,0.637259,0.860701,0.661004,0.596755,0.629172,0.920523,0.470105,0.536778,0.68497,0.712733,0.344732,0.447429,0.71424,0.544988,False,False,False,False,0.0,0.0,0.447027,1.137841,1.137841,1.137841,23.428152,22.552517,13.624476,23.386889,21.596895,21.977655,19.069581,23.428152,21.596895,22.624384,21.891765,23.432426,21.59237,22.89171,21.792574,29.710983,19.778767,22.578074,21.968123,23.923126,21.554353,26.40687,20.767366,0.0,0.38076
261,48,4930,12582,0.39183,0.499126,0.70624,0.738854,0.941176,0.73621,0.532225,0.532225,1.0,0.389525,0.640961,0.783514,0.778905,0.290256,0.52759,0.81161,0.601217,False,False,True,False,0.827496,0.0,0.523131,1.490547,21.317999,1.490547,26.4762,10.90933,7.066954,12.178025,16.9285,26.708863,23.127535,11.709736,26.152159,11.064165,26.589219,12.273699,25.701514,11.755781,26.040149,12.025017,25.93361,10.94591,26.685141,11.016294,26.598704,11.390872,26.338705,19.827452,9.780363
262,48,7182,13392,0.53629,0.667115,0.671611,0.724759,0.901559,0.684513,0.695778,0.731755,0.934002,0.557124,0.67406,0.790243,0.820941,0.45908,0.648528,0.85296,0.730159,False,False,False,False,0.0,0.0,0.395652,0.679442,0.679442,0.679442,23.688805,24.784323,11.274235,26.565069,20.688484,20.556233,18.226466,23.688805,20.688484,24.222778,20.654501,22.472525,20.986583,23.024691,20.885635,28.555277,19.225067,24.767427,20.558203,25.690384,20.263131,26.950571,19.802204,0.0,-0.132251
263,48,8797,19404,0.45336,0.558184,0.812206,0.812206,1.0,0.573181,0.790955,0.790955,1.0,0.47918,0.781881,0.853947,0.90258,0.40538,0.717835,0.885202,0.79152,False,False,True,False,1.0,0.0,0.217781,0.593382,34.353321,0.593382,33.333069,8.215414,5.144999,9.08177,15.559814,28.383427,24.172608,8.931302,27.478133,8.725816,27.77107,8.992952,27.36149,8.849759,27.56032,9.317911,26.951036,8.22557,28.375945,8.176538,28.414594,8.505816,27.882441,33.759939,12.823613
264,48,8810,17568,0.50148,0.730704,0.685116,0.685596,0.998978,0.734005,0.682558,0.682823,0.999432,0.667179,0.745388,0.748059,0.995233,0.602004,0.754548,0.788294,0.946311,False,False,False,False,0.0,0.0,0.464946,0.890843,0.890843,0.890843,21.462467,21.75732,14.561239,31.318199,19.436713,19.889045,15.667184,21.462467,19.436713,21.715626,19.536267,20.923988,19.587433,20.897806,19.665862,26.154484,18.891822,21.77359,19.884664,22.70821,19.881336,24.181574,19.524214,0.0,0.452332
265,48,6965,19149,0.363727,0.524309,0.672568,0.681076,0.981766,0.526398,0.672883,0.680159,0.98435,0.461068,0.708013,0.741534,0.939986,0.399238,0.673923,0.769392,0.844508,False,False,True,False,1.0,0.0,0.264117,2.425011,15.647735,2.425011,13.968366,10.555157,2.610719,8.746925,21.895398,27.989684,27.544172,11.121608,27.5727,9.988562,28.189134,12.606365,26.872732,11.73161,27.314477,14.555491,26.164257,10.614406,27.962008,11.65877,27.505092,13.000526,26.881477,13.222724,6.094286
266,48,7048,16236,0.434097,0.521003,0.795623,0.812271,0.974886,0.538741,0.785149,0.794215,0.98567,0.445676,0.753929,0.848535,0.871169,0.375154,0.671628,0.866689,0.749007,False,False,False,False,0.0,0.0,0.194928,1.39109,1.39109,1.39109,19.208239,18.34161,7.244086,19.585178,20.093483,21.20396,18.146836,19.208239,20.093483,18.920498,20.414366,19.301315,20.252004,18.997967,20.500157,22.188564,20.251479,18.381102,21.195024,19.053444,21.454353,20.265039,21.097018,0.0,1.110477
267,48,8174,19360,0.422211,0.540651,0.625338,0.685201,0.877416,0.59282,0.630382,0.66202,0.929533,0.413326,0.568354,0.732567,0.717152,0.294267,0.461798,0.769177,0.53609,False,False,False,False,0.0,0.0,0.346773,1.595477,1.595477,1.595477,28.335127,28.070957,14.944872,30.235706,19.444369,19.676097,16.596223,28.335127,19.444369,27.655289,19.634557,29.239662,19.178289,28.929369,19.278787,38.00518,17.418165,28.105783,19.667877,30.344425,19.217928,33.754589,18.412529,0.0,0.231728
268,48,8946,16320,0.548162,0.752328,0.72862,0.72862,1.0,0.75913,0.722092,0.722092,1.0,0.680025,0.802194,0.803929,0.997317,0.606189,0.784841,0.83736,0.926,False,False,False,False,0.0,0.0,0.466911,1.026625,1.026625,1.026625,25.165064,24.40506,14.610343,27.116625,19.743393,20.127238,17.882172,25.165064,19.743393,24.616999,19.981918,25.438446,19.644869,24.944296,19.848655,29.004845,18.646885,24.423317,20.121234,25.208845,19.906313,26.782845,19.381705,0.0,0.383845
269,48,6539,12582,0.519711,0.547051,0.886968,0.916606,0.964826,0.566365,0.872944,0.893769,0.974002,0.463917,0.806188,0.946377,0.844777,0.384597,0.693155,0.962596,0.712341,False,False,False,False,0.0,0.0,0.125269,1.027856,1.027856,1.027856,19.262222,18.791252,3.851729,20.72794,22.074781,22.470618,21.234644,19.262222,22.074781,18.98955,22.276014,19.698935,21.912397,19.581333,22.017331,22.257786,21.306836,18.798847,22.466873,19.354897,22.343629,20.522711,21.932543,0.0,0.395837
270,48,7002,16176,0.432864,0.668954,0.624408,0.633121,0.978435,0.671736,0.627174,0.633812,0.983576,0.598727,0.672379,0.692721,0.958155,0.528314,0.706134,0.752984,0.919023,False,False,True,False,1.0,0.0,0.428712,0.965773,8.322651,0.965773,8.766257,5.639151,4.934634,14.475721,20.496412,28.159897,21.143012,5.412406,28.533111,5.59383,28.155589,5.507474,28.627767,5.543797,28.481123,7.186566,27.074258,5.640198,28.15133,5.958774,27.95309,6.495144,27.578635,7.356878,7.663485
271,48,8205,16870,0.486366,0.51559,0.678217,0.785353,0.832541,0.56147,0.721227,0.781989,0.902742,0.430587,0.634855,0.826955,0.732115,0.350385,0.572813,0.869734,0.626569,False,False,False,False,0.0,0.0,0.238084,0.709329,0.709329,0.709329,12.847451,16.420841,12.16484,40.073128,22.071273,21.459003,13.938006,12.847451,22.071273,13.818769,21.712027,12.419216,22.320518,13.155027,21.998388,27.448223,18.176467,16.466261,21.449544,19.852163,20.597893,23.508511,19.431964,0.0,-0.61227
272,48,9536,18144,0.525573,0.795525,0.660662,0.660662,1.0,0.798997,0.657791,0.657791,1.0,0.742229,0.706201,0.706987,0.998427,0.687169,0.712107,0.734039,0.959732,False,False,False,False,0.0,0.0,0.576092,1.084146,1.084146,1.084146,24.510906,23.812885,22.197878,42.614826,20.26018,20.698144,14.160336,24.510906,20.26018,24.070295,20.483856,24.996574,20.067341,24.744757,20.191503,29.936975,18.984256,23.826027,20.695762,24.920406,20.461237,27.055334,19.844244,0.0,0.437964
273,48,7613,14911,0.510563,0.53826,0.932172,0.94007,0.991068,0.55335,0.914093,0.918192,0.99514,0.462746,0.835462,0.957391,0.867726,0.390718,0.717005,0.963268,0.73716,False,False,False,False,0.0,0.0,0.092491,0.758381,0.758381,0.758381,15.40606,15.231402,2.711976,16.985332,24.381942,24.504313,22.604949,15.40606,24.381942,15.110688,24.484802,15.55287,24.219006,15.341127,24.343722,18.273172,23.129673,15.238977,24.500265,15.843907,24.25016,16.877228,23.771238,0.0,0.122371
274,48,10627,17520,0.606564,0.761929,0.79609,0.79609,1.0,0.7621,0.795911,0.795911,1.0,0.692066,0.872747,0.874474,0.997742,0.619806,0.83594,0.900912,0.92058,False,False,False,False,0.0,0.0,0.394458,0.989264,0.989264,0.989264,11.814749,11.473166,4.644615,13.666385,26.1643,26.392486,24.575699,11.814749,26.1643,11.601142,26.362939,11.903987,26.054309,11.721527,26.217255,13.419592,25.0962,11.478718,26.390719,11.791443,26.159543,12.465324,25.710117,0.0,0.228186
275,48,6449,13833,0.466204,0.545941,0.806581,0.827728,0.969298,0.559242,0.800584,0.815279,0.977981,0.462879,0.771468,0.874122,0.867886,0.384443,0.68969,0.903159,0.744767,False,False,False,False,0.0,0.0,0.192172,1.710094,1.710094,1.710094,19.432676,18.067814,5.333198,17.970125,20.912644,21.463903,20.177436,19.432676,20.912644,18.884529,21.155905,19.989353,20.564716,19.514757,20.763835,19.328114,20.726124,18.095209,21.453143,17.966404,21.474686,18.385693,21.215881,0.0,0.551259
276,48,9871,20688,0.477137,0.762519,0.619475,0.62187,0.99382,0.765081,0.618835,0.620672,0.995239,0.696346,0.667147,0.674372,0.984196,0.62935,0.683781,0.713978,0.941749,False,False,False,False,0.0,0.0,0.531756,0.785985,0.785985,0.785985,17.034477,16.774086,13.920126,20.61186,21.000898,21.497136,17.591623,17.034477,21.000898,17.00547,21.146315,16.954649,21.068344,16.976362,21.115646,19.033701,20.878585,16.784048,21.491811,17.10161,21.56324,17.844055,21.345631,0.0,0.496238
277,48,5672,15128,0.374934,0.488366,0.712562,0.735517,0.958039,0.729045,0.514281,0.514281,1.0,0.405738,0.708623,0.79798,0.86354,0.329852,0.643342,0.836473,0.735896,False,False,False,False,0.0,0.0,0.559856,1.384976,1.384976,1.384976,19.380289,17.067818,10.468309,19.172485,21.762725,23.472972,19.566555,19.380289,21.762725,19.079514,22.055477,19.656969,21.733653,19.501175,21.837949,14.779149,24.840033,17.098671,23.464467,15.616479,24.63813,14.653502,25.186051,0.0,1.710247
278,48,7005,14520,0.482438,0.55978,0.788137,0.82062,0.952177,0.57989,0.781384,0.803563,0.965882,0.472039,0.740424,0.860228,0.841685,0.39022,0.658942,0.888281,0.718487,False,False,True,False,0.996407,0.0,0.219561,1.080018,52.030914,1.080018,32.582775,16.273851,8.941938,22.510683,11.018519,21.187513,17.307579,15.288508,21.22372,15.375351,21.306705,15.221603,21.275966,15.372354,21.222322,23.522436,18.621797,16.29793,21.178628,18.32629,20.579202,20.768688,19.670038,50.950896,10.168994
279,48,11895,21696,0.548258,0.753549,0.727567,0.727567,1.0,0.75401,0.727123,0.727123,1.0,0.68326,0.801807,0.802078,0.99958,0.610804,0.799299,0.842967,0.939134,False,False,False,False,0.0,0.0,0.455158,1.171411,1.171411,1.171411,14.610312,13.984167,7.105669,15.155191,25.273478,25.688791,23.818179,14.610312,25.273478,14.244977,25.501274,14.768783,25.169429,14.502424,25.32916,16.197731,24.383419,13.991817,25.684762,14.247303,25.528564,15.007818,25.065539,0.0,0.415313
280,48,6767,17220,0.392973,0.468873,0.778643,0.804682,0.9601,0.625726,0.628028,0.628028,1.0,0.405168,0.737987,0.836463,0.862421,0.343438,0.653972,0.847819,0.740949,False,False,True,False,0.999522,0.0,0.365828,0.883542,8.607258,0.883542,9.043889,3.254027,1.108709,2.721886,25.213921,35.703244,39.243648,3.616669,34.915113,3.318703,35.598527,3.810059,34.277894,3.599626,34.76487,3.874588,34.486136,3.258509,35.683106,3.332742,35.501054,3.55214,35.077369,7.723716,10.489323
281,48,6989,14210,0.491837,0.599719,0.764217,0.78843,0.961368,0.606052,0.766418,0.785996,0.968522,0.516749,0.751222,0.83726,0.879668,0.43779,0.678313,0.858222,0.763915,False,False,False,False,0.0,0.0,0.253704,3.206204,3.206204,3.206204,18.529261,17.582058,4.354475,14.924453,22.134827,22.63559,22.399197,18.529261,22.134827,17.319025,22.621895,19.701912,21.818797,18.865408,22.143584,21.996471,20.990827,17.629847,22.623088,18.638861,22.302666,20.120047,21.727987,0.0,0.500763
282,48,7565,14880,0.508401,0.53871,0.932647,0.937999,0.993919,0.544825,0.92578,0.92932,0.995902,0.461022,0.83641,0.957726,0.868473,0.385215,0.713531,0.96598,0.731923,False,False,True,False,0.99959,0.0,0.074504,0.415174,35.092232,0.415174,38.280678,5.806521,1.0617,6.599515,15.312569,30.886834,28.809132,6.372769,29.280338,6.444944,29.406182,6.221943,29.169103,6.226173,29.293447,5.486495,32.498979,5.797488,30.892995,5.445252,32.168581,5.325226,32.810447,34.677058,15.574265
283,48,12436,21792,0.570668,0.748577,0.762337,0.762337,1.0,0.750321,0.760565,0.760565,1.0,0.685343,0.832675,0.832675,1.0,0.620365,0.820765,0.865449,0.940817,False,False,True,False,1.0,0.0,0.415883,0.801803,7.800413,0.801803,6.452986,6.810041,3.484716,6.68819,25.488251,28.860797,27.82197,7.116275,28.433228,6.779511,28.946864,7.211644,28.425366,6.991396,28.645886,8.763804,26.092848,6.802831,28.869111,7.203281,28.231786,7.882867,27.237123,6.99861,3.372546
284,48,8265,17532,0.471424,0.594627,0.785271,0.788585,0.994676,0.597479,0.782894,0.785585,0.995644,0.511237,0.766431,0.833984,0.904416,0.430527,0.706746,0.867515,0.792257,False,False,False,False,0.0,0.0,0.24107,1.744218,1.744218,1.744218,11.713007,11.386005,3.28891,12.380641,25.868888,26.351259,24.914844,11.713007,25.868888,11.141399,26.315586,12.088243,25.619755,11.682961,25.939883,17.36471,23.423458,11.410325,26.334822,12.805646,25.703421,14.891228,24.647081,0.0,0.482371
285,48,8605,18336,0.469295,0.673538,0.641855,0.66332,0.952005,0.679592,0.650552,0.666319,0.964904,0.603403,0.668986,0.712581,0.916212,0.53425,0.670085,0.753675,0.85799,False,False,False,False,0.0,0.0,0.376837,0.662419,0.662419,0.662419,3.1362,3.107302,2.145857,8.179702,34.860987,34.822515,25.323368,3.1362,34.860987,3.040945,34.996122,2.866124,34.675677,2.773426,34.831912,3.752237,32.522518,3.107844,34.811368,3.110633,34.283676,3.340577,33.470822,0.0,-0.038472
286,48,7605,14508,0.524194,0.531569,0.88401,0.931924,0.945036,0.553419,0.869201,0.905468,0.95595,0.455817,0.798154,0.954332,0.829849,0.383306,0.685572,0.962956,0.704142,False,False,False,False,0.0,0.0,0.109952,0.82539,0.82539,0.82539,23.600307,23.265396,4.032353,26.65904,20.610229,20.959426,19.380958,23.600307,20.610229,23.35652,20.774334,24.315933,20.309761,23.962393,20.459166,27.648609,19.719809,23.264168,20.958499,24.042778,20.816673,25.517948,20.376194,0.0,0.349197
287,48,8272,18858,0.438647,0.548998,0.798995,0.798995,1.0,0.562414,0.779936,0.779936,1.0,0.475077,0.759702,0.830338,0.899299,0.407466,0.688466,0.846694,0.786509,False,False,False,False,0.0,0.0,0.220102,0.8265,0.8265,0.8265,10.433228,9.758221,4.953744,12.010517,26.985194,27.814614,23.576553,10.433228,26.985194,10.103764,27.358619,10.611097,26.778591,10.324589,27.026808,11.399863,26.667979,9.756287,27.81382,9.922711,27.83546,10.496373,27.418253,0.0,0.82942
288,48,8119,16560,0.490278,0.796981,0.609924,0.611911,0.994704,0.799758,0.609629,0.610918,0.996551,0.736292,0.655285,0.659477,0.990393,0.674215,0.673813,0.695298,0.956152,False,False,False,False,0.0,0.0,0.609643,1.153655,1.153655,1.153655,20.197931,19.259598,16.104727,25.00312,21.998314,22.525086,18.580376,20.197931,21.998314,19.600033,22.310238,20.52018,21.855033,19.994417,22.087719,23.274706,20.99876,19.270189,22.51968,19.891489,22.327038,21.27643,21.780722,0.0,0.526772
289,48,5958,16236,0.366962,0.520017,0.657192,0.676418,0.958543,0.535538,0.66228,0.67142,0.979859,0.444752,0.673099,0.734247,0.889896,0.373368,0.632709,0.768393,0.781806,False,False,False,False,0.0,0.0,0.274664,2.798729,2.798729,2.798729,12.546101,11.569822,3.276383,10.339432,25.985652,26.775746,24.093733,12.546101,25.985652,11.545933,26.441897,13.761777,25.648596,13.064059,25.938277,14.058969,25.844698,11.617601,26.760073,12.101041,26.755234,12.926541,26.427346,0.0,0.790094
290,48,7258,13176,0.55085,0.544551,0.890126,0.947317,0.936484,0.560413,0.9023,0.940547,0.956875,0.462963,0.78822,0.965246,0.811243,0.3835,0.666576,0.974471,0.678424,False,False,True,False,1.0,0.0,0.07418,0.974992,56.294865,0.974992,58.132267,8.680996,1.866115,10.464224,10.56928,25.39341,23.262496,9.372692,24.719569,9.244282,25.05245,9.508405,24.5138,9.325158,24.821452,9.476072,24.083553,8.694728,25.386878,8.546202,25.310163,8.814549,24.840938,55.319873,14.82413
291,48,6744,15648,0.430982,0.53566,0.784568,0.793367,0.986062,0.545948,0.777972,0.78298,0.991845,0.452965,0.775838,0.852568,0.896056,0.37877,0.701948,0.881728,0.774911,False,False,False,False,0.0,0.0,0.207884,1.336328,1.336328,1.336328,17.137554,16.678925,5.107854,16.598804,23.955897,24.328986,22.58216,17.137554,23.955897,16.529261,24.307931,17.610023,23.753003,17.18619,23.991785,20.432335,22.740103,16.700228,24.320729,17.472075,24.019768,18.724792,23.464745,0.0,0.373089
292,48,5736,13014,0.440756,0.511296,0.711562,0.774121,0.898013,0.547026,0.714229,0.752353,0.933752,0.416859,0.653726,0.813272,0.769177,0.329338,0.568388,0.84741,0.633194,False,False,True,False,0.997252,0.0,0.242237,1.64482,69.358154,1.64482,88.848213,17.352161,6.893652,25.624884,7.648617,23.164092,18.034034,15.799628,23.299188,16.063692,23.35388,15.520979,23.44842,15.69764,23.443316,24.315666,20.925645,17.362215,23.158437,19.301779,22.61367,21.656496,21.830279,67.713334,15.515475
293,48,6353,18876,0.336565,0.462015,0.589414,0.640982,0.879899,0.653104,0.515331,0.515331,1.0,0.404376,0.584816,0.676143,0.812372,0.348803,0.540853,0.689702,0.71478,False,False,False,False,0.0,0.0,0.415555,0.777716,0.777716,0.777716,4.926544,4.869668,2.653065,6.264704,31.800368,31.978305,28.729198,4.926544,31.800368,4.657747,32.225191,5.039456,31.2287,4.808909,31.595713,5.991028,30.05864,4.876856,31.95908,5.054567,31.473883,5.440212,30.81026,0.0,0.177937
294,48,8004,14123,0.566735,0.68045,0.646014,0.719355,0.863693,0.708206,0.682646,0.730354,0.912669,0.549104,0.617635,0.775887,0.751749,0.428238,0.555457,0.829696,0.626937,False,False,True,False,1.0,0.0,0.437163,0.523288,12.894319,0.523288,12.9327,7.789564,4.694395,9.854073,24.430231,30.382773,27.127813,7.636224,30.272262,7.600616,30.430472,7.659962,30.235445,7.639972,30.308355,10.212436,28.028582,7.801016,30.373439,8.356863,29.862205,9.179369,29.026494,12.371031,5.952542
295,48,8606,15792,0.544959,0.733599,0.731053,0.736038,0.99082,0.735816,0.73242,0.735886,0.993609,0.674709,0.781447,0.792961,0.981757,0.614552,0.756114,0.812365,0.916105,False,False,False,False,0.0,0.0,0.426802,1.058076,1.058076,1.058076,16.654467,17.069176,13.497681,29.595901,22.252138,22.51262,16.392728,16.654467,22.252138,17.029902,22.256262,16.264505,22.270584,16.430243,22.3053,21.080254,21.105714,17.064646,22.508713,17.912968,22.366278,19.280308,21.863554,0.0,0.260482
296,48,6040,13014,0.464116,0.679268,0.642565,0.658484,0.963742,0.696942,0.640786,0.650606,0.976987,0.566928,0.659822,0.72296,0.883113,0.466498,0.647083,0.783726,0.787748,False,False,False,False,0.0,0.0,0.453685,1.746822,1.746822,1.746822,25.509272,25.258499,15.221251,30.444813,20.136976,20.324001,16.686307,25.509272,20.136976,25.104469,20.291871,27.05756,19.666168,26.504471,19.846982,30.703587,18.723565,25.287416,20.319085,26.470089,20.023468,28.305077,19.461054,0.0,0.187025
297,48,7197,14880,0.483669,0.554503,0.863675,0.867652,0.99472,0.567876,0.844948,0.848047,0.995693,0.473454,0.808049,0.903478,0.884396,0.396438,0.714136,0.924903,0.758094,False,False,False,False,0.0,0.0,0.166341,0.441234,0.441234,0.441234,11.981659,10.953777,4.489132,12.217637,24.514817,25.77719,22.96233,11.981659,24.514817,11.859664,24.863044,11.665555,24.804779,11.598582,25.008949,11.034691,25.785249,10.954703,25.775977,10.489185,26.319866,10.459867,26.323145,0.0,1.262373
298,48,9162,17472,0.524382,0.761218,0.674394,0.680226,0.987448,0.763164,0.674931,0.679841,0.989413,0.709993,0.714661,0.724627,0.981118,0.658024,0.720007,0.752196,0.943899,False,False,True,False,1.0,0.0,0.509747,1.399037,54.494747,1.399037,69.347847,13.760205,9.292018,20.311068,8.729092,23.524627,18.491392,15.298916,22.062849,14.903151,22.277775,15.669031,21.92713,15.104016,22.217961,14.393764,24.196013,13.778433,23.518416,13.306483,24.430871,13.462017,24.695875,53.09571,14.795535
299,48,6579,13176,0.499317,0.538479,0.845344,0.882875,0.95212,0.55343,0.852678,0.87548,0.97036,0.455373,0.773189,0.914167,0.833713,0.374469,0.667343,0.933928,0.70041,False,False,False,False,0.0,0.0,0.137638,1.382699,1.382699,1.382699,21.366013,20.043877,4.862362,25.845671,21.781624,22.508669,19.721397,21.366013,21.781624,20.67148,22.1395,21.280994,21.741568,20.762222,21.986208,26.691442,20.130264,20.062674,22.500867,21.194355,22.176888,23.541824,21.296996,0.0,0.727045
300,48,13045,23136,0.56384,0.807573,0.698191,0.698191,1.0,0.807573,0.698191,0.698191,1.0,0.743473,0.757875,0.758095,0.999617,0.675614,0.764351,0.794767,0.952319,False,False,False,False,0.0,0.0,0.557328,1.5751,1.5751,1.5751,10.231277,9.528657,6.298649,10.331903,26.423954,26.910248,24.546986,10.231277,26.423954,9.729679,26.76008,10.876479,26.028645,10.510745,26.207006,11.414591,25.481714,9.550147,26.897243,9.778766,26.693075,10.406746,26.193346,0.0,0.486294
301,48,8110,17945,0.451936,0.511619,0.883346,0.883346,1.0,0.518417,0.871762,0.871762,1.0,0.44185,0.80599,0.902762,0.882614,0.376094,0.703428,0.909172,0.756597,False,False,True,False,0.998983,0.0,0.1212,0.602881,14.520658,0.602881,11.150637,5.661241,2.129334,7.687628,21.837446,32.569065,28.022582,5.345006,32.873884,5.35931,32.881156,5.451582,32.553034,5.474065,32.487157,9.079696,28.62689,5.674024,32.547767,6.547102,31.467959,7.722976,30.066874,13.917777,10.731619
302,48,11963,21408,0.55881,0.750794,0.742557,0.743296,0.998663,0.755138,0.738612,0.739206,0.998913,0.690676,0.803465,0.805965,0.996155,0.629951,0.774686,0.823743,0.928613,False,False,True,False,1.0,0.0,0.445209,0.934851,20.739473,0.934851,18.006659,14.903536,14.102559,18.478224,16.644004,21.662802,17.698005,14.873834,21.456684,14.747582,21.672945,14.536376,21.459379,14.570258,21.571727,17.278191,20.622287,14.88339,21.660082,15.353423,21.463516,16.151773,21.105416,19.804622,5.018798
303,48,6606,15456,0.427407,0.506146,0.74474,0.787294,0.932334,0.529633,0.743517,0.770584,0.954889,0.426954,0.715603,0.834672,0.833787,0.353908,0.64344,0.864351,0.715713,False,False,False,False,0.0,0.0,0.211977,1.112316,1.112316,1.112316,22.603745,20.637703,5.750245,25.69013,19.703203,20.823867,18.064516,22.603745,19.703203,22.26486,19.976676,22.825159,19.666097,22.738066,19.756746,22.160358,20.534535,20.654808,20.818918,20.189575,21.255593,20.736099,21.148708,0.0,1.120664
304,48,10337,17712,0.583616,0.744241,0.784175,0.784175,1.0,0.744241,0.784175,0.784175,1.0,0.679031,0.859483,0.859483,1.0,0.61224,0.827208,0.884268,0.927639,False,False,True,False,1.0,0.0,0.378441,0.711006,8.643254,0.711006,9.539776,3.991842,1.888407,4.523363,27.539137,35.418997,33.637487,4.163232,35.133564,3.992873,35.456224,3.996711,35.334239,3.940827,35.461384,4.674212,34.15985,3.981361,35.442203,4.100996,35.193658,4.335268,34.742681,7.932248,7.87986
305,48,8312,15312,0.542842,0.775731,0.696639,0.697929,0.997353,0.780368,0.693639,0.694451,0.998316,0.710097,0.749658,0.756001,0.988932,0.64185,0.760823,0.797517,0.942974,False,False,False,False,0.0,0.0,0.521571,1.142762,1.142762,1.142762,34.648983,34.658768,21.010477,42.46146,16.848744,17.15096,14.400383,34.648983,16.848744,34.58939,16.986933,34.517525,16.86405,34.39814,16.947772,40.667187,16.106732,34.669273,17.145934,35.869946,17.033803,37.904915,16.668323,0.0,0.302216
306,48,6189,13804,0.448348,0.589322,0.759705,0.760172,0.999192,0.594972,0.752921,0.753196,0.999515,0.505723,0.761637,0.815642,0.920019,0.424008,0.693195,0.842303,0.796575,False,False,False,False,0.0,0.0,0.262246,0.74025,0.74025,0.74025,14.195939,12.461033,6.822237,15.019066,22.584048,23.830656,19.632799,14.195939,22.584048,14.096354,22.58449,14.633705,22.51096,14.473528,22.581005,10.726234,24.928359,12.477837,23.824128,11.315022,24.810416,10.667475,25.237358,0.0,1.246608
307,48,7526,15314,0.491446,0.431174,0.665763,0.855217,0.750332,0.72548,0.677408,0.677408,1.0,0.322581,0.562155,0.908097,0.596067,0.227374,0.427756,0.947157,0.438214,False,False,False,False,0.0,0.0,0.459938,0.577127,0.577127,0.577127,26.665648,25.794445,11.222735,28.893303,20.47918,20.815617,18.526145,26.665648,20.47918,25.910133,20.737844,26.221498,20.614356,25.915405,20.715395,29.796173,19.595165,25.785986,20.818641,26.457613,20.62879,27.83165,20.199434,0.0,0.336437
308,48,8997,16752,0.53707,0.73239,0.733312,0.733312,1.0,0.737464,0.728266,0.728266,1.0,0.666547,0.797059,0.800913,0.993998,0.600227,0.754166,0.81462,0.910415,False,False,False,False,0.0,0.0,0.431979,1.271094,1.271094,1.271094,22.850801,22.217628,20.241909,30.362158,20.114749,20.416974,14.786829,22.850801,20.114749,22.627876,20.310948,23.018673,20.056441,22.819162,20.186769,28.557371,18.132818,22.217554,20.414869,23.35371,19.988195,25.577675,19.163706,0.0,0.302225
309,48,6761,13392,0.504854,0.823103,0.584038,0.594847,0.969827,0.829824,0.590072,0.596869,0.981068,0.721625,0.63092,0.657492,0.939802,0.628211,0.671882,0.724831,0.901938,False,False,False,False,0.0,0.0,0.671241,0.595385,0.595385,0.595385,13.481783,13.20919,9.792339,14.024109,26.064965,26.281975,23.314604,13.481783,26.064965,12.981167,26.390842,13.810285,25.843201,13.450969,26.028212,15.844303,24.748677,13.2085,26.279003,13.795839,25.933171,14.699354,25.402511,0.0,0.21701
310,48,7031,14065,0.499893,0.713331,0.620821,0.65145,0.929597,0.726697,0.634951,0.655513,0.952923,0.595592,0.656952,0.729259,0.868866,0.496907,0.663305,0.799971,0.795193,False,False,False,False,0.0,0.0,0.498578,0.593498,0.593498,0.593498,16.89205,16.39032,9.630035,17.97748,23.820515,24.232757,21.673813,16.89205,23.820515,16.630398,24.000863,17.063576,23.722046,16.913099,23.82135,18.659319,23.305074,16.393639,24.229886,16.678566,24.17558,17.441757,23.84933,0.0,0.412242
311,48,6633,13284,0.499322,0.603357,0.69891,0.75184,0.908488,0.628952,0.714482,0.747576,0.941655,0.508657,0.691725,0.810271,0.825418,0.418398,0.653914,0.867218,0.72667,False,False,True,False,1.0,0.0,0.315592,0.637348,41.301659,0.637348,37.11478,18.192472,10.262466,21.794413,11.267145,20.451497,17.029864,18.766771,19.595268,18.71888,19.822977,18.560984,19.764087,18.43565,19.863145,19.711643,20.236146,18.195738,20.448954,18.22966,20.759727,18.709986,20.682043,40.664311,9.184352
312,48,5012,15488,0.323605,0.480953,0.623795,0.642637,0.955108,0.69273,0.467145,0.467145,1.0,0.412642,0.657172,0.707558,0.902235,0.346849,0.625548,0.743857,0.797287,False,False,True,False,1.0,0.0,0.531691,2.205963,23.342529,2.205963,32.226189,10.686087,4.998027,15.875033,14.203652,27.898232,21.454718,11.79835,27.044023,10.525938,27.686949,13.471402,26.544125,12.711093,26.855756,15.545691,25.582505,10.759111,27.875392,11.96096,27.485411,13.641993,26.649185,21.136566,13.69458
313,48,7736,16224,0.476824,0.715237,0.653274,0.658566,0.987849,0.722017,0.650403,0.654345,0.990822,0.648915,0.701509,0.715236,0.973371,0.582964,0.715454,0.758194,0.926965,False,False,False,False,0.0,0.0,0.476437,1.011271,1.011271,1.011271,11.591908,11.876853,9.36314,19.651499,24.078991,24.453025,19.257987,11.591908,24.078991,11.900723,24.089049,11.436487,24.000948,11.601387,23.978607,14.274259,23.72567,11.870346,24.447572,12.318468,24.503798,13.126422,24.246938,0.0,0.374034
314,48,10865,20304,0.535116,0.775512,0.690017,0.690017,1.0,0.778123,0.687702,0.687702,1.0,0.710402,0.751316,0.752149,0.998527,0.645095,0.74989,0.784013,0.945145,False,False,False,False,0.0,0.0,0.5205,0.721687,0.721687,0.721687,16.053873,15.292959,12.910372,24.377728,23.271795,24.136669,18.189143,16.053873,23.271795,15.706857,23.621184,16.358521,23.1172,16.031416,23.352915,19.75395,21.975811,15.297898,24.136143,15.993403,23.948391,17.533241,23.13554,0.0,0.864874
315,48,9598,16944,0.566454,0.783522,0.718299,0.720247,0.996249,0.784348,0.718705,0.720166,0.997187,0.72238,0.772565,0.777614,0.991665,0.658286,0.75656,0.801327,0.931236,False,False,False,False,0.0,0.0,0.505581,1.068473,1.068473,1.068473,12.375703,12.079044,10.777248,16.468571,25.384541,25.712361,20.515661,12.375703,25.384541,12.267139,25.491132,12.953567,24.874242,12.664791,25.162552,14.171529,24.542517,12.087206,25.708842,12.392547,25.598177,13.109745,25.183626,0.0,0.32782
316,48,7351,16835,0.43665,0.54749,0.574157,0.655636,0.822065,0.608316,0.598401,0.643101,0.895933,0.414494,0.517742,0.700487,0.664944,0.294981,0.426074,0.741039,0.500612,False,False,False,False,0.0,0.0,0.38507,1.163187,1.163187,1.163187,24.680088,23.546185,17.359835,25.673786,20.186115,20.937245,16.552331,24.680088,20.186115,23.897974,20.52813,24.776766,20.173773,24.368929,20.338252,33.591984,18.168065,23.56591,20.931995,25.426971,20.519655,28.869043,19.482997,0.0,0.75113
317,48,9230,17136,0.538632,0.69141,0.779034,0.779034,1.0,0.692519,0.777787,0.777787,1.0,0.628035,0.857647,0.857647,1.0,0.563609,0.830587,0.887347,0.928494,False,False,True,False,0.99747,0.0,0.318745,0.46918,6.311873,0.46918,7.017985,4.492849,1.797959,4.58736,29.026036,34.775898,32.934905,4.882773,33.761597,4.61329,34.48957,4.613651,34.170504,4.516287,34.561287,4.833045,34.119718,4.474973,34.806875,4.472409,34.849989,4.59563,34.600265,5.842693,5.749862
318,48,7322,14912,0.491014,0.601596,0.704645,0.750752,0.919831,0.624933,0.717337,0.745895,0.949331,0.511601,0.706151,0.811115,0.845124,0.427843,0.673016,0.86395,0.7528,False,False,True,False,0.99776,0.0,0.310277,0.76794,40.776241,0.76794,32.271965,12.872712,9.274045,20.613903,12.286921,23.890141,17.857732,13.174224,23.310383,13.065373,23.449891,13.023764,23.310058,12.936539,23.423739,15.306838,23.075689,12.879404,23.879824,13.267004,23.959949,14.093189,23.669368,40.008301,11.60322
319,48,9471,15840,0.597917,0.736932,0.785358,0.796796,0.98205,0.739962,0.789411,0.797628,0.987119,0.679293,0.827717,0.851487,0.967374,0.620896,0.792905,0.868124,0.901489,False,False,True,False,1.0,0.0,0.371173,0.955095,22.682629,0.955095,21.239187,7.924964,5.110536,15.066941,19.377641,27.833708,22.45018,8.0416,27.43375,7.852005,27.781826,8.396051,26.92091,8.167388,27.182108,10.792032,25.90957,7.910569,27.831337,8.555591,27.470818,9.551473,26.787421,21.727534,8.456067
320,48,9888,19728,0.501217,0.68162,0.735331,0.735331,1.0,0.688869,0.727594,0.727594,1.0,0.619272,0.806407,0.807727,0.997977,0.556367,0.788445,0.83801,0.930218,False,False,False,False,0.0,0.0,0.376016,0.855894,0.855894,0.855894,21.29878,22.062534,8.858875,26.378304,21.22056,21.203151,18.78764,21.29878,21.22056,21.213627,21.364178,21.104301,21.237604,20.915588,21.368349,28.307478,19.236318,22.077738,21.196717,23.690029,20.727755,25.784115,20.043989,0.0,-0.017409
321,48,6350,13338,0.476083,0.54386,0.815561,0.842432,0.962362,0.568301,0.792331,0.812401,0.969764,0.45614,0.76494,0.885766,0.848661,0.373369,0.669368,0.912249,0.715433,False,False,False,False,0.0,0.0,0.203349,1.281006,1.281006,1.281006,32.493542,31.121574,8.594591,36.680683,17.934567,18.514293,16.719298,32.493542,17.934567,31.945618,18.122334,32.517269,17.953103,32.185616,18.075123,37.051865,17.448672,31.133753,18.510226,31.955223,18.51343,34.011864,18.130156,0.0,0.579726
322,48,8545,17664,0.483752,0.710485,0.658803,0.66757,0.980456,0.715183,0.659458,0.666192,0.984903,0.642946,0.707154,0.725896,0.964775,0.575804,0.715805,0.767673,0.913751,False,False,True,False,1.0,0.0,0.462222,1.136126,85.803886,1.136126,86.541252,16.031012,11.083306,26.467329,7.68653,22.768332,17.679449,17.069046,21.97295,17.123346,22.083571,16.909695,21.95797,16.942812,21.981123,16.283636,22.710403,16.040764,22.758799,15.547377,23.130783,15.586386,23.112577,84.66776,15.081802
323,48,10719,18864,0.568225,0.763783,0.743962,0.743962,1.0,0.764154,0.7436,0.7436,1.0,0.71056,0.794866,0.797001,0.996641,0.655905,0.775761,0.815324,0.941133,False,False,False,False,0.0,0.0,0.452179,1.372417,1.372417,1.372417,14.752215,13.930062,9.061305,17.079826,23.151205,23.801909,20.22205,14.752215,23.151205,14.403925,23.393486,14.792051,23.143914,14.527381,23.340214,15.840034,22.973918,13.939453,23.797807,14.04248,23.857376,14.661567,23.561271,0.0,0.650704
324,48,5115,14430,0.35447,0.502079,0.661067,0.678951,0.961681,0.548441,0.622136,0.631413,0.976931,0.392377,0.610912,0.72183,0.799022,0.303049,0.502454,0.725589,0.620332,False,False,True,False,0.999678,0.0,0.311648,3.443764,42.19331,3.443764,39.300552,15.535745,3.453391,8.515347,14.804318,24.102008,25.405898,16.695406,23.598668,15.347084,23.992317,18.302248,23.36693,17.506224,23.552912,17.805408,23.597217,15.605213,24.08559,16.12623,24.045567,16.842815,23.878362,38.749546,9.29769
325,48,7606,16464,0.461978,0.712099,0.642032,0.644661,0.993689,0.713314,0.642754,0.64467,0.995398,0.642553,0.704471,0.710464,0.988167,0.572886,0.733089,0.764101,0.947541,False,False,True,False,0.999548,0.0,0.467939,1.039286,96.689247,1.039286,106.674644,10.11412,6.730488,17.690683,7.041889,27.388073,21.070783,10.417478,27.06131,10.466649,27.094969,10.657946,26.859294,10.622315,26.884254,11.792532,25.547791,10.125296,27.375423,10.258524,27.146922,10.820361,26.482779,95.649961,20.346184
326,48,8219,16354,0.502568,0.543781,0.869551,0.894974,0.968366,0.560719,0.870187,0.882334,0.984426,0.465452,0.797547,0.922754,0.854605,0.39018,0.697674,0.940291,0.730016,False,False,True,False,1.0,0.0,0.132022,0.697357,35.127842,0.697357,27.660988,9.711198,4.986847,12.780671,12.954513,23.37378,19.808318,9.811129,23.073421,9.768058,23.279098,10.080667,22.774336,9.944924,22.913831,11.742629,21.268687,9.702356,23.367053,9.999595,22.980521,10.642819,22.225595,34.430485,10.419267
327,48,10587,18192,0.581959,0.792436,0.732109,0.733074,0.998205,0.793481,0.731626,0.732387,0.998583,0.727573,0.787038,0.792687,0.991027,0.659081,0.756008,0.810676,0.918107,False,False,False,False,0.0,0.0,0.501775,1.938856,1.938856,1.938856,20.123138,18.559208,17.4849,22.057901,19.521197,19.986655,15.219513,20.123138,19.521197,19.507793,19.800979,19.873209,19.518069,19.478889,19.67632,22.185478,17.947212,18.532509,19.989754,18.872328,19.66526,20.021566,18.925123,0.0,0.465458
328,48,11634,20880,0.557184,0.787787,0.706966,0.707095,0.999742,0.787835,0.706923,0.707052,0.999742,0.724665,0.767483,0.768092,0.998969,0.658669,0.768636,0.802225,0.948341,False,False,False,False,0.0,0.0,0.520982,1.272514,1.272514,1.272514,17.775457,16.790958,10.400497,18.737665,23.18362,23.758229,21.445233,17.775457,23.18362,17.342789,23.451067,18.072861,23.050127,17.704058,23.249278,19.04994,22.761425,16.807833,23.749479,16.931265,23.719045,17.705633,23.366322,0.0,0.574609
329,48,12596,21648,0.581855,0.791343,0.735275,0.735275,1.0,0.791343,0.735275,0.735275,1.0,0.724085,0.803573,0.803573,1.0,0.654425,0.801737,0.840616,0.945459,False,False,False,False,0.0,0.0,0.500331,1.115334,1.115334,1.115334,11.400497,10.713428,6.348174,12.201149,26.147963,26.801156,24.286518,11.400497,26.147963,10.931513,26.496831,11.572748,25.990675,11.222134,26.241226,12.321795,25.700266,10.725257,26.791061,10.88192,26.73634,11.40923,26.346053,0.0,0.653193
330,48,8542,17080,0.500117,0.54678,0.825523,0.865831,0.946617,0.558665,0.818767,0.853175,0.953055,0.474415,0.765673,0.890781,0.845001,0.404977,0.676681,0.901981,0.730391,False,False,False,False,0.0,0.0,0.163856,1.017061,1.017061,1.017061,12.565129,15.589128,4.337081,26.345743,22.656915,21.943631,16.865945,12.565129,22.656915,13.238039,22.463092,12.385936,22.700272,12.603644,22.750282,28.673183,17.748003,15.604581,21.943169,19.523024,20.712055,23.945524,19.224088,0.0,-0.713284
331,48,8954,18096,0.494805,0.678769,0.728975,0.728975,1.0,0.682471,0.72502,0.72502,1.0,0.616158,0.801595,0.802242,0.998995,0.552664,0.787364,0.834917,0.932544,False,False,False,False,0.0,0.0,0.368519,0.724969,0.724969,0.724969,9.575534,9.429082,8.355028,16.065706,27.570441,27.892695,20.826852,9.575534,27.570441,9.583017,27.58993,9.546236,27.583579,9.421302,27.70537,11.414973,26.67209,9.432023,27.892911,9.737324,27.815858,10.419663,27.376646,0.0,0.322254
332,48,6863,12744,0.538528,0.789862,0.646309,0.660242,0.968381,0.798729,0.652157,0.66087,0.980184,0.699937,0.688563,0.721525,0.937782,0.615348,0.709884,0.7785,0.889553,False,False,False,False,0.0,0.0,0.582724,0.648246,0.648246,0.648246,34.530041,33.522949,20.303179,36.003498,17.891936,18.241306,15.984228,34.530041,17.891936,33.393948,18.258841,35.047695,17.760145,34.081352,18.044246,39.714798,16.772688,33.521587,18.242133,34.697361,17.953201,36.819271,17.440084,0.0,0.34937
333,48,6814,13392,0.508811,0.576464,0.638926,0.733938,0.831523,0.613351,0.68042,0.740808,0.893014,0.457587,0.591099,0.784595,0.705606,0.348417,0.511521,0.832619,0.57015,False,False,True,False,1.0,0.0,0.323351,1.179335,33.716377,1.179335,30.009245,12.9842,9.329026,16.130564,15.221646,23.372662,18.895707,13.516437,22.601424,13.461306,22.778141,13.01223,22.727711,13.151258,22.715319,15.633549,21.906875,12.97285,23.368438,13.158448,23.394153,13.987281,22.847075,32.537042,8.151016
334,48,7425,15456,0.480396,0.499353,0.712815,0.816533,0.848754,0.737901,0.65103,0.65103,1.0,0.404503,0.644859,0.857646,0.722155,0.317676,0.550402,0.891853,0.589764,False,False,False,False,0.0,0.0,0.493587,1.024322,1.024322,1.024322,13.779753,14.236274,6.77454,19.227161,24.557063,25.0004,20.947474,13.779753,24.557063,14.036453,24.618475,13.404355,24.844938,13.584243,24.837604,17.072008,23.93207,14.238204,25.002302,14.885926,24.99788,15.810505,24.612713,0.0,0.443337
335,48,10167,20112,0.505519,0.664827,0.758798,0.759479,0.99882,0.674374,0.748582,0.749023,0.999213,0.596261,0.839379,0.843229,0.99459,0.527198,0.813182,0.878525,0.916199,False,False,True,False,0.999397,0.0,0.340975,0.905078,23.524216,0.905078,24.966854,12.248352,6.884632,13.055408,15.19902,21.807609,19.006343,12.069473,21.504659,11.999147,21.770661,11.497426,21.722192,11.248746,22.05849,15.461394,20.085384,12.228418,21.808276,12.973607,21.485933,14.046195,20.875985,22.619138,6.608589
336,48,6467,13862,0.466527,0.522075,0.860187,0.875639,0.979898,0.535132,0.859515,0.865193,0.992423,0.447338,0.799687,0.907757,0.870419,0.374693,0.698369,0.923181,0.741457,False,False,True,False,0.995808,0.0,0.132252,1.491774,20.281542,1.491774,20.158239,4.997578,1.577958,3.930519,20.202784,29.139221,29.665056,5.436524,28.588169,5.093655,28.85735,5.649451,27.958557,5.409102,28.196202,5.894542,28.805794,4.995722,29.121348,5.133086,29.206367,5.447967,29.097942,18.789768,8.936437
337,48,8805,19992,0.440426,0.510004,0.863574,0.863574,1.0,0.516407,0.852867,0.852867,1.0,0.445578,0.805975,0.887405,0.897785,0.382153,0.711773,0.895026,0.776604,False,False,True,False,1.0,0.0,0.134978,0.627097,17.551353,0.627097,17.148628,3.13515,1.562111,3.33515,21.563956,34.54861,31.485969,3.660496,32.445688,3.519818,32.963598,3.50619,32.059033,3.396101,32.489638,2.906417,37.673131,3.124815,34.537386,2.878781,36.11215,2.803975,37.340023,16.924256,12.984654
338,48,6681,14610,0.45729,0.556674,0.647098,0.715603,0.871127,0.593977,0.66331,0.705808,0.916779,0.44538,0.598933,0.759182,0.73941,0.347502,0.512283,0.784518,0.596168,False,False,False,False,0.0,0.0,0.321983,1.753353,1.753353,1.753353,19.608242,18.920771,8.605037,21.249863,21.025642,21.568893,18.741662,19.608242,21.025642,18.971411,21.370334,19.659582,20.975785,19.317766,21.185026,23.237988,20.137564,18.941177,21.560166,19.738064,21.379881,21.189194,20.871917,0.0,0.543251
339,48,8544,18392,0.46455,0.565735,0.819046,0.81999,0.998596,0.572532,0.809677,0.810446,0.99883,0.49391,0.781326,0.851167,0.904963,0.426109,0.707065,0.865765,0.794125,False,False,True,False,1.0,0.0,0.202478,1.41687,74.667816,1.41687,67.703499,14.374298,4.389791,16.244772,9.768544,23.590288,21.660167,15.151647,22.967025,14.961844,23.206946,15.37422,22.824339,15.430751,22.827231,17.121567,22.163628,14.392088,23.581505,14.661829,23.498868,15.537844,22.983555,73.250946,13.821744
340,48,9910,19104,0.51874,0.791667,0.654594,0.654853,0.999395,0.791771,0.654726,0.654899,0.999596,0.725974,0.710719,0.712308,0.996872,0.657559,0.748114,0.765563,0.970434,False,False,True,False,0.999674,0.0,0.566783,1.387535,17.352259,1.387535,20.873697,8.822469,7.088609,14.068315,18.314719,28.141777,22.309819,9.407736,27.354856,9.314026,27.528351,9.597847,27.176826,9.524891,27.287032,10.365086,26.570514,8.838816,28.132551,8.919778,28.140974,9.411773,27.554821,15.964724,9.827058
341,48,9028,19278,0.468306,0.528686,0.885608,0.885695,0.999889,0.542172,0.86358,0.863662,0.999889,0.462859,0.837171,0.916732,0.90607,0.400353,0.757003,0.934828,0.79918,False,False,False,False,0.0,0.0,0.139024,0.786602,0.786602,0.786602,24.541538,23.421207,4.97587,24.906107,21.254893,21.773653,20.381154,24.541538,21.254893,23.919546,21.523856,24.748449,21.178761,24.295082,21.368675,27.335327,20.423045,23.425787,21.771545,23.886982,21.63878,25.229471,21.154619,0.0,0.51876
342,48,9876,18384,0.537206,0.719376,0.728341,0.736106,0.985723,0.723836,0.729816,0.735027,0.990381,0.649315,0.788244,0.805479,0.973572,0.577567,0.754623,0.8301,0.892467,False,False,False,False,0.0,0.0,0.413376,1.089524,1.089524,1.089524,15.575064,15.110605,9.2748,20.776766,23.108872,23.538911,18.990969,15.575064,23.108872,15.577561,23.238682,15.689956,22.924873,15.519778,23.150952,17.088093,22.234644,15.107128,23.541007,15.241899,23.446183,15.902457,22.975969,0.0,0.430039
343,48,7435,16128,0.461,0.714224,0.624304,0.632433,0.979825,0.717138,0.628331,0.633927,0.986147,0.641555,0.675966,0.693148,0.964627,0.56839,0.7181,0.756954,0.933289,False,False,True,False,1.0,0.0,0.477971,0.979255,10.454504,0.979255,9.572966,5.455728,3.393612,8.766062,23.569954,31.149599,26.372764,5.219906,31.211552,5.323201,31.077027,5.295449,31.230563,5.26716,31.225953,6.994979,29.233449,5.451558,31.147745,5.818292,30.795012,6.341,30.111839,9.475249,7.579645
344,48,9226,20064,0.459829,0.681519,0.655581,0.663156,0.982874,0.684011,0.658237,0.663801,0.987427,0.614533,0.696922,0.718005,0.959571,0.546651,0.714698,0.767414,0.912313,False,False,True,False,1.0,0.0,0.415852,0.805284,22.84296,0.805284,26.452526,8.953971,4.775574,14.918924,14.463136,26.515623,21.887087,8.463472,26.5799,8.708468,26.561957,8.222017,26.536087,8.374774,26.425635,11.494184,24.466575,8.938002,26.510457,9.545235,26.073,10.40151,25.349829,22.037676,12.052487
345,48,6634,14028,0.472911,0.569646,0.824248,0.82693,0.996081,0.571286,0.823024,0.825181,0.996834,0.492087,0.805896,0.875127,0.910612,0.416952,0.72799,0.899128,0.792734,False,False,True,False,1.0,0.0,0.187179,0.674466,58.100307,0.674466,67.211891,13.109688,3.163195,16.368155,10.357395,24.83789,21.150275,13.412421,24.345514,13.288363,24.511887,13.578836,24.278008,13.456185,24.441259,16.343935,22.995935,13.123203,24.828992,13.666818,24.620456,14.780927,23.950858,57.425841,14.480495
346,48,8314,18204,0.456713,0.67617,0.566026,0.605573,0.89656,0.719842,0.582182,0.601419,0.947919,0.53675,0.557575,0.662573,0.778687,0.413755,0.51419,0.714418,0.647222,False,False,False,False,0.0,0.0,0.523458,0.895753,0.895753,0.895753,15.042058,14.435209,9.096158,14.624489,25.721714,26.200837,23.433971,15.042058,25.721714,14.409791,26.179641,15.744487,25.291505,15.30599,25.589229,17.289593,24.627942,14.451528,26.190842,14.983241,25.893332,15.946516,25.343233,0.0,0.479123
347,48,8919,19920,0.447741,0.702008,0.611412,0.621424,0.974324,0.708233,0.613665,0.620712,0.981837,0.634538,0.655202,0.675158,0.956834,0.566616,0.682571,0.726234,0.919049,False,False,False,False,0.0,0.0,0.480593,0.868285,0.868285,0.868285,12.019509,12.705535,8.832046,18.21841,23.603938,23.618923,19.124217,12.019509,23.603938,12.256568,23.616749,12.024554,23.526067,12.002766,23.602756,16.481668,21.986677,12.714841,23.611236,13.675375,23.294198,14.948163,22.723627,0.0,0.014985
348,48,6691,13514,0.495116,0.540181,0.888889,0.901918,0.984008,0.558236,0.866885,0.876193,0.987894,0.458857,0.815775,0.934043,0.86564,0.383528,0.710705,0.951765,0.737259,False,False,False,False,0.0,0.0,0.136743,0.791196,0.791196,0.791196,30.923578,30.830717,5.643363,33.469585,19.013675,19.136721,17.897698,30.923578,19.013675,30.233896,19.258228,30.452698,19.094718,30.097544,19.229493,37.357895,17.449398,30.823345,19.13919,32.329796,18.754662,34.551834,18.165638,0.0,0.123046
349,48,5095,15488,0.328964,0.456805,0.712637,0.71576,0.993916,0.675878,0.486721,0.486721,1.0,0.359504,0.617567,0.731142,0.799019,0.270145,0.475433,0.714627,0.58685,False,False,True,False,0.85317,0.0,0.478976,0.636743,10.767055,0.636743,18.47949,4.380504,2.553995,6.137063,16.552282,29.949721,27.396854,5.008963,28.28587,4.978737,28.470681,4.895257,28.297939,4.832319,28.421217,3.794046,33.48535,4.375728,29.934772,3.961793,31.445704,3.774485,32.775784,10.130312,13.397439
350,48,12823,21792,0.588427,0.765648,0.768535,0.768535,1.0,0.76574,0.768443,0.768443,1.0,0.699706,0.834706,0.837552,0.995945,0.631746,0.805527,0.861698,0.925135,False,False,True,False,0.999666,0.0,0.42658,0.840488,25.783476,0.840488,26.888586,12.143882,6.828372,12.231719,18.345695,24.710633,22.908198,12.687047,24.209246,12.375809,24.518302,12.288778,24.2766,12.066703,24.489873,13.277081,24.004594,12.140425,24.711414,12.222101,24.68028,12.574359,24.434048,24.942988,6.364938
351,48,8993,18000,0.499611,0.7075,0.699226,0.702081,0.994218,0.709,0.699875,0.701849,0.995997,0.643167,0.762941,0.768938,0.989881,0.577333,0.761472,0.80639,0.931836,False,False,True,False,0.999778,0.0,0.415677,1.019318,32.008846,1.019318,33.35828,9.691612,7.141297,13.315802,15.93878,26.180759,21.140825,10.664591,24.937346,10.448756,25.212761,11.322065,24.523101,11.300011,24.545128,10.025464,26.064917,9.718781,26.168617,9.431817,26.71683,9.475036,26.678072,30.989528,10.241979
352,48,6408,13916,0.460477,0.55411,0.824868,0.827649,0.995943,0.555619,0.822635,0.825401,0.995943,0.477005,0.805675,0.876921,0.908396,0.401696,0.72832,0.904472,0.789014,False,False,False,False,0.0,0.0,0.179009,0.795596,0.795596,0.795596,11.556231,11.12937,2.610371,14.545152,27.041247,27.568002,24.51611,11.556231,27.041247,11.476851,27.177383,12.087183,26.63231,11.940439,26.760176,13.25437,26.246016,11.156627,27.554054,11.407667,27.495428,12.134831,27.019736,0.0,0.526755
353,48,8010,17045,0.469933,0.545615,0.584004,0.686237,0.796754,0.588149,0.64328,0.704239,0.881398,0.410208,0.552359,0.763444,0.666417,0.293634,0.472952,0.834965,0.521723,False,False,False,False,0.0,0.0,0.326729,0.50843,0.50843,0.50843,13.036038,13.661257,11.567903,13.283105,24.985439,25.04351,20.885757,13.036038,24.985439,13.251394,25.106789,12.118144,25.695146,12.597503,25.460948,19.013609,22.99272,13.65747,25.051006,14.974157,24.607222,16.834082,23.879424,0.0,0.058071
354,48,7613,14268,0.533572,0.543103,0.914268,0.946832,0.963746,0.550533,0.923402,0.945385,0.975437,0.465657,0.818031,0.965533,0.842638,0.390735,0.702117,0.975785,0.714567,False,False,True,False,0.998497,0.0,0.063862,0.611921,9.647934,0.611921,9.554184,4.733526,1.080992,5.355269,26.089523,33.364437,30.829149,5.092736,32.839798,4.951005,33.233435,4.904549,32.919945,4.741845,33.286062,5.284119,32.045482,4.720829,33.374837,4.714304,33.190103,4.904637,32.717295,9.036013,7.274914
355,48,8364,18278,0.457599,0.538352,0.836006,0.842378,0.991033,0.545902,0.829991,0.833734,0.99462,0.472645,0.797547,0.873249,0.901961,0.409399,0.71393,0.882133,0.789216,False,False,False,False,0.0,0.0,0.166633,1.140576,1.140576,1.140576,19.866491,18.871035,2.702777,18.321735,22.928713,23.326813,22.869918,19.866491,22.928713,18.817949,23.325375,20.324686,22.807657,19.634825,23.065493,22.513271,21.915968,18.887774,23.323241,19.552406,23.055576,20.786983,22.564107,0.0,0.3981
356,48,10711,20352,0.526287,0.685535,0.755999,0.761038,0.991317,0.696,0.748629,0.751853,0.994305,0.612864,0.825512,0.840536,0.978807,0.538473,0.787954,0.87143,0.891607,False,False,False,False,0.0,0.0,0.363137,1.033883,1.033883,1.033883,15.807612,14.577226,8.44653,24.167181,21.335048,22.418083,17.361309,15.807612,21.335048,15.877883,21.472953,15.474092,21.355468,15.644976,21.382579,14.847571,22.23341,14.561448,22.42243,13.984035,22.951616,14.018299,22.879119,0.0,1.083035
357,48,12074,21936,0.550419,0.731583,0.752368,0.752368,1.0,0.732449,0.751478,0.751478,1.0,0.666803,0.823216,0.824229,0.998509,0.600611,0.804531,0.854421,0.932334,False,False,False,False,0.0,0.0,0.403164,1.003414,1.003414,1.003414,10.820662,10.252719,5.327588,13.829109,26.240002,27.028557,22.50445,10.820662,26.240002,10.746232,26.463444,10.805505,26.29304,10.84018,26.351972,10.825465,26.436591,10.256833,27.027688,10.077384,27.230356,10.216415,27.013627,0.0,0.788555
358,48,6397,13580,0.47106,0.551473,0.820637,0.835759,0.978427,0.564433,0.806526,0.819048,0.981398,0.468999,0.776016,0.875805,0.871971,0.390574,0.688943,0.899887,0.746131,False,False,False,False,0.0,0.0,0.192956,0.845701,0.845701,0.845701,26.808086,25.918034,7.579656,29.751446,19.079259,19.462399,17.132128,26.808086,19.079259,26.73498,19.248144,26.597206,19.081005,26.516701,19.164646,28.373716,18.378568,25.922672,19.458102,25.973425,19.363188,26.76812,18.981853,0.0,0.38314
359,48,7177,14910,0.481355,0.677666,0.635374,0.664489,0.935488,0.7,0.643557,0.660822,0.960986,0.571093,0.647281,0.724134,0.859133,0.476526,0.634283,0.780155,0.772328,False,False,False,False,0.0,0.0,0.455839,1.083064,1.083064,1.083064,13.935209,13.116994,7.2779,14.485439,24.007169,24.82507,22.512627,13.935209,24.007169,13.431099,24.405882,14.470902,23.646648,13.854443,24.116491,15.700385,23.662028,13.124936,24.817852,13.472946,24.815155,14.34578,24.394192,0.0,0.817901
360,48,11964,20352,0.587854,0.761645,0.771821,0.771821,1.0,0.762775,0.770678,0.770678,1.0,0.698457,0.837768,0.839536,0.997492,0.632911,0.813636,0.865305,0.931628,False,False,True,False,1.0,0.0,0.422866,1.102448,34.195518,1.102448,31.872089,10.99635,10.342076,18.020617,14.873014,25.738807,17.857462,12.484259,24.188441,12.140115,24.639042,12.369664,24.086837,12.183022,24.306795,10.871894,25.97355,10.994734,25.736924,10.380809,26.454916,10.305973,26.546849,33.09307,10.865793
361,48,5212,13257,0.393151,0.549747,0.656287,0.67961,0.950307,0.585804,0.638429,0.651172,0.970261,0.428679,0.63221,0.742566,0.80967,0.326394,0.548036,0.780448,0.647928,False,False,False,False,0.0,0.0,0.335364,2.036627,2.036627,2.036627,13.280635,11.676516,3.68556,9.833781,25.935899,27.030924,27.010335,13.280635,25.935899,12.328537,26.435171,14.270785,25.655846,13.803595,25.865944,12.318496,27.019666,11.743029,27.006638,11.513367,27.323872,11.668905,27.330216,0.0,1.095025
362,48,9294,19560,0.475153,0.513548,0.925236,0.925236,1.0,0.525818,0.903646,0.903646,1.0,0.446677,0.844792,0.945061,0.888423,0.382004,0.735611,0.951017,0.764579,False,False,False,False,0.0,0.0,0.096435,0.681116,0.681116,0.681116,16.882002,16.502151,2.23495,17.44326,24.427157,24.720649,23.898066,16.882002,24.427157,16.825693,24.524165,16.834732,24.422276,16.837458,24.474981,19.080841,23.474277,16.497849,24.722306,16.825048,24.582122,17.717775,24.140415,0.0,0.293492
363,48,6880,13659,0.503697,0.523757,0.96033,0.961001,0.999273,0.53225,0.945285,0.945805,0.999419,0.446885,0.850891,0.977883,0.867587,0.371477,0.716049,0.983051,0.725,False,False,True,False,1.0,0.0,0.057973,0.664995,6.727639,0.664995,6.589777,5.903828,0.957368,6.00281,29.672043,33.340749,33.058521,6.135126,33.024247,5.921075,33.309653,6.07626,33.143063,5.963178,33.289948,6.66812,32.361998,5.889923,33.364024,6.011773,33.209371,6.277956,32.862487,6.062644,3.668706
364,48,9995,18000,0.555278,0.771222,0.718759,0.719277,0.998999,0.775611,0.715186,0.715493,0.9994,0.712333,0.769308,0.773748,0.992596,0.653611,0.7581,0.797535,0.938769,False,False,False,False,0.0,0.0,0.496065,1.334374,1.334374,1.334374,21.635952,21.082308,21.965105,38.102917,19.120462,19.966798,13.122345,21.635952,19.120462,21.678307,19.371756,21.605335,19.129339,21.696447,19.221227,24.81484,18.611637,21.094913,19.963904,21.496748,20.016584,22.69248,19.512064,0.0,0.846336
365,48,6706,17150,0.39102,0.490262,0.743253,0.766413,0.960931,0.684898,0.570918,0.570918,1.0,0.419359,0.712209,0.80381,0.862064,0.352012,0.647873,0.829882,0.747092,False,False,True,False,0.999904,0.0,0.468307,0.892347,36.515289,0.892347,40.20509,15.660403,8.897293,20.922657,13.743079,24.01675,19.678551,16.112188,23.484377,16.031464,23.640195,16.237101,23.385895,16.058207,23.540297,19.237648,22.690849,15.681976,24.008123,16.260563,23.945977,17.531364,23.464716,35.622942,10.273671
366,48,10208,17712,0.576332,0.741757,0.776983,0.776983,1.0,0.744411,0.774213,0.774213,1.0,0.672764,0.838305,0.846677,0.988342,0.601852,0.798035,0.868856,0.907328,False,False,True,False,0.999867,0.0,0.394323,1.095327,47.366428,1.095327,48.411572,11.737298,5.315432,15.244906,12.334518,24.054552,21.464086,12.185638,23.567566,12.099693,23.659682,12.049406,23.637708,11.994971,23.673241,13.799373,23.17369,11.720089,24.065147,11.986579,24.112895,12.704905,23.791503,46.271101,11.720034
367,48,7898,15004,0.526393,0.46421,0.700378,0.878966,0.775133,0.737203,0.71404,0.71404,1.0,0.361704,0.605035,0.925557,0.635984,0.269661,0.481334,0.959219,0.49139,False,False,False,False,0.0,0.0,0.445117,0.846093,0.846093,0.846093,22.073141,21.365494,10.024017,24.335106,21.591467,21.919441,19.615227,22.073141,21.591467,21.594707,21.810996,22.185997,21.590391,21.852283,21.72666,25.274837,20.457997,21.370811,21.91901,21.992699,21.688927,23.337006,21.172511,0.0,0.327974
368,48,9866,16560,0.595773,0.797826,0.746745,0.746745,1.0,0.797826,0.746745,0.746745,1.0,0.740942,0.802166,0.803015,0.998682,0.682186,0.793171,0.828627,0.948814,False,False,False,False,0.0,0.0,0.498954,1.160044,1.160044,1.160044,10.986756,11.036185,7.233891,17.819077,25.648397,25.869438,21.550836,10.986756,25.648397,11.022367,25.78881,11.051524,25.450546,11.037604,25.587241,14.36364,23.784122,11.042233,25.864971,11.713866,25.47646,12.873539,24.730185,0.0,0.221041
369,48,5479,12818,0.427446,0.6242,0.603235,0.633921,0.925716,0.650648,0.602575,0.623022,0.948348,0.493447,0.593843,0.695336,0.802701,0.380325,0.535291,0.740513,0.658879,False,False,False,False,0.0,0.0,0.428124,2.034973,2.034973,2.034973,24.91799,23.9739,14.200527,27.317333,20.283137,20.693348,17.043239,24.91799,20.283137,24.587881,20.431868,25.806231,20.037067,25.695992,20.075048,26.38316,19.780969,24.01959,20.682085,24.142118,20.644121,24.950478,20.324661,0.0,0.410211
370,48,5087,14550,0.349622,0.446667,0.715428,0.743499,0.949872,0.685773,0.509822,0.509822,1.0,0.355464,0.639342,0.773589,0.786515,0.271753,0.517456,0.779717,0.606055,False,False,True,False,1.0,0.0,0.504386,1.759026,16.575716,1.759026,20.244741,10.029749,5.130367,10.631938,19.169339,27.619791,24.132069,10.27187,27.006354,10.154119,27.128728,10.957211,26.76768,10.908787,26.780093,11.701527,27.426219,10.074504,27.598229,10.424874,27.822131,10.991547,27.760859,14.81669,8.450452
371,48,10997,20112,0.546788,0.804296,0.636632,0.653437,0.961171,0.824781,0.633892,0.645165,0.973175,0.731951,0.644689,0.684804,0.916705,0.656026,0.633313,0.710929,0.85296,False,False,False,False,0.0,0.0,0.645749,1.273981,1.273981,1.273981,53.586159,53.309357,49.571037,65.839111,13.45907,13.704086,10.030135,53.586159,13.45907,53.210178,13.626322,53.554577,13.440916,53.038525,13.579182,62.765541,12.396453,53.327755,13.700171,55.098907,13.489387,58.320419,13.031814,0.0,0.245016
372,48,5713,10868,0.525672,0.623666,0.841244,0.841989,0.99895,0.628082,0.835334,0.836068,0.99895,0.535057,0.823185,0.895099,0.91108,0.452521,0.743073,0.921513,0.793278,False,False,False,False,0.0,0.0,0.216877,0.903071,0.903071,0.903071,25.200361,24.080576,6.81442,24.879631,20.699848,21.104256,19.911503,25.200361,20.699848,24.208706,21.05227,25.812357,20.451744,25.051811,20.721929,30.623899,19.030195,24.089153,21.100303,25.280472,20.700264,27.545832,19.960475,0.0,0.404408
373,48,7042,11900,0.591765,0.652941,0.877789,0.89112,0.983243,0.65437,0.879944,0.891357,0.985657,0.561933,0.822514,0.926574,0.879864,0.475294,0.723165,0.942185,0.756745,False,False,False,False,0.0,0.0,0.174146,1.050981,1.050981,1.050981,8.348149,7.384171,2.301496,8.63003,28.645833,29.942195,26.833159,8.348149,28.645833,8.044873,29.154146,8.350138,28.623177,8.172584,28.885916,7.752485,29.096493,7.385733,29.941569,7.10745,30.229772,7.218877,29.910085,0.0,1.296362
374,48,12685,20736,0.611738,0.741319,0.81634,0.820323,0.994088,0.742332,0.817699,0.820568,0.995743,0.687114,0.863875,0.876123,0.984076,0.631848,0.824337,0.88933,0.918565,False,False,True,False,0.999255,0.0,0.342318,0.7934,52.889828,0.7934,54.578346,8.824386,4.03954,13.464985,10.344062,25.344357,22.241713,8.748758,24.998028,8.862935,24.991397,8.293523,25.164551,8.382341,25.100399,11.712285,23.864311,8.817527,25.340977,9.42365,25.228729,10.411746,24.693078,52.096428,15.000295
375,48,9105,18810,0.484051,0.5353,0.904261,0.904261,1.0,0.547049,0.88484,0.88484,1.0,0.467358,0.830231,0.923444,0.891598,0.402392,0.730745,0.93011,0.773202,False,False,False,False,0.0,0.0,0.122102,0.755281,0.755281,0.755281,12.740766,12.246531,3.124025,15.209738,24.187563,24.763444,22.388967,12.740766,24.187563,12.564342,24.429349,12.539374,24.161436,12.421856,24.280517,15.06004,23.251235,12.243858,24.7663,12.672927,24.641332,13.650997,24.090584,0.0,0.575881
376,48,5989,12690,0.471946,0.536485,0.650374,0.740746,0.842044,0.582585,0.686452,0.736778,0.909501,0.42829,0.597539,0.786201,0.713475,0.332467,0.507383,0.814411,0.573718,False,False,False,False,0.0,0.0,0.290106,1.793364,1.793364,1.793364,31.137363,30.593922,12.79038,34.605053,18.310015,18.733393,15.876086,31.137363,18.310015,30.818445,18.477385,30.860411,18.371241,30.594255,18.495045,37.193577,17.007458,30.622753,18.727464,31.716202,18.51022,33.841099,17.887402,0.0,0.423378
377,48,7021,18915,0.371187,0.48517,0.73612,0.748393,0.978208,0.643458,0.576863,0.576863,1.0,0.421412,0.71083,0.781458,0.887196,0.360085,0.646275,0.79724,0.773394,False,False,True,False,1.0,0.0,0.400622,0.74766,60.477299,0.74766,57.030529,12.126098,8.146432,22.264919,11.307833,25.324563,18.076259,12.017661,24.443328,12.16313,24.609326,11.75806,24.517772,11.8062,24.554424,16.601244,23.264148,12.143237,25.316091,13.048141,25.265548,14.499786,24.477185,59.729639,14.01673
378,48,5756,16555,0.34769,0.556871,0.600064,0.609177,0.975678,0.575717,0.58727,0.593432,0.982627,0.469888,0.647195,0.683635,0.923905,0.394443,0.639664,0.733997,0.832696,False,False,False,False,0.0,0.0,0.357811,3.042535,3.042535,3.042535,29.910528,27.678539,9.888138,24.362173,20.161622,20.82191,18.695699,29.910528,20.161622,29.071404,20.326805,30.848795,20.012724,30.359798,20.088811,28.48807,20.315874,27.745367,20.810027,27.026001,20.982019,27.140144,20.804305,0.0,0.660288
379,48,10795,22272,0.484689,0.702047,0.690394,0.690394,1.0,0.706762,0.685789,0.685789,1.0,0.638021,0.759181,0.759395,0.999629,0.574847,0.766846,0.799969,0.948773,False,False,False,False,0.0,0.0,0.4306,0.762743,0.762743,0.762743,17.787001,17.256817,10.595075,21.11175,22.882478,23.392719,19.565648,17.787001,22.882478,17.347692,23.207141,17.792868,22.819431,17.463362,23.066216,21.092264,21.952842,17.248171,23.39484,17.960907,23.209799,19.277567,22.694516,0.0,0.510241
380,48,6696,13365,0.50101,0.407856,0.734295,0.943497,0.76807,0.706846,0.705367,0.706785,0.997162,0.321511,0.601778,0.961136,0.616786,0.245267,0.467628,0.969494,0.474612,False,False,False,False,0.0,0.0,0.412056,0.846554,0.846554,0.846554,9.466697,8.491039,5.104963,10.559289,25.466963,26.221394,23.424494,9.466697,25.466963,9.100358,25.919484,9.048038,25.887632,8.909548,26.061601,8.510852,25.648959,8.492633,26.217242,8.177669,26.271174,8.131521,26.069372,0.0,0.754431
381,48,10614,19488,0.544643,0.702176,0.77565,0.77565,1.0,0.708282,0.768963,0.768963,1.0,0.629208,0.858931,0.862013,0.995855,0.55506,0.827492,0.897106,0.914264,False,False,False,False,0.0,0.0,0.359252,1.0148,1.0148,1.0148,24.810816,23.790937,8.70607,27.716444,20.448708,20.949085,19.089256,24.810816,20.448708,24.274418,20.746702,24.680485,20.470161,24.385622,20.63303,27.959738,19.632801,23.784342,20.951988,24.37372,20.803331,25.842064,20.331976,0.0,0.500377
382,48,9358,18048,0.518506,0.742742,0.691536,0.694219,0.994443,0.744625,0.692805,0.694248,0.997008,0.692043,0.734932,0.740993,0.988993,0.641068,0.744,0.771651,0.95405,False,False,False,False,0.0,0.0,0.472727,1.138205,1.138205,1.138205,16.197264,15.877253,11.419025,23.669195,23.124504,23.586219,18.784499,16.197264,23.124504,16.107145,23.257939,16.508619,22.987922,16.366531,23.102039,19.424593,21.907002,15.890219,23.576962,16.411877,23.407964,17.596994,22.798738,0.0,0.461715
383,48,7418,14756,0.502711,0.511589,0.881695,0.928997,0.945403,0.532258,0.884037,0.912401,0.966029,0.434264,0.785382,0.949126,0.819898,0.361548,0.664883,0.954639,0.686573,False,False,False,False,0.0,0.0,0.093759,0.991187,0.991187,0.991187,16.99955,16.143166,2.558463,19.829065,23.039064,23.595712,21.311564,16.99955,23.039064,17.192144,23.103227,16.934843,22.982427,16.975599,23.032732,17.696234,22.645253,16.15449,23.590881,15.8882,23.674994,16.438213,23.329539,0.0,0.556648
384,48,5479,14370,0.38128,0.525748,0.684632,0.701125,0.966782,0.533403,0.693596,0.702283,0.982479,0.453027,0.736781,0.78126,0.928272,0.382672,0.691265,0.815967,0.818945,False,False,True,False,1.0,0.0,0.256102,3.000187,6.754771,3.000187,7.019711,14.688021,2.281521,7.618422,29.591481,25.75083,29.522318,16.090588,25.0673,14.534708,25.748788,17.948288,24.422922,16.97974,24.804303,16.626818,24.760406,14.759263,25.725032,15.159275,25.538886,15.758471,25.204709,3.754584,-3.840651
385,48,9334,16656,0.560399,0.770653,0.727174,0.727174,1.0,0.772995,0.724971,0.724971,1.0,0.701429,0.788224,0.792947,0.992501,0.630884,0.742666,0.80472,0.905935,False,False,False,False,0.0,0.0,0.461896,2.549121,2.549121,2.549121,17.03339,14.548354,14.021078,16.295193,22.324413,23.333535,16.176834,17.03339,22.324413,16.392687,22.687027,16.758732,22.052353,16.452503,22.210056,14.63999,21.605734,14.487786,23.34413,13.653882,23.342357,13.600457,22.683818,0.0,1.009122
386,48,9502,17280,0.549884,0.743403,0.718812,0.727542,0.983582,0.747222,0.720977,0.72723,0.988213,0.664873,0.77649,0.79859,0.965586,0.584896,0.764669,0.840704,0.894233,False,False,False,False,0.0,0.0,0.449601,1.061541,1.061541,1.061541,11.727672,11.675682,6.291292,17.564653,24.423233,24.7098,21.097238,11.727672,24.423233,11.726583,24.56874,11.508875,24.558015,11.448818,24.633814,14.283519,23.41025,11.670912,24.707197,12.158528,24.526975,13.059953,24.06738,0.0,0.286567
387,48,6216,12555,0.495102,0.595858,0.697274,0.752172,0.905245,0.621027,0.711825,0.747339,0.93742,0.489606,0.672258,0.808524,0.79955,0.395301,0.613597,0.856538,0.68388,False,False,True,False,1.0,0.0,0.308566,1.272756,57.931694,1.272756,47.87645,11.092449,4.750749,14.16597,10.915197,26.576496,22.991593,11.978121,25.694765,11.466377,26.074914,12.381274,25.487064,12.097276,25.725286,13.106177,25.543913,11.114811,26.561826,11.339768,26.632127,12.04601,26.259716,56.658938,15.661299
388,48,11939,20064,0.595046,0.752193,0.791081,0.791081,1.0,0.752193,0.791081,0.791081,1.0,0.70305,0.846377,0.846377,1.0,0.652213,0.825976,0.865047,0.948153,False,False,True,False,1.0,0.0,0.383631,0.568164,4.174113,0.568164,4.855599,3.443672,1.788513,5.102577,31.469541,34.826672,31.776194,3.574727,34.266354,3.484854,34.559056,3.191557,34.131297,3.134322,34.372767,4.326772,33.214271,3.414803,34.8425,3.568473,34.666941,3.887065,34.078448,3.605949,3.357131
389,48,9910,20664,0.479578,0.529423,0.90585,0.90585,1.0,0.530246,0.904445,0.904445,1.0,0.460075,0.841521,0.933312,0.895358,0.392712,0.748133,0.950585,0.778406,False,False,True,False,1.0,0.0,0.095964,0.507594,3.944362,0.507594,3.670568,2.876118,0.714308,3.070333,33.491426,39.566414,38.646445,3.038682,39.108319,2.921796,39.432146,2.825563,39.578648,2.732762,39.845006,3.313623,38.468387,2.854491,39.6207,2.898184,39.502036,3.054995,39.096254,3.436768,6.074988
390,48,6749,13775,0.489946,0.568784,0.714151,0.775495,0.900282,0.595499,0.730556,0.769475,0.93525,0.485082,0.704658,0.830889,0.82264,0.406025,0.668966,0.884498,0.732997,False,False,False,False,0.0,0.0,0.267435,0.815068,0.815068,0.815068,14.503087,13.438781,7.187731,19.93441,21.869867,22.551876,18.191184,14.503087,21.869867,14.130686,22.192266,14.420655,21.953299,14.346421,22.025511,14.528275,22.11888,13.447079,22.546749,13.330073,22.657765,13.661234,22.507562,0.0,0.682009
391,48,8996,16080,0.559453,0.729789,0.766596,0.766596,1.0,0.732214,0.764056,0.764056,1.0,0.663246,0.83422,0.838444,0.993997,0.594092,0.794601,0.85973,0.912961,False,False,True,False,0.9952,0.0,0.389046,0.99106,23.319641,0.99106,22.830591,7.289203,7.36326,11.596673,14.53169,27.217486,20.552533,7.409367,26.689193,7.45083,26.783969,7.09997,26.911959,7.100526,26.926237,8.684823,26.15876,7.291907,27.212445,7.48629,27.239213,7.966096,26.857916,22.328581,12.685796
392,48,9352,19950,0.468772,0.568271,0.812122,0.817853,0.991446,0.581103,0.799553,0.802726,0.995081,0.49589,0.774387,0.848984,0.898097,0.426165,0.70868,0.870972,0.791809,False,False,True,False,0.99632,0.0,0.215607,0.858621,44.2146,0.858621,28.908148,14.668163,9.26656,19.495901,11.256477,22.996009,18.355801,15.820217,21.894319,15.526304,22.190849,15.227188,22.074928,15.138224,22.04788,19.35005,20.883194,14.667878,22.99232,15.28051,22.981424,16.874786,22.160519,43.355979,11.739532
393,48,8216,18316,0.44857,0.52637,0.852194,0.852194,1.0,0.534123,0.839824,0.839824,1.0,0.458288,0.798787,0.878723,0.89776,0.392498,0.712047,0.891223,0.77982,False,False,True,False,1.0,0.0,0.153069,1.169175,50.545216,1.169175,44.909363,7.226834,1.880891,7.419263,12.819776,29.796808,28.038136,7.262861,29.558731,6.885345,30.09509,7.858447,28.941387,7.594653,29.354219,10.016026,27.361216,7.237829,29.783499,7.957968,29.138971,8.898937,28.29421,49.376041,16.977032
394,48,9342,16272,0.574115,0.773169,0.732085,0.736507,0.991865,0.774828,0.733123,0.736437,0.993899,0.706428,0.785978,0.797738,0.981589,0.63809,0.777507,0.830974,0.923571,False,False,False,False,0.0,0.0,0.478066,1.075565,1.075565,1.075565,12.790766,12.635089,9.572391,22.353815,21.966139,22.688539,17.151265,12.790766,21.966139,12.84443,22.135569,12.397167,22.000276,12.268537,22.247954,15.300863,21.075316,12.639085,22.682351,13.051881,22.647114,13.902055,22.04829,0.0,0.7224
395,48,7397,14663,0.504467,0.596331,0.700843,0.760636,0.899148,0.614608,0.726536,0.766201,0.933487,0.500921,0.6978,0.824915,0.819116,0.413626,0.668774,0.88953,0.72935,False,False,True,False,0.996559,0.0,0.285852,0.522387,17.615057,0.522387,17.695328,8.952053,5.072438,11.671623,20.115454,28.87716,24.784521,8.588932,29.054857,8.732279,29.016641,8.37006,29.201692,8.379478,29.25288,10.547654,27.539987,8.933441,28.88752,9.33081,28.573095,9.881889,28.110415,17.09267,8.761706
396,48,7103,12906,0.550364,0.620642,0.692575,0.772035,0.870618,0.649853,0.727252,0.777632,0.918204,0.51325,0.661261,0.824879,0.769252,0.413761,0.605341,0.878652,0.660566,False,False,True,False,1.0,0.0,0.316733,0.993969,27.268539,0.993969,23.279224,9.162467,5.64639,12.558638,17.322969,26.669921,23.139725,9.493406,25.884633,9.251772,26.310065,9.816978,25.483386,9.542025,25.772989,11.996105,24.608801,9.17847,26.658487,9.701817,26.412562,10.677132,25.656609,26.27457,9.346952
397,48,8472,16898,0.501361,0.42437,0.654819,0.863199,0.730642,0.696532,0.719796,0.719796,1.0,0.317671,0.526583,0.889344,0.563503,0.214996,0.375881,0.910267,0.390345,False,False,True,False,1.0,0.0,0.385711,0.839228,10.570338,0.839228,8.449244,5.465179,6.342551,7.538047,22.660723,30.00131,22.443731,5.330973,29.919151,5.365124,29.95126,5.180398,30.026142,5.187205,30.011651,7.397112,28.462704,5.464865,29.992989,5.900928,29.719152,6.570349,29.178761,9.73111,7.340587
398,48,7159,15352,0.466324,0.472837,0.616005,0.757129,0.767705,0.819502,0.569033,0.569033,1.0,0.323085,0.503598,0.818347,0.566979,0.190399,0.332893,0.861444,0.351725,False,False,False,False,0.0,0.0,0.659587,1.487001,1.487001,1.487001,16.970201,15.799088,11.524838,17.889975,23.199373,23.807891,20.658885,16.970201,23.199373,16.146576,23.532424,17.854635,22.82897,17.258137,23.077573,19.838898,22.35555,15.82721,23.798712,16.432323,23.657085,17.834288,23.136991,0.0,0.608518
399,48,7107,15360,0.462695,0.532096,0.800825,0.831396,0.9561,0.551693,0.791331,0.812249,0.968482,0.45612,0.764125,0.872538,0.860138,0.386719,0.686967,0.894444,0.747573,False,False,False,False,0.0,0.0,0.192657,1.160588,1.160588,1.160588,30.280474,29.02636,8.182197,38.853382,18.188318,18.776984,16.114982,30.280474,18.188318,30.349327,18.26852,30.224239,18.174612,30.479761,18.159276,33.929974,17.898852,29.060129,18.76923,29.591576,18.8744,31.272455,18.557554,0.0,0.588666
400,48,11261,19536,0.576423,0.805897,0.715257,0.715257,1.0,0.806357,0.714848,0.714848,1.0,0.745393,0.770882,0.771941,0.998224,0.68274,0.755692,0.793822,0.940236,False,False,False,False,0.0,0.0,0.542477,0.850634,0.850634,0.850634,13.376639,13.747003,13.492648,16.349289,24.003984,24.024508,19.166177,13.376639,24.003984,13.322263,24.123096,13.746559,23.693483,13.63381,23.770909,17.857738,21.865488,13.752153,24.020959,14.787408,23.535065,16.184797,22.773396,0.0,0.020524
401,48,8163,18240,0.447533,0.718147,0.623177,0.623177,1.0,0.718147,0.623177,0.623177,1.0,0.65795,0.680053,0.68011,0.999877,0.596327,0.712384,0.728234,0.970354,False,False,False,False,0.0,0.0,0.484966,1.22295,1.22295,1.22295,8.215362,7.922577,4.182627,9.885051,29.493121,29.933252,27.160591,8.215362,29.493121,7.90069,29.797327,9.17318,28.845207,8.849279,29.130037,9.967904,28.502336,7.966393,29.903984,8.389481,29.686608,9.084773,29.190114,0.0,0.440131
402,48,7316,14610,0.500753,0.544764,0.88,0.898354,0.97731,0.559274,0.866803,0.880064,0.982914,0.468172,0.80838,0.925146,0.864954,0.393018,0.701812,0.937827,0.736058,False,False,False,False,0.0,0.0,0.133534,1.127091,1.127091,1.127091,13.442728,13.139694,4.398867,17.837389,22.725646,23.031852,18.692826,13.442728,22.725646,13.20093,22.876358,13.402041,22.757152,13.355659,22.733538,17.163933,20.877354,13.145617,23.026618,14.050711,22.656706,15.423273,21.879872,0.0,0.306206
403,48,8962,19866,0.451123,0.518172,0.870604,0.870604,1.0,0.533776,0.845153,0.845153,1.0,0.445434,0.812271,0.902136,0.890761,0.375768,0.720105,0.921232,0.767351,False,False,False,False,0.0,0.0,0.150404,0.710718,0.710718,0.710718,8.472811,8.586923,2.916911,10.322733,29.271382,29.364486,25.969829,8.472811,29.271382,8.53831,29.289029,8.431153,29.119948,8.350666,29.278271,10.830432,27.249226,8.578517,29.367845,9.03526,28.97034,9.809566,28.209633,0.0,0.093104
404,48,10639,18384,0.57871,0.755657,0.765836,0.765836,1.0,0.755983,0.765506,0.765506,1.0,0.689077,0.835775,0.837622,0.997368,0.620812,0.799869,0.85867,0.921139,False,False,False,False,0.0,0.0,0.403099,2.106176,2.106176,2.106176,13.077419,10.333678,2.649882,7.339412,24.140589,26.209962,27.854307,13.077419,24.140589,12.548453,24.684145,11.943949,24.53045,11.897735,24.675666,5.565467,29.112792,10.282264,26.235602,8.172729,27.761043,6.409092,28.886065,0.0,2.069373
405,48,7058,13748,0.513384,0.551135,0.931503,0.931503,1.0,0.551717,0.930521,0.930521,1.0,0.474833,0.848938,0.955576,0.88382,0.400131,0.72989,0.963279,0.750779,False,False,True,False,0.999851,0.0,0.076383,0.276931,44.082012,0.276931,44.811184,2.095258,0.370354,2.185369,14.461886,41.598655,41.114984,2.456314,40.364798,2.260744,41.046674,2.20733,40.986732,2.123784,41.339683,2.399783,40.593199,2.086521,41.630714,2.047936,41.750086,2.157929,41.357864,43.805081,27.136769
406,48,5824,14730,0.395384,0.487305,0.674868,0.729869,0.899554,0.742974,0.532164,0.532164,1.0,0.370808,0.601987,0.776456,0.728194,0.263951,0.467291,0.795525,0.531078,False,False,True,False,1.0,0.0,0.568381,3.257654,41.188412,3.257654,38.853996,20.892342,6.945729,15.106914,13.847578,22.278515,21.840181,22.076637,21.715888,20.983974,22.002789,23.915636,21.257991,22.993017,21.494121,24.351133,21.706937,20.97682,22.259764,21.567366,22.295219,22.760645,22.101101,37.930758,8.430937
407,48,8633,15216,0.567363,0.777997,0.728824,0.729008,0.999652,0.783057,0.724115,0.724297,0.999652,0.702944,0.804593,0.805722,0.998262,0.627432,0.808415,0.851262,0.941388,False,False,False,False,0.0,0.0,0.492177,1.106486,1.106486,1.106486,15.014209,14.431136,7.161021,16.993668,23.013788,23.469545,20.960362,15.014209,23.013788,14.694312,23.279466,15.252906,22.912176,14.921078,23.149967,17.100389,21.709766,14.43465,23.469712,14.797444,23.213738,15.67767,22.582441,0.0,0.455757
408,48,10282,17328,0.593375,0.73563,0.788105,0.796266,0.987162,0.738458,0.791631,0.79689,0.991733,0.655298,0.849,0.874945,0.966252,0.57358,0.79487,0.900996,0.87094,False,False,False,False,0.0,0.0,0.368152,1.225707,1.225707,1.225707,6.708747,6.148123,4.089838,9.525189,28.718602,29.729485,24.464902,6.708747,28.718602,6.572133,28.919735,6.679051,28.701101,6.547688,28.902744,6.528107,29.420884,6.149549,29.724469,5.989302,30.138585,6.11136,30.026258,0.0,1.010883
409,48,9377,16464,0.569546,0.780369,0.708564,0.717388,0.982937,0.783163,0.7121,0.718396,0.987843,0.710702,0.761049,0.77848,0.971419,0.637391,0.741695,0.806366,0.902421,False,False,True,False,1.0,0.0,0.512064,1.095104,17.139645,1.095104,15.615264,13.331201,10.835521,14.617397,20.254946,24.069008,20.793506,14.363727,22.998818,14.131919,23.359652,14.324447,22.914171,14.279336,23.063828,13.762753,23.762905,13.33639,24.062212,12.994561,24.406788,13.079841,24.295898,16.044541,3.814062
410,48,7054,14268,0.494393,0.634847,0.768024,0.772687,0.992203,0.635618,0.769037,0.772853,0.993621,0.553827,0.799759,0.841053,0.94216,0.477642,0.75335,0.874395,0.844769,False,False,True,False,0.999723,0.0,0.279318,1.159089,22.800158,1.159089,22.385691,11.89552,3.11145,14.240336,18.153746,24.93212,23.04349,12.664209,24.47192,12.571213,24.583591,13.084633,24.228714,13.019989,24.286943,13.127114,23.749012,11.914422,24.922107,11.813345,24.87467,12.221388,24.452287,21.641069,6.778374
411,48,7566,12766,0.592668,0.671628,0.862881,0.871938,0.988105,0.676249,0.857258,0.866095,0.988237,0.567131,0.824522,0.924171,0.884351,0.474228,0.735474,0.953419,0.762887,False,False,False,False,0.0,0.0,0.220962,0.8275,0.8275,0.8275,18.956779,17.497181,6.921667,18.179312,20.573768,21.80323,20.184048,18.956779,20.573768,18.692749,20.835605,19.079258,20.539331,18.885365,20.694609,18.148779,22.329991,17.517181,21.793019,17.052824,22.463373,17.254736,22.664167,0.0,1.229462
412,48,13003,21696,0.599327,0.762214,0.786297,0.786297,1.0,0.762214,0.786297,0.786297,1.0,0.692247,0.863661,0.864638,0.998693,0.620345,0.83014,0.89182,0.923095,False,False,True,False,1.0,0.0,0.388704,0.567046,9.847118,0.567046,8.843318,5.837653,2.752023,7.065728,24.394021,31.933097,29.440425,5.823451,31.766509,5.797047,31.87251,5.499756,32.098556,5.529314,32.099792,7.042759,30.600452,5.829193,31.942045,6.10254,31.719288,6.519341,31.247428,9.280072,7.539076
413,48,7734,14181,0.545378,0.602214,0.803813,0.84918,0.937678,0.613638,0.817538,0.849575,0.955909,0.511106,0.761759,0.893764,0.8376,0.425428,0.669739,0.915299,0.71399,False,False,False,False,0.0,0.0,0.20273,1.048084,1.048084,1.048084,14.078959,13.729765,3.671268,18.795061,23.181053,23.481047,20.169747,14.078959,23.181053,14.202482,23.165528,14.111973,23.110014,14.348504,22.904488,15.444488,22.267124,13.737264,23.478189,13.824541,23.406397,14.385958,22.970048,0.0,0.299994
414,48,7332,14056,0.521628,0.545319,0.876971,0.914155,0.955674,0.553002,0.884591,0.912132,0.966994,0.458665,0.78577,0.940437,0.826923,0.376138,0.66324,0.951768,0.686307,False,False,False,False,0.0,0.0,0.101428,0.519086,0.519086,0.519086,9.042235,8.764866,2.050466,10.655119,27.745586,28.095542,25.461743,9.042235,27.745586,8.91153,27.951874,8.967267,27.725855,8.908938,27.813428,10.148754,26.426471,8.764412,28.091923,8.944717,27.831566,9.422623,27.238305,0.0,0.349956
415,48,9497,17376,0.546558,0.720304,0.737137,0.746325,0.983574,0.731066,0.731804,0.738487,0.987786,0.651588,0.791344,0.812312,0.968411,0.582067,0.762311,0.838738,0.893229,False,False,False,False,0.0,0.0,0.421627,1.085967,1.085967,1.085967,27.622864,27.069986,15.015654,36.454987,18.550187,18.958927,15.572438,27.622864,18.550187,27.673195,18.679476,27.309816,18.570062,27.219858,18.666233,30.99119,17.929322,27.072865,18.95778,27.52585,18.909153,28.847284,18.541827,0.0,0.40874
416,48,10544,19344,0.545079,0.706989,0.759407,0.764405,0.991464,0.711694,0.757718,0.761241,0.99393,0.632237,0.831444,0.84538,0.980558,0.556865,0.79111,0.874025,0.892925,False,False,False,False,0.0,0.0,0.372614,1.038712,1.038712,1.038712,19.55583,19.791983,7.526174,24.823786,21.287791,21.494544,19.177564,19.55583,21.287791,19.483782,21.440174,19.444391,21.303806,19.448786,21.36481,24.762012,19.840208,19.790371,21.493782,20.913853,21.195189,22.60894,20.608898,0.0,0.206753
417,48,11563,19392,0.596277,0.757684,0.786973,0.786973,1.0,0.757735,0.78692,0.78692,1.0,0.690903,0.860817,0.861845,0.998616,0.622112,0.828857,0.887599,0.926057,False,False,False,False,0.0,0.0,0.39788,0.787159,0.787159,0.787159,11.034535,10.724812,5.009367,12.092507,25.815364,26.226608,23.891964,11.034535,25.815364,10.844331,26.036921,11.127389,25.761679,11.002998,25.884596,12.650321,24.819928,10.730145,26.225531,11.014616,26.049041,11.666177,25.546669,0.0,0.411244
418,48,7645,16464,0.464346,0.690112,0.628846,0.645837,0.959843,0.697218,0.637189,0.648401,0.973578,0.617043,0.664236,0.699478,0.929496,0.544521,0.687494,0.754824,0.885154,False,False,True,False,1.0,0.0,0.42862,0.759497,13.399932,0.759497,14.261653,6.996468,5.579431,13.739612,19.339567,28.478647,21.897765,7.161761,28.246725,7.413778,28.131401,6.846436,28.100135,6.905995,28.095672,7.082189,27.487173,6.984086,28.469664,6.679355,28.46372,6.684325,28.109413,12.640435,9.13908
419,48,5063,12393,0.408537,0.523602,0.684211,0.723224,0.926921,0.556362,0.68304,0.703843,0.958523,0.418381,0.633408,0.766442,0.78491,0.322037,0.535878,0.791531,0.623938,False,False,True,False,1.0,0.0,0.278035,2.147703,38.970306,2.147703,44.843441,16.622557,6.683629,16.295214,12.288791,23.44234,21.224454,18.054117,22.762301,17.212719,23.112256,19.156363,22.48573,18.656462,22.640297,19.845415,22.155758,16.669762,23.42876,17.075253,23.346849,18.174402,22.889045,36.822603,11.153549
420,48,8760,18048,0.485372,0.760638,0.610773,0.621139,0.973402,0.769448,0.611542,0.618852,0.98105,0.693262,0.640093,0.663523,0.947717,0.624113,0.653646,0.702681,0.903539,False,False,False,False,0.0,0.0,0.553402,0.868612,0.868612,0.868612,24.883066,25.907345,18.421799,36.010921,18.612462,18.457707,14.63678,24.883066,18.612462,25.513775,18.529627,23.975723,18.769163,24.316172,18.743875,31.413433,16.888859,25.908714,18.452783,27.119291,18.11473,28.983942,17.56997,0.0,-0.154755
421,48,5438,14601,0.37244,0.510718,0.660229,0.687676,0.942994,0.566194,0.624393,0.637232,0.968739,0.387919,0.593512,0.730049,0.76039,0.275735,0.465923,0.747144,0.553145,False,False,False,False,0.0,0.0,0.325112,2.386955,2.386955,2.386955,16.31286,14.777921,6.332133,17.609844,23.821533,24.823542,21.632024,16.31286,23.821533,15.333946,24.158832,17.384884,23.535482,16.744637,23.68231,18.761555,23.742181,14.821442,24.810498,15.563197,24.961169,16.929815,24.562785,0.0,1.002009
422,48,8367,15360,0.544727,0.743099,0.732288,0.732609,0.999402,0.74375,0.731648,0.731968,0.999402,0.671354,0.801427,0.805857,0.993188,0.598177,0.788771,0.842512,0.925182,False,False,False,False,0.0,0.0,0.437294,1.053339,1.053339,1.053339,10.519382,12.018167,13.505076,32.32692,23.379165,23.017896,14.994561,10.519382,23.379165,10.851838,23.296926,10.29218,23.528111,10.503884,23.460051,19.630373,19.925681,11.997649,23.028138,14.220748,22.222467,16.815784,21.121363,0.0,-0.361269
423,48,8400,16286,0.51578,0.546175,0.929815,0.936818,0.992024,0.551701,0.927597,0.931107,0.995952,0.474211,0.842207,0.954422,0.8775,0.405133,0.730871,0.959836,0.753929,False,False,True,False,0.994547,0.0,0.077733,0.480894,9.139572,0.480894,8.008294,8.358095,1.587497,9.898453,22.204549,26.611674,24.275684,8.579286,26.274732,8.34877,26.560044,8.676984,26.003496,8.537857,26.181489,10.473214,24.656406,8.360396,26.609507,8.864722,26.24154,9.586032,25.544996,8.658678,4.407125
424,48,11557,19776,0.584395,0.743072,0.786458,0.786458,1.0,0.745247,0.784163,0.784163,1.0,0.672684,0.861614,0.864918,0.995587,0.600526,0.816089,0.886662,0.911136,False,False,True,False,1.0,0.0,0.382285,0.954536,6.171189,0.954536,6.460616,3.397018,1.981222,4.586859,26.559857,33.606494,29.698091,3.528453,33.05634,3.386634,33.384439,3.331949,32.967685,3.330363,32.95094,4.489862,31.112671,3.378068,33.625927,3.595483,33.201199,3.979204,32.280589,5.216653,7.046637
425,48,8028,15796,0.50823,0.653773,0.753272,0.763629,0.982312,0.657825,0.756365,0.763353,0.988042,0.581603,0.760225,0.809296,0.926134,0.512978,0.71333,0.828829,0.836572,False,False,False,False,0.0,0.0,0.315268,1.436363,1.436363,1.436363,11.919989,11.507349,4.435633,17.481897,25.143104,25.3201,21.318146,11.919989,25.143104,11.789528,25.223,12.329762,25.079952,12.179912,25.123637,13.715911,23.966522,11.534546,25.307333,11.807258,25.096992,12.553105,24.623551,0.0,0.176996
426,48,7700,18720,0.411325,0.632906,0.606377,0.622806,0.958312,0.638248,0.614594,0.625963,0.971299,0.565972,0.638456,0.672865,0.925844,0.500053,0.6653,0.728127,0.885195,False,True,True,False,0.593285,0.0,0.789474,0.532456,0.367937,0.532456,0.173593,0.789913,0.541258,0.325758,47.825792,48.403015,47.479336,1.050606,47.111757,0.930996,47.669402,0.80697,47.999039,0.71303,48.415382,1.013636,47.076066,0.734892,48.569088,0.688182,48.758533,0.805758,48.174795,-0.164519,0.577223
427,48,5862,12501,0.468922,0.523798,0.799594,0.842089,0.940635,0.543956,0.818469,0.838088,0.972194,0.442605,0.753616,0.885053,0.83538,0.364851,0.655496,0.904845,0.704026,False,False,True,False,1.0,0.0,0.165688,1.592961,69.713112,1.592961,73.31218,8.708575,2.592358,11.206926,9.45773,27.274068,23.944952,9.512681,25.957728,9.252019,26.30883,9.860684,25.817443,9.792278,25.794178,8.997384,27.524863,8.729387,27.264427,8.488343,27.880229,8.529228,27.979573,68.120151,17.816338
428,48,11422,19776,0.577569,0.761731,0.758232,0.758232,1.0,0.763906,0.756073,0.756073,1.0,0.690231,0.831009,0.833626,0.996235,0.616201,0.806965,0.865173,0.923043,False,False,True,False,0.999282,0.0,0.434881,1.68957,26.332455,1.68957,27.517948,11.246862,4.547761,9.430835,17.286009,23.933698,23.463178,12.839345,22.875069,12.250278,23.304581,12.435038,23.008145,11.930397,23.362061,11.019056,23.546663,11.228565,23.935728,10.65263,24.215638,10.553522,24.073261,24.642885,6.647689
429,48,4507,13068,0.344888,0.43067,0.794758,0.797441,0.995784,0.675084,0.510882,0.510882,1.0,0.337848,0.658981,0.802718,0.786332,0.252219,0.495974,0.784891,0.573996,False,False,True,False,0.939026,0.0,0.455204,1.254098,4.439785,1.254098,4.417277,3.92434,1.71962,3.390356,32.202806,36.123286,36.265517,4.028622,35.998292,3.698025,36.411327,5.135641,34.932308,4.878411,35.214897,5.538126,34.360099,4.002071,36.045702,4.436136,35.557069,4.944161,34.995582,3.185687,3.92048
430,48,6727,14239,0.472435,0.48929,0.668982,0.787857,0.815966,0.751247,0.628868,0.628868,1.0,0.384507,0.598376,0.834338,0.679055,0.291383,0.499104,0.87274,0.538279,False,False,False,False,0.0,0.0,0.526757,1.436102,1.436102,1.436102,20.149052,19.830584,13.768859,30.336901,21.180483,21.462197,16.095425,20.149052,21.180483,19.909519,21.351893,20.235519,21.144574,20.130964,21.202341,25.617115,19.198631,19.847977,21.457155,21.068876,21.036393,23.030424,20.221173,0.0,0.281714
431,48,6685,12744,0.524561,0.557517,0.920078,0.930049,0.988482,0.570621,0.910348,0.914604,0.994914,0.473321,0.820094,0.949934,0.857143,0.390615,0.697424,0.962636,0.716829,False,False,False,False,0.0,0.0,0.102492,1.177147,1.177147,1.177147,18.459187,18.503315,3.927491,20.119272,22.309943,22.438374,20.79949,18.459187,22.309943,18.329943,22.469576,18.368288,22.28582,18.263176,22.398574,22.311394,20.824868,18.503815,22.439865,19.337173,22.110916,20.640539,21.545077,0.0,0.128431
432,48,6670,13978,0.477178,0.512377,0.862896,0.894583,0.96057,0.533481,0.844256,0.867239,0.969565,0.435184,0.78239,0.92027,0.83928,0.359637,0.669807,0.93336,0.703448,False,False,False,False,0.0,0.0,0.135468,1.442301,1.442301,1.442301,25.533733,23.849276,4.382686,23.962769,20.858586,21.470977,20.745344,25.533733,20.858586,24.451824,21.255017,25.480509,20.874273,24.746927,21.15941,27.128336,20.329239,23.860769,21.469137,24.113394,21.364526,25.257021,20.959237,0.0,0.612391
433,48,10669,19968,0.534305,0.710186,0.745575,0.748466,0.994845,0.711689,0.746087,0.748082,0.996438,0.650341,0.795446,0.807023,0.982285,0.588592,0.764817,0.826768,0.91077,False,False,False,False,0.0,0.0,0.384988,1.018891,1.018891,1.018891,13.965414,13.992533,10.994515,25.383791,24.679546,24.934837,17.763255,13.965414,24.679546,14.0314,24.765859,13.987409,24.555617,13.950105,24.631655,17.495516,22.750225,13.982441,24.937677,14.637892,24.567533,15.850221,23.772744,0.0,0.255291
434,48,11535,19248,0.599283,0.774782,0.773486,0.773486,1.0,0.775457,0.772813,0.772813,1.0,0.702411,0.850443,0.851701,0.998266,0.627338,0.827965,0.885631,0.927091,False,False,True,False,1.0,0.0,0.427979,0.595229,28.037901,0.595229,28.179193,11.585032,5.773283,12.002427,17.539559,26.291907,24.769029,12.194827,25.827675,11.685075,26.247205,12.166364,25.830312,11.836555,26.093998,13.464211,24.939546,11.587025,26.293031,11.87207,26.058249,12.518133,25.582489,27.442672,8.752348
435,48,9430,15576,0.605419,0.697804,0.840511,0.852884,0.983033,0.701335,0.844495,0.853076,0.988229,0.616333,0.811174,0.887813,0.903818,0.540704,0.74387,0.90418,0.807529,False,False,False,False,0.0,0.0,0.260495,0.887623,0.887623,0.887623,14.841075,14.281443,8.077286,17.508766,23.211096,23.69817,20.21957,14.841075,23.211096,14.459385,23.552838,15.206717,23.007627,14.864758,23.281378,17.21619,22.083003,14.293637,23.693585,14.74468,23.446571,15.751114,22.872167,0.0,0.487074
436,48,9771,20706,0.471892,0.517966,0.905187,0.907972,0.996623,0.530523,0.884682,0.886937,0.997134,0.451995,0.83554,0.930441,0.891209,0.388631,0.736816,0.939356,0.773616,False,False,True,False,1.0,0.0,0.113214,0.687151,11.220729,0.687151,8.750145,3.622488,2.114556,5.252346,20.920554,33.567815,28.069176,3.976393,32.567844,3.829086,32.893207,3.776686,32.49805,3.659673,32.831869,4.388394,32.684799,3.61181,33.571139,3.665166,33.780492,3.933818,33.449721,10.533578,12.647261
437,48,10094,16368,0.616691,0.790506,0.780122,0.780122,1.0,0.790628,0.780002,0.780002,1.0,0.722691,0.849886,0.851467,0.99782,0.652493,0.82324,0.878277,0.929265,False,False,False,False,0.0,0.0,0.436085,0.614653,0.614653,0.614653,7.5603,6.869758,3.075656,6.475992,28.680409,29.986342,29.613556,7.5603,28.680409,7.206492,29.264987,7.208837,29.176893,7.046496,29.452762,7.099135,29.928322,6.845882,30.007975,6.687669,30.416475,6.739713,30.389802,0.0,1.305933
438,48,6768,18056,0.374834,0.401639,0.724902,0.812466,0.870567,0.648759,0.57777,0.57777,1.0,0.300288,0.582911,0.827923,0.663268,0.202038,0.395872,0.809759,0.436466,False,False,False,False,0.0,0.0,0.425939,1.182465,1.182465,1.182465,9.267829,9.386082,3.992175,11.820971,26.876587,27.184678,23.252161,9.267829,26.876587,9.121059,27.025304,9.580625,26.624584,9.582891,26.545666,13.448188,24.893563,9.41051,27.172935,10.402827,26.769104,11.797429,25.942843,0.0,0.308091
439,48,8417,17676,0.476182,0.601267,0.649203,0.705401,0.890697,0.637531,0.666328,0.698554,0.93525,0.511824,0.635972,0.750415,0.806582,0.430018,0.597965,0.78858,0.71213,False,False,False,False,0.0,0.0,0.365158,0.663967,0.663967,0.663967,14.994455,16.133263,13.325917,28.325373,23.412867,23.176998,16.841578,14.994455,23.412867,14.975288,23.492995,15.093818,23.281771,14.851293,23.382735,24.640251,19.868592,16.147955,23.169591,18.49404,22.285132,21.387114,21.113086,0.0,-0.235869
440,48,10118,16368,0.618157,0.779814,0.789334,0.790818,0.997628,0.780425,0.789976,0.790903,0.998517,0.709983,0.857875,0.863781,0.992093,0.638807,0.82815,0.891354,0.921131,False,False,False,False,0.0,0.0,0.42704,1.10112,1.10112,1.10112,13.354286,12.99687,6.58368,16.308922,24.248561,24.767477,21.946398,13.354286,24.248561,13.380115,24.313998,13.135204,24.425592,13.131416,24.459539,14.464914,24.081112,13.008104,24.761394,13.122653,24.876507,13.61435,24.632826,0.0,0.518916
441,48,11001,19392,0.567296,0.717925,0.790188,0.790188,1.0,0.722875,0.784777,0.784777,1.0,0.646504,0.866466,0.87158,0.993273,0.573587,0.829942,0.902095,0.912099,False,False,True,False,1.0,0.0,0.358956,1.070949,34.420609,1.070949,41.366028,9.005575,4.490685,14.07466,12.227063,27.320708,22.698262,9.068024,26.827021,9.153804,26.934497,8.465322,27.195623,8.534103,27.273061,12.282369,24.534658,8.98591,27.334689,9.573191,26.909937,10.717692,25.8605,33.34966,15.093645
442,48,8518,17664,0.482224,0.729337,0.661181,0.661181,1.0,0.730695,0.659952,0.659952,1.0,0.669384,0.720254,0.720315,0.999883,0.60796,0.737996,0.76143,0.959967,False,False,True,False,0.997157,0.0,0.473759,1.2381,17.455244,1.2381,21.787508,10.051498,5.24579,11.726305,18.417662,25.490285,23.046257,10.492173,25.213959,9.999492,25.501515,11.083314,25.075799,10.702316,25.292831,12.492839,23.846991,10.088714,25.47887,10.597089,25.148079,11.411521,24.576939,16.217144,7.072623
443,48,10515,20016,0.52533,0.760891,0.653819,0.668286,0.967951,0.767636,0.657062,0.667882,0.975939,0.697542,0.683425,0.711718,0.945031,0.632394,0.690349,0.747669,0.900048,False,False,False,False,0.0,0.0,0.533628,1.023997,1.023997,1.023997,30.239119,30.159391,23.519945,45.724869,17.227107,17.601956,12.856886,30.239119,17.227107,30.668854,17.303801,30.100048,17.133498,30.415438,17.147821,34.061596,16.40978,30.162752,17.596085,30.624823,17.520754,31.899256,17.094922,0.0,0.374849
444,48,9413,17952,0.524343,0.714962,0.728268,0.730425,0.995963,0.718583,0.725944,0.727519,0.997025,0.649733,0.796846,0.801355,0.992988,0.583333,0.786934,0.83623,0.930309,False,False,True,False,1.0,0.0,0.411172,0.965843,32.848812,0.965843,38.627357,16.878962,10.95546,21.273027,14.654614,21.767296,18.058081,17.458479,21.345411,17.285456,21.561609,17.677856,21.075538,17.449343,21.26569,19.148872,20.546187,16.89295,21.7627,17.10836,21.634356,17.840752,21.202014,31.882969,7.112682
445,48,7960,13052,0.609868,0.645955,0.926313,0.934883,0.990201,0.646338,0.925996,0.934448,0.990327,0.553172,0.850768,0.966482,0.876633,0.465523,0.735625,0.979098,0.747362,False,False,True,False,0.999607,0.0,0.10762,0.901349,17.121302,0.901349,18.990284,4.22366,1.108274,4.450712,20.12165,31.493284,30.786029,4.628936,30.85158,4.530067,30.969983,4.249204,31.208762,4.258752,31.11982,4.532873,31.041132,4.211474,31.494147,4.108208,31.702773,4.215452,31.540133,16.219953,11.371634
446,48,6476,12852,0.50389,0.568394,0.727592,0.794524,0.896232,0.595316,0.746446,0.789178,0.932366,0.47798,0.679846,0.831353,0.788604,0.393557,0.609545,0.863582,0.67449,False,False,True,False,0.999843,0.0,0.248432,1.372595,27.203419,1.372595,23.732243,11.017346,4.399728,11.284384,17.429283,25.175569,23.519679,12.046376,24.390004,11.558524,24.700643,11.993464,24.41183,11.674388,24.596011,12.053222,24.665399,11.007927,25.170305,10.899424,25.332776,11.258853,25.151364,25.830824,7.746286
447,48,6879,16456,0.418024,0.519446,0.76976,0.784979,0.975432,0.531235,0.774307,0.779799,0.990987,0.45333,0.757015,0.82815,0.898096,0.389888,0.688254,0.844763,0.787905,False,False,False,False,0.0,0.0,0.200063,2.307508,2.307508,2.307508,14.55759,13.860736,2.189725,14.252895,25.42612,25.819955,24.791329,14.55759,25.42612,13.825556,25.771551,15.64176,24.968798,15.121093,25.216517,16.978195,24.408766,13.901391,25.806105,14.466298,25.557455,15.527839,25.066138,0.0,0.393835
448,48,8948,20034,0.446641,0.542727,0.822956,0.822956,1.0,0.558001,0.800429,0.800429,1.0,0.464161,0.785246,0.863104,0.89696,0.391185,0.702851,0.884012,0.774251,False,False,False,False,0.0,0.0,0.201245,0.625564,0.625564,0.625564,10.356989,10.490911,3.674935,13.025555,28.715677,28.851147,25.862874,10.356989,28.715677,10.217963,28.918374,10.525369,28.497191,10.4097,28.678743,15.144279,25.669078,10.508717,28.83959,11.600842,28.090182,13.196767,26.945921,0.0,0.13547
449,48,7656,15252,0.501967,0.5337,0.904969,0.921867,0.980146,0.544125,0.895118,0.908061,0.984326,0.454236,0.814156,0.944717,0.854885,0.378508,0.698369,0.956522,0.721264,False,False,False,False,0.0,0.0,0.098473,0.552396,0.552396,0.552396,17.072754,17.551289,3.986133,20.073406,21.922419,21.980065,19.530361,17.072754,21.922419,16.902342,22.159703,17.396727,21.733976,17.281914,21.899928,22.921108,19.372657,17.549068,21.980939,18.920715,21.345046,20.712034,20.420444,0.0,0.057646
450,48,5642,13888,0.40625,0.560268,0.723107,0.723943,0.998405,0.566244,0.716137,0.716684,0.998937,0.482575,0.783557,0.809161,0.961184,0.406754,0.748645,0.855727,0.856788,False,False,False,False,0.0,0.0,0.2691,0.984154,0.984154,0.984154,8.261668,7.755583,3.821126,12.534917,27.283731,28.324286,20.864078,8.261668,27.283731,7.881721,27.710485,8.721257,26.967227,8.5553,27.122979,10.633522,25.938974,7.782819,28.318941,8.35602,28.120821,9.288846,27.21155,0.0,1.040555
451,48,6654,12528,0.53113,0.538554,0.895206,0.938195,0.951307,0.553001,0.906781,0.932304,0.970694,0.458653,0.797883,0.95771,0.827021,0.380987,0.675022,0.964802,0.692065,False,False,True,False,0.99983,0.0,0.079673,0.994496,29.748497,0.994496,28.130798,8.197425,1.601124,8.40006,17.47065,29.265431,28.689325,8.533414,28.591182,8.353021,28.912525,8.929867,28.138688,8.863591,28.28216,10.008216,27.349057,8.209999,29.25147,8.484921,29.035308,9.071987,28.340723,28.754001,11.794781
452,48,9631,18624,0.517128,0.757034,0.681309,0.682034,0.998443,0.757839,0.680586,0.681309,0.998443,0.690507,0.741598,0.744712,0.994393,0.623013,0.750825,0.784797,0.945489,False,False,False,False,0.0,0.0,0.499833,1.193817,1.193817,1.193817,13.649292,13.481847,10.450128,22.873707,23.517686,23.895771,19.048469,13.649292,23.517686,13.541827,23.714791,13.637282,23.513416,13.492887,23.663666,16.450005,22.512965,13.489981,23.887691,14.055619,23.709917,15.079431,23.22011,0.0,0.378085
453,48,11333,19344,0.585866,0.764216,0.766624,0.766624,1.0,0.764216,0.766624,0.766624,1.0,0.713038,0.821385,0.821504,0.999824,0.660877,0.805165,0.841442,0.949175,False,False,True,False,0.999875,0.0,0.427163,1.131694,13.737611,1.131694,12.902585,7.81123,3.768568,8.935322,23.157849,29.328874,27.643436,8.543427,28.450657,8.135651,28.960696,8.8177,28.122319,8.502809,28.517323,9.157151,27.998417,7.820612,29.319824,7.861761,29.254197,8.323627,28.773047,12.605917,6.171025
454,48,5785,18354,0.31519,0.370709,0.832727,0.840682,0.988764,0.594748,0.529956,0.529956,1.0,0.288166,0.663012,0.834751,0.763181,0.20595,0.463881,0.801852,0.523941,False,False,True,False,1.0,0.0,0.3406,0.471769,3.809346,0.471769,3.928897,1.06004,0.675259,1.45762,35.20431,46.082275,44.55479,1.219706,45.626044,1.121291,46.04635,1.12446,45.148912,1.035437,45.564105,1.577874,43.872092,1.059176,46.051234,1.148372,45.545364,1.335638,44.765535,3.337577,10.877965
455,48,4774,14670,0.325426,0.488139,0.623589,0.640134,0.960201,0.67362,0.483101,0.483101,1.0,0.413701,0.669181,0.716263,0.910557,0.341377,0.642653,0.764177,0.801634,False,False,True,False,1.0,0.0,0.513137,2.588925,8.501246,2.588925,13.876135,12.102011,2.512126,8.943094,21.236961,26.124566,25.844151,12.634548,25.974467,11.860425,26.153376,14.199762,25.649123,13.66932,25.760572,13.975213,25.38899,12.185309,26.104105,12.65766,25.951463,13.235442,25.707713,5.912321,4.887605
456,48,11106,20304,0.546986,0.801024,0.681824,0.682243,0.9991,0.803536,0.679694,0.68011,0.9991,0.742415,0.729994,0.732851,0.994688,0.681738,0.719722,0.754299,0.940122,False,False,True,False,0.999891,0.0,0.56708,1.027542,45.845436,1.027542,45.512608,26.292635,25.111908,34.108711,12.72913,18.536155,13.949031,26.941772,17.953153,26.848341,18.107986,27.275227,17.910277,27.180353,17.977812,29.145987,17.947738,26.310883,18.530878,26.577255,18.650714,27.5012,18.441577,44.817894,5.807025
457,48,6543,13833,0.472999,0.684884,0.589777,0.62719,0.908146,0.708523,0.60787,0.630446,0.944368,0.567845,0.587606,0.678421,0.814458,0.465626,0.556835,0.721006,0.709766,False,False,True,False,0.995199,0.0,0.494513,1.51262,15.957888,1.51262,17.985378,11.908859,6.260082,9.778134,20.599546,26.672206,26.259104,13.055072,25.879547,12.143155,26.486265,13.856641,25.382911,13.317592,25.757398,13.530746,25.552912,11.946151,26.650419,12.100362,26.528034,12.629069,26.141524,14.445268,6.07266
458,48,7227,15252,0.473839,0.518948,0.89275,0.902337,0.988239,0.533963,0.875885,0.881262,0.993081,0.440336,0.818573,0.934485,0.86841,0.365001,0.706094,0.951141,0.732669,False,False,False,False,0.0,0.0,0.120498,0.703967,0.703967,0.703967,13.420783,14.038559,3.746127,17.506941,23.852958,24.000221,21.044284,13.420783,23.852958,13.367188,24.029955,13.78811,23.645412,13.609243,23.83726,21.612148,21.864205,14.04534,24.000513,15.96324,23.549376,18.5937,22.790708,0.0,0.147263
459,48,8972,19194,0.467438,0.527404,0.715633,0.786822,0.887762,0.549599,0.747002,0.79126,0.930339,0.462071,0.686773,0.819033,0.80963,0.399396,0.639212,0.846334,0.723139,False,False,True,False,0.997848,0.0,0.200743,0.349345,8.131612,0.349345,8.036521,1.824045,2.077186,5.150691,27.979101,43.4661,27.316111,2.049784,42.536886,1.923614,43.065406,1.781171,43.485674,1.728637,43.702118,2.218383,41.859115,1.808775,43.534998,1.83025,43.435215,1.970315,42.812085,7.782267,15.486999
460,48,7116,13833,0.514422,0.578038,0.777673,0.826788,0.929033,0.590327,0.797671,0.830394,0.952923,0.506759,0.775292,0.880029,0.86692,0.436565,0.738699,0.925484,0.785413,False,True,True,False,1.0,0.0,0.958761,0.30197,1.413081,0.30197,1.198286,0.965477,1.41452,1.362751,41.395671,46.406358,41.821888,1.028949,46.116201,1.010867,46.185188,1.009181,46.244972,0.946506,46.489249,1.271032,44.994924,0.955874,46.473359,1.022485,46.30779,1.106146,45.78132,1.111111,5.010687
461,48,8075,15504,0.520833,0.756256,0.651789,0.666354,0.967554,0.7609,0.656967,0.667882,0.975728,0.688983,0.690124,0.717001,0.948483,0.621453,0.676925,0.741982,0.885325,False,False,False,False,0.0,0.0,0.509624,1.070579,1.070579,1.070579,14.079505,15.44,14.134697,25.087555,21.412197,21.041761,15.540997,14.079505,21.412197,14.307616,21.372497,14.026915,21.625902,14.161404,21.53834,22.253416,18.364676,15.44772,21.037227,17.331682,20.324747,19.634262,19.388469,0.0,-0.370436
462,48,8782,19194,0.457539,0.595134,0.7688,0.7688,1.0,0.622069,0.735511,0.735511,1.0,0.473429,0.78565,0.865192,0.89524,0.37965,0.734377,0.933718,0.774767,False,False,False,False,0.0,0.0,0.302536,0.53147,0.53147,0.53147,17.154482,17.206558,7.864932,19.097435,24.034093,24.128021,21.752094,17.154482,24.034093,16.904919,24.256647,17.505505,23.877889,17.272907,24.037056,22.268694,22.147738,17.201815,24.131578,18.312876,23.675638,20.072458,22.978745,0.0,0.093928
463,48,10660,18672,0.570908,0.720598,0.782994,0.787068,0.993433,0.723972,0.783959,0.785989,0.996717,0.662436,0.841142,0.850594,0.986961,0.602721,0.80734,0.869824,0.918293,False,False,False,False,0.0,0.0,0.357089,0.826094,0.826094,0.826094,12.464165,12.39706,5.371776,15.47783,23.551807,23.716493,20.964413,12.464165,23.551807,12.586648,23.567704,12.539931,23.49709,12.675829,23.47653,14.250907,22.772334,12.395372,23.720761,12.637993,23.622282,13.248374,23.289533,0.0,0.164686
464,48,7806,15456,0.505047,0.590644,0.708707,0.769416,0.899821,0.61109,0.735164,0.773849,0.936331,0.507376,0.698101,0.820326,0.82411,0.42773,0.661519,0.86825,0.735332,False,False,False,False,0.0,0.0,0.276209,0.439085,0.439085,0.439085,10.15881,10.598129,3.667364,14.032539,27.822939,27.656802,24.849555,10.15881,27.822939,10.289863,27.830165,10.071356,27.81964,10.309762,27.706181,13.460159,25.776296,10.610514,27.654663,11.309249,27.197999,12.290418,26.54268,0.0,-0.166137
465,48,9592,15744,0.609248,0.789888,0.771309,0.771309,1.0,0.790333,0.770875,0.770875,1.0,0.721418,0.837719,0.840817,0.995621,0.650279,0.812946,0.868529,0.927023,False,False,False,False,0.0,0.0,0.461476,0.796055,0.796055,0.796055,17.933001,17.988775,8.970037,22.119267,20.119399,20.275052,17.35562,17.933001,20.119399,17.936163,20.215352,18.147449,20.089795,18.081352,20.169269,21.575027,18.942332,17.994719,20.279209,18.704685,20.055499,19.920698,19.585857,0.0,0.155653
466,48,7932,19480,0.407187,0.542916,0.746862,0.748203,0.997605,0.547741,0.742087,0.742643,0.998991,0.470226,0.747291,0.798035,0.921583,0.400462,0.704366,0.833483,0.819718,False,False,False,False,0.0,0.0,0.235885,1.374553,1.374553,1.374553,9.12292,9.323794,3.869559,12.151118,28.361509,28.378838,23.321759,9.12292,28.361509,8.853085,28.57231,9.574802,27.982097,9.301101,28.230548,13.018952,25.971408,9.352706,28.362204,10.336401,27.767438,11.586401,26.926773,0.0,0.017329
467,48,10687,18216,0.586682,0.658432,0.881928,0.886193,0.994573,0.660244,0.87952,0.883762,0.994573,0.583992,0.836304,0.912954,0.908768,0.512791,0.754534,0.922064,0.805932,False,False,False,False,0.0,0.0,0.185549,0.768274,0.768274,0.768274,23.395184,23.227005,6.04507,25.578054,20.5297,20.832885,19.304433,23.395184,20.5297,23.089922,20.748399,23.691057,20.361324,23.626181,20.456106,28.609869,19.091782,23.242256,20.828806,24.336172,20.524335,26.155111,19.906398,0.0,0.303185
468,48,9621,18960,0.507437,0.759019,0.665187,0.666528,0.996986,0.763608,0.661542,0.66273,0.997298,0.699842,0.717566,0.720702,0.993972,0.638766,0.71876,0.750392,0.9446,False,False,False,False,0.0,0.0,0.519006,1.224542,1.224542,1.224542,24.365658,22.905277,15.03555,26.139626,18.944366,19.525769,16.603956,24.365658,18.944366,23.745071,19.191259,24.703808,18.859292,24.22735,19.039701,25.570072,18.635644,22.934484,19.520652,23.027544,19.529455,23.906904,19.213021,0.0,0.581403
469,48,8828,19680,0.448577,0.572612,0.783388,0.783388,1.0,0.589939,0.760379,0.760379,1.0,0.486382,0.771445,0.837129,0.90768,0.411026,0.713287,0.870689,0.797802,False,False,False,False,0.0,0.0,0.256082,0.885797,0.885797,0.885797,18.512196,18.16308,8.124494,20.931242,22.329775,22.5483,19.332074,18.512196,22.329775,17.913193,22.602234,18.66123,22.26195,18.365314,22.39972,23.968811,20.123981,18.149298,22.553714,19.403715,22.019262,21.396654,21.152278,0.0,0.218525
470,48,6743,13804,0.488482,0.529702,0.907832,0.914661,0.991843,0.540278,0.896501,0.900107,0.995551,0.450666,0.816704,0.936827,0.864304,0.373732,0.699072,0.949215,0.726235,False,False,False,False,0.0,0.0,0.105226,0.746259,0.746259,0.746259,11.201938,10.878145,2.467639,11.823076,25.756988,26.324164,24.294175,11.201938,25.756988,11.057047,25.957423,11.545257,25.369135,11.406743,25.581303,12.40961,25.657679,10.873251,26.327183,11.082109,26.40549,11.594642,26.1657,0.0,0.567176
471,48,5614,15360,0.365495,0.624349,0.541363,0.55683,0.951193,0.664648,0.527317,0.535116,0.973103,0.492188,0.512514,0.590476,0.795155,0.368815,0.435535,0.60406,0.609548,False,False,True,False,1.0,0.0,0.484404,1.46337,38.606812,1.46337,30.464554,15.358508,14.393495,23.395321,13.662156,24.641915,18.647978,15.044591,24.332159,14.807327,24.596858,15.007066,24.245347,14.805012,24.413468,20.650576,22.583849,15.361002,24.633988,16.697008,24.23396,18.464197,23.503712,37.143442,10.979759
472,48,5506,13230,0.416175,0.678156,0.529635,0.558738,0.910461,0.71164,0.539994,0.555709,0.950236,0.548677,0.530759,0.609726,0.80385,0.428949,0.498794,0.655683,0.675808,False,False,False,False,0.0,0.0,0.541559,1.534266,1.534266,1.534266,21.864632,21.743128,15.984205,24.785265,22.234368,22.499087,18.593573,21.864632,22.234368,21.185919,22.588115,22.518768,21.917479,22.031662,22.163027,27.0448,20.921721,21.792892,22.482217,23.110788,22.131152,24.893934,21.590231,0.0,0.264719
473,48,6644,18816,0.353104,0.510257,0.638427,0.659306,0.952739,0.524447,0.635823,0.650385,0.965984,0.441645,0.646916,0.706859,0.884106,0.379677,0.614331,0.734462,0.789735,False,False,False,False,0.0,0.0,0.28278,1.406479,1.406479,1.406479,13.371764,13.698073,8.566628,26.752459,26.253795,26.346196,18.641713,13.371764,26.253795,13.253261,26.381916,13.593819,26.089078,13.480433,26.164551,20.09116,22.837032,13.721403,26.332043,15.257124,25.497829,17.433876,24.226589,0.0,0.092401
474,48,11392,19824,0.574657,0.754288,0.756216,0.758644,0.995787,0.754944,0.757083,0.758853,0.996928,0.683868,0.828301,0.833739,0.992188,0.612187,0.812635,0.86915,0.925913,False,False,True,False,1.0,0.0,0.426708,1.152277,23.093849,1.152277,24.474632,2.811183,1.881009,3.944874,18.162924,37.385519,33.529394,3.159381,36.523771,3.012904,36.879155,3.159732,36.091151,3.0273,36.439355,3.19935,36.383295,2.801498,37.388343,2.763226,37.46948,2.896594,37.104019,21.941572,19.222595
475,48,6574,14730,0.4463,0.543856,0.659461,0.723505,0.881655,0.584861,0.675381,0.710737,0.931396,0.441208,0.606414,0.759348,0.750685,0.346504,0.524145,0.786834,0.610891,False,False,True,False,0.999877,0.0,0.305297,1.518882,69.575279,1.518882,60.648109,14.067995,7.968653,16.098316,10.360784,22.379951,19.216037,14.847987,21.988181,14.749164,22.033938,14.823344,22.100434,14.732178,22.098173,15.036508,21.91515,14.081787,22.375154,13.952744,22.470833,14.24967,22.308516,68.056397,12.019167
476,48,8439,17784,0.474528,0.53863,0.88099,0.88099,1.0,0.544366,0.871707,0.871707,1.0,0.472785,0.82051,0.903069,0.899751,0.410088,0.735466,0.914164,0.790023,False,False,True,False,1.0,0.0,0.128518,0.702729,21.816051,0.702729,14.145041,6.142987,1.229927,6.571592,18.226012,29.151217,28.655968,5.860054,29.212409,5.89118,29.129668,5.973456,28.825585,5.94557,28.823799,9.574239,26.824712,6.168345,29.127418,7.083817,28.654746,8.253268,27.828678,21.113322,10.925205
477,48,7654,15488,0.494189,0.527053,0.936222,0.93691,0.999216,0.53719,0.918568,0.919231,0.999216,0.452221,0.838455,0.954455,0.8734,0.380553,0.717763,0.960468,0.739613,False,False,True,False,0.999872,0.0,0.085142,0.581312,31.813208,0.581312,30.761433,4.144108,0.775721,4.520512,16.606746,33.938973,32.531146,4.947304,32.207785,4.856241,32.553323,4.328151,32.616869,4.301324,32.814753,3.396568,35.230659,4.122812,33.958724,3.600209,35.11224,3.32667,35.620213,31.231896,17.332227
478,48,6430,16170,0.39765,0.445516,0.694296,0.775541,0.868896,0.706865,0.562555,0.562555,1.0,0.338219,0.593545,0.810386,0.689269,0.238776,0.447194,0.823621,0.494557,False,False,False,False,0.0,0.0,0.497844,1.522827,1.522827,1.522827,16.911819,16.04422,6.866564,17.517159,21.262845,22.116031,19.892224,16.911819,21.262845,16.485174,21.531245,17.805859,21.010612,17.452307,21.180051,18.678383,21.767641,16.092743,22.106722,16.465008,22.362666,17.344738,22.239968,0.0,0.853186
479,48,6057,18582,0.325961,0.463513,0.64149,0.665622,0.946508,0.629857,0.517515,0.517515,1.0,0.39958,0.646556,0.712997,0.87403,0.336724,0.594871,0.734058,0.758296,False,False,True,False,0.99984,0.0,0.426747,1.128569,14.503793,1.128569,17.855759,6.182048,3.313506,8.900776,19.092113,31.467909,24.605614,6.505751,30.893028,6.147268,31.365703,6.87403,30.589426,6.570745,31.025939,8.526003,29.125391,6.20109,31.450784,6.694348,31.000224,7.501293,30.162469,13.375224,12.375796
480,48,8115,16905,0.480035,0.437799,0.643644,0.82097,0.748737,0.729311,0.658204,0.658204,1.0,0.320734,0.538645,0.874032,0.58398,0.217628,0.403212,0.921174,0.417622,False,False,True,False,1.0,0.0,0.475199,0.627835,12.277702,0.627835,10.646047,7.233108,4.668601,8.544835,22.861567,29.300085,26.003652,7.329801,29.088062,7.250154,29.286131,7.20612,29.046264,7.166687,29.12445,9.15724,27.681782,7.219758,29.303709,7.60419,28.997106,8.272623,28.423103,11.649867,6.438518
481,48,5547,13311,0.416723,0.569153,0.594338,0.645723,0.881918,0.615806,0.604108,0.631451,0.933117,0.440538,0.586183,0.719134,0.760231,0.332883,0.526388,0.776574,0.620335,False,False,False,False,0.0,0.0,0.388975,1.306157,1.306157,1.306157,30.617931,29.175289,14.83827,34.729824,19.068582,19.642294,16.280382,30.617931,19.068582,29.904934,19.340319,30.555857,19.083781,30.129318,19.249166,32.959797,18.846786,29.192476,19.636702,29.515234,19.644123,30.788534,19.363348,0.0,0.573712
482,48,10928,19056,0.573468,0.69957,0.80781,0.813142,0.991947,0.700934,0.809747,0.813506,0.994327,0.630668,0.879125,0.893243,0.982339,0.560139,0.826653,0.91587,0.894583,False,False,False,False,0.0,0.0,0.306348,1.040231,1.040231,1.040231,6.581412,6.488379,2.889682,10.124481,29.457601,29.655653,25.438312,6.581412,29.457601,6.642783,29.436124,6.247011,29.726692,6.304966,29.658499,7.418924,28.654522,6.475323,29.66194,6.567289,29.587733,6.89257,29.230757,0.0,0.198052
483,48,6202,15360,0.403776,0.536263,0.674864,0.706325,0.938084,0.579036,0.659631,0.674612,0.96743,0.422526,0.600908,0.734052,0.768139,0.314453,0.477434,0.738095,0.574815,False,False,True,False,0.999891,0.0,0.315353,3.243903,28.43907,3.243903,29.949049,16.666021,6.191672,12.093841,16.726688,24.377637,23.516131,17.164785,24.065808,15.952918,24.510083,18.627272,23.641854,17.806622,23.923257,21.284048,22.705644,16.720842,24.363303,17.9132,23.971919,19.435398,23.398055,25.195167,7.650949
484,48,7279,14640,0.497199,0.682377,0.621046,0.662262,0.908916,0.708607,0.637873,0.662714,0.944498,0.566052,0.624165,0.721854,0.821816,0.46209,0.597543,0.776497,0.721665,False,False,False,False,0.0,0.0,0.468415,1.224381,1.224381,1.224381,11.543985,10.563539,5.805914,10.695929,26.360399,27.068323,25.228619,11.543985,26.360399,10.849064,26.888893,11.877181,26.124489,11.51312,26.392785,12.737052,25.500081,10.57943,27.059219,10.829739,26.839163,11.56995,26.284558,0.0,0.707924
485,48,8653,17280,0.500752,0.576215,0.831332,0.848448,0.976309,0.594965,0.816908,0.828032,0.983821,0.496238,0.783621,0.882682,0.874726,0.421354,0.70563,0.90537,0.761817,False,False,False,False,0.0,0.0,0.204706,1.145473,1.145473,1.145473,16.27474,16.612928,9.654882,21.822296,20.701365,21.320509,16.86029,16.27474,20.701365,16.288494,20.99558,17.145113,20.205959,17.248392,20.336646,22.74556,18.80195,16.61651,21.317223,18.059826,20.933937,20.096113,20.001436,0.0,0.619144
486,48,7766,14880,0.521909,0.608602,0.713907,0.773741,0.902266,0.628696,0.741001,0.778942,0.938321,0.519892,0.708586,0.83105,0.827839,0.437836,0.676174,0.884267,0.741823,False,False,False,False,0.0,0.0,0.287461,0.519726,0.519726,0.519726,16.738819,15.442656,6.052713,17.809898,23.035309,23.6098,21.53395,16.738819,23.035309,16.421623,23.209327,16.373251,23.053276,16.093227,23.221501,16.249378,22.732581,15.422525,23.615783,15.008284,23.665342,15.242381,23.346864,0.0,0.574491
487,48,7759,18167,0.427093,0.573843,0.6724,0.701295,0.942261,0.590356,0.676401,0.695385,0.961206,0.498706,0.666237,0.742274,0.866735,0.42946,0.621782,0.764676,0.768914,False,False,True,False,1.0,0.0,0.312836,1.432424,144.295609,1.432424,120.347557,24.034756,10.76438,29.234867,4.175815,20.018317,16.797491,24.350174,19.803439,24.268892,19.904429,24.467415,19.754358,24.506294,19.778091,29.00799,18.356274,24.053915,20.013134,24.999098,19.740589,26.656227,19.150974,142.863185,15.842502
488,48,7035,16940,0.415289,0.513164,0.786664,0.796618,0.984364,0.518064,0.78615,0.792958,0.989197,0.445277,0.777805,0.845552,0.90661,0.379811,0.706016,0.866335,0.792324,False,False,False,False,0.0,0.0,0.183342,1.59613,1.59613,1.59613,13.457569,12.705235,3.572808,11.481782,26.687415,27.250964,25.921196,13.457569,26.687415,12.688416,27.190255,14.515044,26.090228,13.903909,26.480937,15.605591,25.593756,12.761384,27.221934,13.301208,26.92139,14.265245,26.346335,0.0,0.563549
489,48,10252,18288,0.560586,0.821796,0.682148,0.682148,1.0,0.822944,0.681196,0.681196,1.0,0.769138,0.725782,0.727072,0.997561,0.71402,0.72475,0.750115,0.955423,False,False,False,False,0.0,0.0,0.596317,1.049361,1.049361,1.049361,27.280369,25.850079,21.820267,30.379763,18.083026,18.739891,15.257043,27.280369,18.083026,26.441442,18.421839,26.891371,18.167861,26.213779,18.430563,31.607588,17.226151,25.855541,18.737736,26.762745,18.603145,28.773994,18.055773,0.0,0.656865
490,48,9783,16848,0.580662,0.808642,0.714422,0.715942,0.997036,0.810779,0.713294,0.714495,0.997649,0.747388,0.768635,0.772236,0.993969,0.683879,0.7622,0.799774,0.94194,False,False,False,False,0.0,0.0,0.551592,1.075206,1.075206,1.075206,23.574568,22.885208,17.476244,26.913864,20.090724,20.436318,17.378882,23.574568,20.090724,23.120481,20.281741,24.383352,19.775048,24.042999,19.936218,27.357628,18.940827,22.898293,20.430007,23.622849,20.214709,25.169443,19.685574,0.0,0.345594
491,48,8541,16128,0.529576,0.803757,0.655172,0.656638,0.996605,0.806176,0.653973,0.65513,0.997307,0.736669,0.704959,0.710715,0.988643,0.666791,0.717401,0.749489,0.943683,False,False,False,False,0.0,0.0,0.578094,1.272352,1.272352,1.272352,22.531242,21.998869,19.502262,30.466846,18.835273,19.217257,14.439012,22.531242,18.835273,22.272255,18.973031,23.238028,18.600005,22.960232,18.718309,27.65008,17.688954,22.021856,19.212134,23.126331,19.035415,25.03454,18.486648,0.0,0.381984
492,48,6001,12501,0.480042,0.536517,0.850859,0.87103,0.973504,0.553956,0.850007,0.857617,0.989668,0.453324,0.783007,0.904182,0.853858,0.37341,0.678836,0.924165,0.71888,False,False,False,False,0.0,0.0,0.151385,1.554718,1.554718,1.554718,14.854191,13.739765,2.93641,13.836527,24.469127,25.291945,24.426548,14.854191,24.469127,14.37877,24.690764,15.170527,24.338222,14.817142,24.506066,15.360718,24.80251,13.756707,25.282938,13.749431,25.520691,14.305838,25.342923,0.0,0.822818
493,48,9699,20592,0.471008,0.71217,0.634181,0.644732,0.974843,0.7162,0.639308,0.646461,0.982988,0.650641,0.666931,0.68973,0.952779,0.58819,0.672238,0.72391,0.904011,False,False,True,False,1.0,0.0,0.47581,1.039995,35.163101,1.039995,31.576107,14.542461,12.174424,34.323437,12.185593,23.67987,15.653809,13.27343,23.532255,13.533285,23.647089,12.701515,23.765737,12.668213,23.898264,22.293535,20.523418,14.509605,23.688213,16.62302,22.992205,19.25116,21.837487,34.123106,11.494277
494,48,11427,19248,0.593672,0.74522,0.79664,0.79664,1.0,0.747402,0.794314,0.794314,1.0,0.670667,0.877198,0.880936,0.995187,0.594763,0.825764,0.903739,0.905399,False,False,False,False,0.0,0.0,0.376167,1.043302,1.043302,1.043302,8.798898,8.876929,3.329327,12.36968,26.899595,27.300903,24.586958,8.798898,26.899595,8.732621,27.037108,7.877892,27.498246,7.912371,27.482858,11.617631,25.458132,8.82766,27.32777,9.500306,27.093779,10.456113,26.412534,0.0,0.401308
495,48,6862,13230,0.51867,0.532275,0.874865,0.921329,0.945497,0.550945,0.885794,0.911922,0.968668,0.451096,0.775533,0.939008,0.816672,0.371807,0.654635,0.94755,0.679248,False,False,False,False,0.0,0.0,0.100031,1.062448,1.062448,1.062448,5.978384,4.991159,1.388086,7.858156,30.951932,32.425142,26.784884,5.978384,30.951932,5.776644,31.359539,5.977266,30.815285,5.791412,31.085747,5.444477,31.238964,5.004226,32.408037,4.675848,32.790683,4.81332,32.330855,0.0,1.47321
496,48,12468,20832,0.598502,0.777458,0.761878,0.765312,0.994145,0.781922,0.760022,0.762355,0.99599,0.703533,0.824689,0.836449,0.983237,0.627304,0.802244,0.869835,0.911694,False,False,False,False,0.0,0.0,0.462817,1.243982,1.243982,1.243982,30.763929,30.248716,15.079866,36.206608,17.849972,18.119827,15.907895,30.763929,17.849972,30.351032,18.068369,30.702011,17.734564,30.218533,17.946018,34.926613,16.963561,30.24337,18.120239,31.060661,17.93007,32.679607,17.525749,0.0,0.269855
497,48,7661,15712,0.487589,0.533159,0.914528,0.914528,1.0,0.539651,0.903526,0.903526,1.0,0.455766,0.825594,0.936042,0.874951,0.381174,0.71117,0.947237,0.740504,False,False,True,False,1.0,0.0,0.098373,0.299507,10.49232,0.299507,11.219379,5.58639,1.298721,6.035156,21.246189,28.853076,27.357317,5.731932,28.14119,5.614237,28.49568,5.402906,28.682099,5.251186,28.897421,6.574294,28.219717,5.566723,28.859546,5.737415,28.93855,6.082017,28.71041,10.192813,7.606887
498,48,9624,20257,0.475095,0.615195,0.760261,0.765447,0.991168,0.616182,0.761715,0.765743,0.993142,0.553636,0.775345,0.811502,0.945657,0.494249,0.728217,0.826408,0.859726,False,False,False,False,0.0,0.0,0.274523,1.250415,1.250415,1.250415,10.310785,9.469382,3.268504,10.633866,27.624176,28.478796,26.462779,10.310785,27.624176,9.816397,28.025446,11.104634,27.098341,10.800568,27.302111,11.154406,27.076742,9.498406,28.45946,9.640309,28.41635,10.19628,27.911977,0.0,0.85462
499,48,5036,14790,0.3405,0.433874,0.7382,0.757987,0.965846,0.66403,0.512779,0.512779,1.0,0.3405,0.634534,0.77641,0.77641,0.253685,0.485212,0.765192,0.570095,False,False,True,False,0.980828,0.0,0.470986,1.326362,21.520025,1.326362,31.195724,10.606831,4.023614,13.322015,14.222931,26.959533,23.359093,11.190495,26.426447,10.696121,26.691425,12.135293,26.29043,11.885955,26.38251,12.848027,25.729948,10.649788,26.946266,11.038589,26.845577,11.784088,26.412123,20.193663,12.736602
500,48,10799,18864,0.572466,0.835242,0.681228,0.682914,0.996389,0.836143,0.681346,0.682686,0.997129,0.773113,0.726382,0.732309,0.98898,0.70669,0.723202,0.759658,0.937772,False,False,False,False,0.0,0.0,0.618351,0.695226,0.695226,0.695226,40.77177,38.294224,30.076876,34.054451,15.060012,15.94704,13.295518,40.77177,15.060012,39.301201,15.583303,40.471558,15.074263,39.708954,15.389401,43.7747,14.721254,38.322529,15.943047,38.893448,15.8957,40.643669,15.454083,0.0,0.887028
501,48,5218,12012,0.434399,0.532634,0.695519,0.744764,0.913185,0.568099,0.69773,0.725234,0.948448,0.42366,0.630339,0.783062,0.763703,0.32376,0.522146,0.803291,0.598697,False,False,False,False,0.0,0.0,0.275684,2.422824,2.422824,2.422824,17.841318,16.386419,5.983711,16.455154,22.179009,23.328243,21.886124,17.841318,22.179009,17.393446,22.465928,18.443529,22.118543,18.394787,22.207349,16.258656,23.749309,16.444807,23.312994,15.945445,23.885593,15.869363,24.046666,0.0,1.149234
502,48,8642,15216,0.567955,0.760975,0.742739,0.744278,0.997223,0.764064,0.740489,0.7417,0.997801,0.693152,0.803986,0.810847,0.989586,0.62408,0.763882,0.82719,0.908933,False,False,True,False,1.0,0.0,0.450259,1.355694,167.729843,1.355694,178.085709,11.934043,11.493662,19.363844,2.532944,23.355533,17.493329,13.485998,22.000357,13.13905,22.418818,12.811425,22.164795,12.432616,22.553268,13.317519,22.756237,11.906889,23.364199,11.625087,23.804488,12.122464,23.569544,166.374149,20.822589
503,48,10811,18000,0.600611,0.803667,0.746493,0.746855,0.999353,0.810944,0.739797,0.740152,0.999353,0.734556,0.806857,0.811678,0.992693,0.663167,0.788787,0.840328,0.927851,False,False,False,False,0.0,0.0,0.527612,1.19094,1.19094,1.19094,34.991428,33.250854,20.73019,34.876606,16.60481,17.188925,15.477376,34.991428,16.60481,33.582584,17.014305,35.3839,16.538648,34.487865,16.778586,38.458237,16.103486,33.261738,17.18606,34.071194,17.070786,35.863411,16.688541,0.0,0.584115
504,48,7676,20160,0.380754,0.458185,0.739663,0.7785,0.936816,0.6625,0.574016,0.574274,0.999218,0.394395,0.709176,0.815495,0.844711,0.332986,0.631406,0.829584,0.725508,False,False,False,False,0.0,0.0,0.444008,1.373037,1.373037,1.373037,11.578773,11.576168,6.223539,17.054108,26.140216,26.133534,20.277258,11.578773,26.140216,11.279225,26.318655,11.885139,26.125948,11.589977,26.253445,17.594233,22.358763,11.5928,26.129233,13.057452,25.151783,15.096448,23.791073,0.0,-0.006682
505,48,7727,18093,0.427071,0.518046,0.726924,0.76795,0.931539,0.533466,0.728222,0.758703,0.947716,0.447797,0.700397,0.80474,0.843794,0.382634,0.642561,0.82782,0.741685,False,False,True,False,0.999807,0.0,0.223905,2.076018,38.976654,2.076018,42.109226,13.752686,4.133996,16.407402,13.336771,24.367756,20.657789,12.86476,24.389544,12.539839,24.685561,14.077175,23.83127,13.819335,23.96498,20.983952,21.032067,13.787498,24.361567,15.803288,23.466452,18.236961,22.286216,36.900636,11.030985
506,48,6702,16800,0.398929,0.430833,0.629837,0.744266,0.80379,0.71625,0.556968,0.556968,1.0,0.319583,0.528942,0.777798,0.623098,0.221012,0.389222,0.785887,0.435392,False,False,True,False,1.0,0.0,0.523074,1.928171,56.564304,1.928171,50.475979,11.924252,6.050604,13.797573,12.094024,26.660522,24.181821,12.637671,26.156098,11.952651,26.57115,13.41699,25.780479,12.917935,26.065995,15.874366,24.804712,11.971998,26.641613,12.760221,26.306933,14.17184,25.653153,54.636133,14.566498
507,48,8296,15600,0.531795,0.757308,0.699628,0.700694,0.99783,0.759808,0.697616,0.698557,0.998071,0.681731,0.770576,0.774706,0.993129,0.604679,0.764782,0.814481,0.926109,False,False,False,False,0.0,0.0,0.488226,1.151835,1.151835,1.151835,17.553158,18.107161,10.230786,23.798376,20.564385,20.689882,18.041241,17.553158,20.564385,18.046488,20.474468,17.268724,20.63345,17.555769,20.565358,22.522301,19.57976,18.12484,20.682359,19.074936,20.581637,20.572123,20.190525,0.0,0.125497
508,48,8040,17604,0.456714,0.600886,0.760068,0.760068,1.0,0.615769,0.741697,0.741697,1.0,0.487276,0.751291,0.83108,0.886692,0.383379,0.689399,0.894207,0.750622,False,False,True,False,1.0,0.0,0.291719,0.495051,16.521992,0.495051,14.651658,13.335945,8.113377,14.33748,21.434305,26.046307,22.331789,12.717496,26.162875,12.861319,26.19264,12.074585,26.602666,12.038889,26.739726,17.219568,24.139663,13.345605,26.047841,14.346807,25.598832,15.655266,24.93289,16.026941,4.612002
509,48,9640,17760,0.542793,0.705574,0.769292,0.769292,1.0,0.706869,0.767883,0.767883,1.0,0.631081,0.853156,0.856353,0.995643,0.5567,0.796247,0.875493,0.897925,False,False,False,False,0.0,0.0,0.353325,1.802176,1.802176,1.802176,13.885062,11.420402,2.878202,8.848478,24.984186,26.671204,28.693968,13.885062,24.984186,13.150069,25.540943,12.99751,25.339196,12.623167,25.631026,9.818707,27.761049,11.363866,26.701905,9.986792,27.617491,9.400484,28.020441,0.0,1.687018
510,48,9710,16704,0.581298,0.737368,0.788341,0.788341,1.0,0.737368,0.788341,0.788341,1.0,0.671815,0.8646,0.864908,0.999588,0.604526,0.834074,0.892058,0.927703,False,False,False,False,0.0,0.0,0.354161,0.56253,0.56253,0.56253,4.897494,4.297666,2.050758,5.963783,32.437794,33.924251,31.117039,4.897494,32.437794,4.883453,32.708515,4.651082,32.660951,4.650944,32.88935,3.918709,34.783539,4.300824,33.916915,3.891521,34.844285,3.737041,35.18139,0.0,1.486457
511,48,9434,20664,0.456543,0.496419,0.666554,0.767791,0.834853,0.715302,0.638252,0.638252,1.0,0.409504,0.61458,0.805011,0.722069,0.326752,0.538447,0.839011,0.600488,False,False,True,False,1.0,0.0,0.468121,0.387296,16.213713,0.387296,17.727051,6.246308,4.244286,10.214649,20.946689,32.273473,26.38572,5.739064,32.890751,5.875839,32.728854,5.305067,33.412,5.394036,33.316316,9.328599,29.117568,6.233199,32.298493,7.070914,31.409388,8.127765,30.296104,15.826417,11.326784
512,48,9908,17856,0.554884,0.778058,0.713165,0.713165,1.0,0.778786,0.712498,0.712498,1.0,0.712086,0.778678,0.778923,0.999596,0.645273,0.776065,0.812706,0.945095,False,False,False,False,0.0,0.0,0.5,0.699883,0.699883,0.699883,16.562172,15.602846,10.603506,16.536604,22.315507,23.166369,20.455335,16.562172,22.315507,15.841071,22.826823,16.840431,22.173949,16.197382,22.627353,18.525232,21.906395,15.618221,23.160051,16.013525,23.091033,16.993204,22.641475,0.0,0.850862
513,48,6259,12987,0.481943,0.584739,0.646423,0.716223,0.868989,0.621391,0.668685,0.711524,0.917399,0.469007,0.60348,0.763093,0.742611,0.364518,0.523843,0.798268,0.603771,False,False,False,False,0.0,0.0,0.345719,1.668401,1.668401,1.668401,27.245939,24.808329,13.429846,25.052937,19.059225,20.124068,17.6636,27.245939,19.059225,26.608618,19.313052,27.738457,18.892232,27.195772,19.069937,26.138786,19.726905,24.832668,20.116004,24.199713,20.507381,24.629333,20.36158,0.0,1.064843
514,48,5877,15136,0.38828,0.469279,0.68681,0.744052,0.899268,0.69371,0.559417,0.559524,0.99966,0.393367,0.654454,0.786026,0.796325,0.322344,0.583861,0.812667,0.674664,False,False,True,False,0.999892,0.0,0.496274,0.819887,76.747162,0.819887,69.620438,20.560263,10.538323,31.635302,9.058143,19.901728,15.182934,20.332029,19.56046,20.36986,19.782609,20.137144,19.663527,20.130735,19.793848,25.627928,18.363817,20.57189,19.899349,21.621973,19.659112,23.326868,19.113489,75.927275,10.843585
515,48,7930,16592,0.477941,0.549964,0.736408,0.792658,0.912106,0.565996,0.76349,0.798531,0.945649,0.481618,0.731861,0.841947,0.848424,0.416164,0.702238,0.886314,0.771753,False,False,True,False,0.994228,0.0,0.21069,0.504541,9.98988,0.504541,10.178562,8.633754,1.829524,8.454267,26.255344,29.531089,29.870992,9.768517,28.225643,9.282723,28.735526,9.426481,28.567517,9.130854,28.823909,8.767297,29.515268,8.611854,29.551582,8.248718,30.017193,8.237159,30.003782,9.485339,3.275745
516,48,5045,14694,0.343337,0.464135,0.624008,0.668475,0.903667,0.651763,0.526783,0.526783,1.0,0.393766,0.632896,0.725544,0.832111,0.326392,0.575316,0.749374,0.712389,False,False,True,False,1.0,0.0,0.452171,1.526341,13.707016,1.526341,15.413082,6.048431,2.201264,5.676578,20.265228,31.523185,31.218599,6.661249,30.809412,6.116088,31.231594,7.831516,30.075217,7.432904,30.376918,7.519789,30.756889,6.114239,31.488178,6.351305,31.48989,6.836868,31.229396,12.180675,11.257957
517,48,10569,18384,0.574902,0.729765,0.787791,0.787791,1.0,0.730091,0.787439,0.787439,1.0,0.662587,0.861245,0.864215,0.996026,0.593723,0.821295,0.887586,0.916643,False,False,False,False,0.0,0.0,0.363788,1.000768,1.000768,1.000768,13.892263,14.765414,4.807549,20.961775,22.644153,22.438002,19.464395,13.892263,22.644153,14.104141,22.594808,13.485761,22.933446,13.748573,22.804255,18.620968,20.939529,14.756143,22.448321,15.853376,22.091609,17.158293,21.569591,0.0,-0.206151
518,48,8701,16800,0.517917,0.79375,0.648784,0.650244,0.996552,0.795417,0.648166,0.64933,0.997242,0.730952,0.700657,0.703909,0.993449,0.666548,0.714988,0.740847,0.953454,False,False,False,False,0.0,0.0,0.57575,1.342306,1.342306,1.342306,14.681875,13.498525,13.092234,20.21599,23.14404,24.168456,19.416166,14.681875,23.14404,14.507068,23.361563,15.25001,22.872062,15.140865,22.967423,14.433514,23.835921,13.524959,24.157179,13.216795,24.554909,13.510171,24.435614,0.0,1.024416
519,48,6905,14065,0.490935,0.586562,0.79668,0.814545,0.973208,0.599858,0.783746,0.798981,0.976249,0.49776,0.789474,0.876303,0.888487,0.416921,0.724375,0.914734,0.776828,False,False,False,False,0.0,0.0,0.236872,1.175605,1.175605,1.175605,27.138063,25.090418,8.403026,24.113831,20.300981,20.997748,19.955158,27.138063,20.300981,25.835867,20.754957,27.654551,20.155675,26.877239,20.409376,28.245039,20.046272,25.120975,20.98723,25.296597,20.931443,26.392614,20.598576,0.0,0.696767
520,48,10142,17520,0.578881,0.826427,0.699172,0.699703,0.998915,0.830023,0.696611,0.696947,0.99931,0.765696,0.749369,0.752218,0.994971,0.701655,0.74741,0.780607,0.946164,False,False,False,False,0.0,0.0,0.595554,0.91068,0.91068,0.91068,28.783836,27.420956,28.87038,36.687832,18.590049,19.214365,13.539828,28.783836,18.590049,27.838165,18.985947,28.117826,18.732947,27.441761,18.998925,31.553802,17.863562,27.425064,19.211861,27.972294,19.067032,29.378721,18.584994,0.0,0.624316
521,48,8419,19400,0.433969,0.506237,0.680177,0.751858,0.877064,0.542577,0.692576,0.736462,0.920774,0.436701,0.644853,0.781634,0.786554,0.37134,0.586897,0.802054,0.686305,False,False,False,False,0.0,0.0,0.252345,1.21431,1.21431,1.21431,28.627905,29.564003,12.652036,44.012867,18.183156,18.396576,14.759017,28.627905,18.183156,29.080256,18.267326,28.385201,18.21518,28.5604,18.267747,40.302727,15.932231,29.578691,18.391342,32.011166,17.92755,35.631191,17.035281,0.0,0.21342
522,48,9184,15360,0.597917,0.776237,0.76303,0.766166,0.994665,0.779818,0.761738,0.7639,0.996298,0.702083,0.833777,0.841895,0.988567,0.625846,0.804974,0.872048,0.912783,False,False,False,False,0.0,0.0,0.457092,1.113882,1.113882,1.113882,14.02762,14.174361,11.249892,20.749346,22.864255,23.073565,18.967526,14.02762,22.864255,14.107397,22.916763,13.997604,22.907672,13.925196,22.969789,18.040941,21.335654,14.170442,23.070321,14.981091,22.801901,16.298889,22.181555,0.0,0.20931
523,48,7089,13601,0.521212,0.545107,0.927821,0.941462,0.984624,0.547754,0.928249,0.939463,0.987304,0.468568,0.829822,0.957948,0.861193,0.393133,0.708711,0.964653,0.727606,False,False,False,False,0.0,0.0,0.069103,0.685043,0.685043,0.685043,5.506465,5.377486,1.010237,5.621291,33.118821,33.350985,32.894768,5.506465,33.118821,5.405276,33.310746,5.525039,33.001756,5.429727,33.154216,6.16575,32.274702,5.369869,33.351793,5.507782,33.165391,5.779941,32.791425,0.0,0.232164
524,48,6804,15168,0.448576,0.677083,0.612124,0.631256,0.952822,0.683676,0.621565,0.634812,0.967519,0.606474,0.643525,0.681161,0.920929,0.535733,0.665551,0.734187,0.876837,False,False,True,False,1.0,0.0,0.419417,0.626415,7.259087,0.626415,6.448805,3.071184,2.416746,8.646336,26.383342,36.128003,24.956686,2.887321,36.772125,2.929551,36.55138,2.388203,37.032605,2.398442,36.89947,3.822947,33.256948,3.044141,36.141034,3.150696,35.360108,3.416961,34.342987,6.632672,9.744661
525,48,8720,15936,0.547189,0.775791,0.70533,0.70533,1.0,0.776544,0.704646,0.704646,1.0,0.706451,0.77393,0.774205,0.999541,0.635542,0.775099,0.812599,0.943807,False,False,True,False,0.998753,0.0,0.485726,1.40364,68.315086,1.40364,62.033943,5.715482,3.235541,4.865864,9.398791,28.96391,25.91963,6.85367,27.108372,6.430046,27.562375,7.423318,26.75579,7.139258,27.053086,4.909786,30.65622,5.744878,28.944679,5.254625,30.146092,4.930352,30.819849,66.911446,19.565119
526,48,9521,19640,0.484776,0.580193,0.835542,0.835542,1.0,0.587831,0.824686,0.824686,1.0,0.506263,0.8101,0.876094,0.914925,0.435234,0.745966,0.903135,0.810839,False,False,False,False,0.0,0.0,0.199822,0.952004,0.952004,0.952004,14.766586,14.64601,5.802155,19.073942,24.573602,24.936929,21.262662,14.766586,24.573602,14.261212,24.899403,15.60792,24.124155,15.114764,24.428913,21.560305,21.819671,14.658545,24.934925,16.28558,24.248212,18.663166,23.112885,0.0,0.363327
527,48,8922,15648,0.570169,0.745207,0.765114,0.765114,1.0,0.745207,0.765114,0.765114,1.0,0.679959,0.838361,0.83844,0.999888,0.613177,0.827576,0.873893,0.939812,False,False,True,False,0.998216,0.0,0.400387,0.760283,17.257507,0.760283,20.175522,9.591422,3.386114,9.547337,20.23094,28.420099,27.785683,10.24363,27.772182,9.901517,28.113889,10.539715,27.483294,10.306769,27.702594,10.363483,27.724454,9.600015,28.409527,9.557946,28.437772,9.810469,28.19303,16.497224,8.189159
528,48,11943,20544,0.581338,0.734521,0.791451,0.791451,1.0,0.734521,0.791451,0.791451,1.0,0.689593,0.842755,0.842874,0.999833,0.643546,0.830642,0.863626,0.956041,False,False,True,False,1.0,0.0,0.362749,0.527846,8.544278,0.527846,9.302883,3.853498,2.06259,6.463423,27.009607,35.369863,30.905733,3.947501,35.252727,4.004633,35.10963,3.889112,35.132644,3.860616,35.18839,5.138463,33.217546,3.857936,35.351866,4.044936,35.024616,4.491724,34.250374,8.016432,8.360256
529,48,10989,20064,0.547697,0.821671,0.665252,0.665777,0.998817,0.82192,0.665051,0.665575,0.998817,0.768192,0.705776,0.708752,0.994085,0.711523,0.704101,0.731227,0.94995,False,False,False,False,0.0,0.0,0.602534,1.318274,1.318274,1.318274,21.540722,19.770195,22.918715,34.867111,20.048778,20.854513,14.482477,21.540722,20.048778,21.596899,20.222852,21.080748,20.002872,21.225679,20.075445,18.631207,20.61469,19.794825,20.84481,18.637243,21.149293,18.144325,21.065439,0.0,0.805735
530,48,7004,13748,0.509456,0.578193,0.881117,0.881117,1.0,0.58023,0.878024,0.878024,1.0,0.496363,0.832737,0.920721,0.897059,0.41817,0.730863,0.936685,0.768846,False,False,True,False,1.0,0.0,0.143238,0.566083,26.508352,0.566083,25.563868,3.280839,1.499456,3.041357,17.878937,34.586777,31.521899,4.050352,32.790714,3.702884,33.294453,4.151057,32.256464,3.985485,32.595472,3.084809,35.494743,3.284076,34.565236,3.011803,35.558042,2.934418,35.915027,25.942269,16.70784
531,48,7302,15345,0.475855,0.504725,0.6941,0.795997,0.844289,0.532095,0.741387,0.806491,0.901808,0.420919,0.653569,0.842081,0.744864,0.342522,0.589419,0.886035,0.63777,False,False,True,False,0.995524,0.0,0.194703,0.332836,19.261595,0.332836,20.762987,6.087145,2.021882,9.03693,20.604123,31.512493,28.13052,5.703871,31.335662,5.798,31.413859,4.991327,32.047198,5.105268,32.03977,8.401031,29.744565,6.067653,31.521687,6.700402,31.220597,7.505158,30.582863,18.928759,10.90837
532,48,7433,14976,0.496327,0.507812,0.90983,0.942012,0.96381,0.521568,0.908363,0.928946,0.976187,0.431891,0.804387,0.958101,0.833715,0.359509,0.678277,0.96211,0.696892,False,False,True,False,1.0,0.0,0.073578,0.606125,31.30916,0.606125,24.380241,11.828512,1.908657,12.464012,14.211374,24.045033,23.315704,11.231535,23.900045,11.555765,23.83629,11.317593,23.690183,11.49926,23.678883,15.510068,21.903675,11.806942,24.050327,12.655769,23.711473,13.893627,22.930426,30.703035,9.833659
533,48,4853,14837,0.327088,0.382962,0.814815,0.832453,0.974655,0.654445,0.499794,0.499794,1.0,0.272831,0.632612,0.852026,0.710694,0.163038,0.392837,0.847871,0.422625,False,True,True,False,0.274639,0.0,0.274639,0.168837,4.02711,0.168837,4.658218,3.31939,4.02711,4.658218,21.93128,30.665189,21.93128,3.398379,30.778555,3.209286,30.883438,2.835085,30.997763,2.763789,31.073592,3.517068,28.518432,3.31678,30.65852,3.153307,30.131355,3.220276,29.380191,3.858273,8.733909
534,48,12523,22848,0.5481,0.719975,0.750317,0.755015,0.991775,0.72886,0.744454,0.747673,0.994251,0.649685,0.813705,0.827136,0.980436,0.577206,0.781034,0.854944,0.900343,False,False,False,False,0.0,0.0,0.406877,1.103406,1.103406,1.103406,28.521467,28.28417,15.853947,39.938114,17.641134,18.014262,14.21794,28.521467,17.641134,28.583246,17.763427,28.954643,17.388819,28.83143,17.502521,33.170914,16.846211,28.302271,18.010114,29.107109,17.916253,30.753334,17.500918,0.0,0.373128
535,48,13420,22800,0.588596,0.801447,0.733658,0.733979,0.999404,0.803947,0.731661,0.73186,0.999627,0.754825,0.77627,0.777804,0.997466,0.706491,0.772389,0.798858,0.958867,False,False,True,False,1.0,0.0,0.523667,1.344812,41.771393,1.344812,38.236588,16.35087,16.143354,27.103949,12.2532,21.109833,15.682569,16.058693,21.070982,15.779608,21.235571,16.13999,21.169056,15.921039,21.198909,24.250471,17.793988,16.35549,21.10895,18.324291,20.298709,21.022329,19.103579,40.426581,8.856633
536,48,11530,19296,0.597533,0.787469,0.758802,0.758802,1.0,0.787832,0.758453,0.758453,1.0,0.723932,0.820057,0.822464,0.996444,0.657546,0.797521,0.846863,0.931917,False,False,True,False,1.0,0.0,0.471671,1.007683,38.900978,1.007683,35.368343,12.897803,12.77423,18.995113,13.2663,22.89468,17.408209,13.808037,21.874761,13.532581,22.213114,13.77161,21.876384,13.63131,22.000252,14.665771,22.176507,12.901128,22.89224,13.005956,23.138521,13.607314,22.871338,37.893295,9.62838
537,48,6840,12501,0.547156,0.801856,0.6376,0.655028,0.959942,0.812655,0.644958,0.656069,0.974415,0.700104,0.678183,0.71995,0.921199,0.606831,0.696578,0.78078,0.865936,False,False,False,False,0.0,0.0,0.615969,0.678738,0.678738,0.678738,22.105312,21.330166,16.133545,24.634113,21.224559,21.598872,18.603763,22.105312,21.224559,21.493128,21.536859,22.335428,21.149742,21.945127,21.363996,25.488304,20.029948,21.333626,21.599265,22.022661,21.325609,23.453947,20.771796,0.0,0.374313
538,48,6615,13664,0.484119,0.573405,0.722699,0.773708,0.916402,0.596897,0.735519,0.767533,0.946334,0.479362,0.704428,0.830687,0.822525,0.393443,0.646889,0.876116,0.712018,False,False,True,False,1.0,0.0,0.268265,1.161394,78.225235,1.161394,55.868076,10.743966,5.293942,15.521844,7.907556,24.74108,21.366714,11.478761,23.974064,11.52774,24.038039,11.3741,24.007286,11.370723,24.034267,11.346485,25.162631,10.765532,24.729988,10.469841,25.200814,10.678004,25.355324,77.063841,16.833524
539,48,8362,17808,0.469564,0.689522,0.676086,0.678068,0.995695,0.690083,0.676898,0.67833,0.996891,0.638309,0.725317,0.729656,0.991868,0.586646,0.743188,0.767589,0.958981,False,False,True,False,0.999788,0.0,0.415308,1.050004,19.295116,1.050004,21.582676,3.510763,1.975863,4.716655,19.267444,36.068044,33.126547,3.828231,35.010617,3.549231,35.657054,4.567408,34.1694,4.298413,34.626961,4.46512,34.34308,3.538667,36.025633,3.715539,35.876464,4.019732,35.261173,18.245112,16.8006
540,48,6377,15252,0.418109,0.514555,0.798129,0.804536,0.990121,0.527078,0.786812,0.78965,0.995452,0.436664,0.777369,0.856156,0.894151,0.363231,0.701699,0.887004,0.770582,False,False,True,False,1.0,0.0,0.188282,1.774197,49.604019,1.774197,38.406933,13.888245,2.79816,12.266531,13.079702,24.76192,23.882415,14.769797,24.213135,14.259579,24.480301,15.592494,23.871836,15.118185,24.11154,16.094925,23.328214,13.918509,24.75227,14.078511,24.61456,14.787361,24.101062,47.829822,11.682218
541,48,9057,15774,0.574173,0.633384,0.906516,0.906516,1.0,0.633384,0.906516,0.906516,1.0,0.560606,0.841185,0.924799,0.902948,0.490808,0.751721,0.931155,0.795959,False,False,True,False,1.0,0.0,0.138752,0.675698,9.092254,0.675698,9.163225,9.676603,1.883281,10.079055,27.13612,28.76323,28.080162,9.571198,28.667899,9.548195,28.826873,9.605756,28.560218,9.633911,28.618229,11.381179,27.427339,9.674506,28.767507,10.050385,28.48427,10.626551,28.020593,8.416556,1.62711
542,48,5703,14010,0.407066,0.461956,0.739037,0.799444,0.907242,0.687723,0.591905,0.591905,1.0,0.37459,0.659997,0.829649,0.763458,0.292006,0.54577,0.84527,0.606348,False,False,True,False,1.0,0.0,0.462381,1.034068,61.683117,1.034068,54.011398,8.480507,3.04125,7.893565,11.526809,25.852951,25.789128,10.11947,23.755486,9.995675,23.983707,10.553743,23.549783,10.403706,23.689259,6.137354,30.529238,8.495003,25.842964,7.272313,27.901304,6.368519,29.794301,60.649049,14.326142
543,48,6338,12798,0.495234,0.537271,0.689554,0.784322,0.850899,0.571027,0.726686,0.785851,0.906122,0.442569,0.621673,0.812323,0.725939,0.352868,0.529379,0.831931,0.592774,False,False,False,False,0.0,0.0,0.242105,1.53065,1.53065,1.53065,16.866415,16.449038,6.677709,17.055801,21.910851,22.238299,20.678056,16.866415,21.910851,16.47912,22.087288,17.373409,21.65042,16.990534,21.830461,19.697855,21.158413,16.46287,22.229897,17.126486,22.101534,18.226254,21.724876,0.0,0.327448
544,48,10147,18192,0.557773,0.71383,0.779735,0.780456,0.998817,0.714105,0.779983,0.780463,0.999212,0.638852,0.862668,0.867493,0.993594,0.56195,0.83497,0.906681,0.913472,False,False,False,False,0.0,0.0,0.353263,1.096333,1.096333,1.096333,4.641241,4.262869,2.046944,5.541244,33.511667,34.550537,31.817937,4.641241,33.511667,4.570481,33.67874,4.458099,33.759754,4.379882,33.876891,4.617161,34.450568,4.256003,34.551217,4.157189,35.045334,4.281463,35.008105,0.0,1.03887
545,48,6418,14028,0.457514,0.561876,0.800101,0.806394,0.99034,0.563944,0.80171,0.805966,0.993456,0.485672,0.801361,0.863937,0.917108,0.411463,0.738448,0.897089,0.806793,False,False,True,False,0.999343,0.0,0.188173,0.519711,45.145687,0.519711,38.678768,6.398722,1.690583,6.596707,13.712553,30.436888,28.493213,6.944531,29.342763,6.945673,29.489142,6.980056,29.23004,7.010699,29.26958,6.330892,30.573569,6.4169,30.417099,6.087774,30.997139,6.040823,31.056237,44.625976,16.724335
546,48,9290,17040,0.545188,0.749531,0.722652,0.724632,0.996233,0.75135,0.722114,0.72358,0.997201,0.681397,0.782905,0.790457,0.987944,0.612383,0.760532,0.816579,0.917223,False,False,False,False,0.0,0.0,0.449161,1.692989,1.692989,1.692989,20.468533,19.464802,10.162409,27.996449,20.10431,20.715235,16.637488,20.468533,20.10431,20.279081,20.290029,19.584822,20.319937,19.596018,20.363966,23.621206,19.570772,19.438608,20.719948,20.087227,20.726502,21.540186,20.307727,0.0,0.610925
547,48,7497,17232,0.435063,0.674675,0.641459,0.642783,0.996799,0.675139,0.642146,0.643029,0.997866,0.608287,0.708706,0.71141,0.994665,0.541609,0.742236,0.768242,0.956383,False,False,False,False,0.0,0.0,0.423626,0.96867,0.96867,0.96867,3.858966,3.457383,2.891902,6.419901,34.923197,35.896488,29.06335,3.858966,34.923197,3.685296,35.388272,3.9454,34.682898,3.739451,35.194094,4.04713,34.617163,3.457916,35.877555,3.470499,35.891373,3.659686,35.427541,0.0,0.973291
548,48,7732,17115,0.451767,0.655916,0.559687,0.606004,0.87985,0.694595,0.582513,0.607503,0.93404,0.54385,0.552195,0.651268,0.784014,0.441659,0.521644,0.693478,0.677962,False,False,True,False,0.993499,0.0,0.493978,0.862908,42.944191,0.862908,39.044231,16.210035,11.264273,17.376057,13.305424,24.231723,20.823624,17.371401,23.355238,16.955595,23.661623,17.192232,23.465321,17.011425,23.605087,19.961803,22.391933,16.211416,24.229923,16.564753,24.152463,17.893517,23.461591,42.081283,10.926299
549,48,8777,19446,0.451352,0.590044,0.560771,0.634129,0.828985,0.641623,0.596725,0.636611,0.904979,0.455209,0.528173,0.688319,0.694201,0.327985,0.458333,0.746786,0.542668,False,False,False,False,0.0,0.0,0.422626,0.49761,0.49761,0.49761,15.337473,16.308496,11.940419,17.78307,24.113878,24.053037,20.811622,15.337473,24.113878,15.270214,24.354037,15.508374,23.996666,15.526945,24.09079,23.666477,21.21475,16.32851,24.044006,18.339714,23.297068,20.839771,22.299973,0.0,-0.060841
550,48,5933,14065,0.421827,0.55727,0.744489,0.749809,0.990561,0.558052,0.745883,0.750159,0.992415,0.483825,0.796868,0.830125,0.952132,0.411162,0.77569,0.885008,0.862633,False,False,True,False,1.0,0.0,0.235981,0.792671,18.665888,0.792671,18.800045,8.431035,2.011149,10.812967,21.202705,29.486947,26.189601,8.631946,29.067018,8.394067,29.347239,8.825383,28.989464,8.622507,29.12936,10.766897,27.951707,8.451374,29.463771,8.94393,29.230159,9.74257,28.691288,17.873217,8.284242
551,48,8561,14239,0.601236,0.631154,0.919073,0.935129,0.981661,0.64527,0.902766,0.916522,0.983647,0.547651,0.844307,0.960374,0.874781,0.469696,0.73857,0.9686,0.756687,False,False,False,False,0.0,0.0,0.135083,0.82758,0.82758,0.82758,39.825603,38.424561,6.193437,38.598293,16.089664,16.523063,16.119539,39.825603,16.089664,38.862087,16.366666,40.653622,15.901514,39.624344,16.168249,43.619282,15.425492,38.41806,16.523647,39.154034,16.396708,40.937195,16.010142,0.0,0.433399
552,48,9450,16560,0.570652,0.748128,0.751885,0.756558,0.991852,0.757729,0.743244,0.74745,0.992487,0.659481,0.75491,0.802399,0.927302,0.568056,0.72336,0.841395,0.837566,False,False,False,False,0.0,0.0,0.44557,0.893061,0.893061,0.893061,39.184868,38.276295,22.713314,40.747585,16.317402,16.6706,14.55812,39.184868,16.317402,38.18187,16.611296,39.553898,16.237813,39.025608,16.403925,48.528114,14.680166,38.288677,16.668668,40.402363,16.294688,43.926701,15.584935,0.0,0.353198
553,48,12209,20352,0.599892,0.79147,0.757946,0.757946,1.0,0.793534,0.755975,0.755975,1.0,0.723025,0.828828,0.829222,0.999427,0.652467,0.809199,0.858498,0.933737,False,False,True,False,1.0,0.0,0.482869,0.843096,17.603586,0.843096,17.22934,12.025555,7.202383,14.545581,18.234009,23.957931,21.623241,11.937805,23.716561,12.090179,23.828527,11.895078,23.69062,11.817566,23.862401,13.79051,23.07745,12.020695,23.960322,12.304393,23.864882,12.910804,23.556068,16.76049,5.723922
554,48,6179,14268,0.433067,0.505677,0.737224,0.787803,0.91989,0.529366,0.760062,0.785118,0.959702,0.426899,0.691014,0.823182,0.811458,0.351135,0.603009,0.84012,0.681178,False,False,True,False,0.987638,0.0,0.191989,1.089339,44.416286,1.089339,65.025734,12.399633,3.100466,17.166315,10.526521,24.503872,21.958306,12.496035,23.728109,12.62038,23.899641,12.419054,23.785505,12.572045,23.811569,15.174246,23.404448,12.425689,24.492413,12.804499,24.606225,13.691212,24.204233,43.326947,13.977351
555,48,7990,17232,0.463672,0.758995,0.603669,0.606392,0.992616,0.760097,0.603894,0.606199,0.993742,0.695102,0.651203,0.657455,0.985607,0.629875,0.69141,0.709692,0.96408,False,False,False,False,0.0,0.0,0.550314,1.05273,1.05273,1.05273,16.72328,16.304214,10.457837,18.786024,22.063525,22.350383,19.625586,16.72328,22.063525,16.518188,22.180863,16.842302,22.018851,16.592615,22.119486,19.103046,21.317925,16.314226,22.34394,16.724823,22.23343,17.696161,21.872139,0.0,0.286858
556,48,6125,13149,0.465815,0.511142,0.839347,0.872192,0.957061,0.536543,0.82827,0.84635,0.974857,0.425888,0.763158,0.90625,0.828571,0.346414,0.653251,0.926454,0.68898,False,False,False,False,0.0,0.0,0.154328,1.158314,1.158314,1.158314,18.559183,17.47102,3.908741,19.601198,22.393241,23.086054,21.221278,18.559183,22.393241,18.072435,22.71528,18.539156,22.393595,18.280327,22.587941,20.292789,21.872989,17.48283,23.085507,17.752218,23.045789,18.694422,22.607541,0.0,0.692813
557,48,7213,14415,0.500382,0.487131,0.66862,0.812304,0.790794,0.773014,0.647312,0.647312,1.0,0.36129,0.582898,0.878264,0.634133,0.255359,0.450406,0.919044,0.469014,False,False,True,False,0.999722,0.0,0.532491,1.124456,27.519995,1.124456,25.934517,8.575257,5.585902,9.469522,15.75717,27.878421,24.335593,9.47627,27.100776,9.076991,27.441731,10.007486,26.642898,9.69518,26.90287,9.558529,26.630615,8.592911,27.86598,8.516614,27.85201,8.819447,27.401697,26.395539,12.121251
558,48,6740,13601,0.495552,0.475259,0.688059,0.832611,0.798516,0.745901,0.664367,0.664367,1.0,0.373134,0.618271,0.889458,0.669733,0.28542,0.513968,0.928903,0.535015,False,False,False,False,0.0,0.0,0.495846,0.890638,0.890638,0.890638,12.327052,11.654203,6.085119,11.956133,27.281443,27.764495,25.921263,12.327052,27.281443,11.847428,27.633602,12.27913,27.309735,11.960238,27.546896,13.302917,26.589128,11.643126,27.775125,11.838428,27.620897,12.410287,27.202617,0.0,0.483052
559,48,7976,17088,0.46676,0.72589,0.629748,0.634876,0.987337,0.727645,0.632147,0.635757,0.991098,0.669885,0.671658,0.681751,0.978435,0.613003,0.690271,0.719332,0.944709,False,False,True,False,0.927678,0.0,0.489025,0.938652,21.468504,0.938652,35.582245,11.627591,7.1509,17.925108,15.030282,24.455548,21.413752,11.736877,24.441738,12.054288,24.235978,11.794634,24.294045,11.9529,24.183061,12.372242,23.989191,11.63992,24.442319,11.571548,24.468275,11.787529,24.312702,20.529852,9.425266
560,48,9640,16992,0.567326,0.715454,0.77053,0.780291,0.984025,0.721163,0.772506,0.778685,0.989834,0.635652,0.829009,0.857791,0.9611,0.555673,0.773255,0.881275,0.863174,False,False,False,False,0.0,0.0,0.366975,1.11761,1.11761,1.11761,9.736307,9.151522,6.37967,15.226383,24.134334,25.148244,20.114851,9.736307,24.134334,9.74215,24.327775,9.283022,24.373225,9.227455,24.470684,9.911929,24.632795,9.143499,25.150127,8.982745,25.52397,9.221785,25.328229,0.0,1.01391
561,48,9413,16368,0.575086,0.770345,0.74653,0.74653,1.0,0.771811,0.745112,0.745112,1.0,0.720064,0.790456,0.794078,0.994263,0.668805,0.770743,0.809537,0.941464,False,False,False,False,0.0,0.0,0.458231,1.603595,1.603595,1.603595,18.816671,17.22986,14.228133,27.852863,20.460248,21.250121,16.311782,18.816671,20.460248,18.564644,20.713104,18.670916,20.317142,18.514854,20.448244,22.994795,18.908581,17.208364,21.255285,18.093063,21.030709,20.129467,20.143255,0.0,0.789873
562,48,8419,17388,0.484184,0.736542,0.583675,0.610838,0.929208,0.764263,0.589747,0.60599,0.956527,0.629055,0.598959,0.662918,0.861266,0.538015,0.592224,0.706681,0.785248,False,False,False,False,0.0,0.0,0.580332,1.034638,1.034638,1.034638,21.99806,20.363306,14.735757,21.125906,21.51355,22.338296,19.296985,21.99806,21.51355,20.899355,21.920384,22.138456,21.485151,21.441027,21.758928,22.836046,21.559325,20.363661,22.33835,20.508177,22.414186,21.330482,22.134841,0.0,0.824746
563,48,7393,15232,0.48536,0.531053,0.700011,0.788107,0.862302,0.565586,0.734908,0.787115,0.917219,0.442227,0.668714,0.840558,0.76586,0.362329,0.60737,0.884037,0.659949,False,False,False,False,0.0,0.0,0.232683,0.746056,0.746056,0.746056,17.878714,16.724739,5.319471,20.131971,22.122996,23.032238,21.026434,17.878714,22.122996,17.756166,22.394029,17.554758,22.270325,17.479914,22.372759,18.515306,22.530733,16.729969,23.032713,16.505028,23.293243,17.103703,23.110739,0.0,0.909242
564,48,11095,20544,0.54006,0.743867,0.712903,0.718361,0.989455,0.750487,0.710406,0.71423,0.992519,0.675136,0.769438,0.782696,0.978459,0.603583,0.755192,0.815242,0.911131,False,False,False,False,0.0,0.0,0.466081,1.102868,1.102868,1.102868,25.180502,25.259636,16.882421,33.073788,19.269348,19.516291,15.822692,25.180502,19.269348,25.198708,19.412624,25.17837,19.17708,25.170588,19.254342,31.155895,17.958385,25.284182,19.508673,26.466547,19.254271,28.477602,18.705073,0.0,0.246943
565,48,6928,14550,0.476151,0.548797,0.814675,0.838447,0.966368,0.569003,0.79476,0.813383,0.971998,0.463505,0.771903,0.883155,0.8597,0.384674,0.690512,0.914061,0.738453,False,False,False,False,0.0,0.0,0.202703,1.007216,1.007216,1.007216,25.802925,25.742109,8.971618,34.975704,19.017996,19.467192,15.38724,25.802925,19.017996,25.476568,19.26959,25.426819,19.089043,25.109747,19.234454,31.521267,17.956286,25.768476,19.462212,26.995863,19.264717,28.925087,18.726118,0.0,0.449196
566,48,5485,15040,0.364694,0.548005,0.589509,0.61769,0.928168,0.59867,0.571646,0.585295,0.960802,0.417753,0.54781,0.6629,0.759344,0.303191,0.448868,0.682456,0.567366,False,False,True,False,1.0,0.0,0.389744,2.419187,19.133333,2.419187,20.533758,15.482346,6.278877,11.612337,20.044564,25.026566,23.825849,16.052933,24.715833,15.155515,25.092864,17.428501,24.299712,16.789486,24.537132,18.866364,23.648059,15.546703,25.005574,16.310787,24.706775,17.402552,24.239084,16.714146,4.982002
567,48,5961,14036,0.424694,0.506412,0.792976,0.813168,0.969636,0.52287,0.782364,0.795476,0.979366,0.430821,0.77266,0.865553,0.878041,0.35815,0.691763,0.893774,0.753733,False,False,True,False,0.683591,0.0,0.159381,2.152322,123.395172,2.152322,91.590614,10.336018,2.586089,8.982777,4.530288,24.942328,22.49056,11.235475,24.30855,10.543141,24.742605,11.745736,24.259615,11.24582,24.547311,12.056087,23.776474,10.387072,24.929001,10.751552,24.80713,11.229324,24.400408,121.24285,20.41204
568,48,10183,20112,0.506315,0.740603,0.672982,0.677274,0.990671,0.744083,0.673632,0.676378,0.99401,0.67497,0.725972,0.736133,0.981341,0.60715,0.731406,0.774711,0.928999,False,False,False,False,0.0,0.0,0.482022,1.104207,1.104207,1.104207,20.343578,20.246031,14.883876,33.356968,20.827554,21.398531,16.178745,20.343578,20.827554,20.351305,21.01508,20.314938,20.864066,20.38669,20.926751,24.489214,19.838547,20.259878,21.394081,21.083538,21.283916,22.478052,20.714082,0.0,0.570977
569,48,9737,19600,0.496786,0.53449,0.929458,0.929458,1.0,0.535612,0.92751,0.92751,1.0,0.469337,0.851388,0.946625,0.894321,0.405102,0.749159,0.953526,0.77755,False,False,True,False,1.0,0.0,0.07077,0.37764,6.65014,0.37764,4.160282,1.851905,0.498733,2.326179,28.317282,41.92923,39.852728,1.962959,41.773607,1.898189,41.916885,1.512957,43.70033,1.481942,43.772669,2.417651,38.754806,1.826093,42.015268,1.897299,41.320669,2.103249,40.127795,6.2725,13.611948
570,48,6807,13860,0.491126,0.55202,0.889688,0.889688,1.0,0.554762,0.885291,0.885291,1.0,0.47114,0.842127,0.933691,0.895696,0.393723,0.73147,0.949423,0.761128,False,False,False,False,0.0,0.0,0.124628,0.47592,0.47592,0.47592,6.901866,6.329465,1.370906,6.027961,30.269193,31.01437,30.414989,6.901866,30.269193,6.539102,30.666898,7.085941,29.986303,6.766955,30.345699,7.035698,30.241383,6.328975,31.005971,6.333138,31.047214,6.560844,30.770951,0.0,0.745177
571,48,9022,19480,0.463142,0.588706,0.78329,0.784792,0.997562,0.607392,0.75998,0.761072,0.998116,0.50729,0.773525,0.834345,0.913877,0.437885,0.723319,0.863658,0.81656,False,False,False,False,0.0,0.0,0.270319,1.086632,1.086632,1.086632,40.778503,38.391006,15.880219,39.835697,16.968011,17.597974,15.376448,40.778503,16.968011,39.149155,17.342954,41.412659,16.862212,40.369873,17.079612,46.708935,16.045497,38.403088,17.595504,39.577293,17.419225,42.419605,16.86045,0.0,0.629963
572,48,10240,20736,0.493827,0.71224,0.689455,0.691042,0.99668,0.712867,0.690333,0.691314,0.997949,0.646026,0.756018,0.75963,0.99375,0.577402,0.767988,0.805897,0.942285,False,False,True,False,0.993902,0.0,0.433213,1.07225,24.194645,1.07225,28.79323,5.682389,3.405138,8.080534,17.240731,32.01949,28.348578,6.13138,31.311693,5.904395,31.670005,6.574447,30.799441,6.336621,31.099261,6.827409,30.837955,5.694271,31.998334,5.811751,31.947091,6.203483,31.529781,23.122395,14.778759
573,48,9043,17945,0.503929,0.553135,0.911042,0.911042,1.0,0.565673,0.890848,0.890848,1.0,0.479409,0.835067,0.933395,0.88798,0.411424,0.731604,0.939997,0.767444,False,False,True,False,0.996293,0.0,0.123118,0.440725,10.55583,0.440725,10.486601,6.42626,1.992923,8.000848,23.821946,29.335081,26.894484,6.193704,29.570717,6.141767,29.584775,5.804453,29.865172,5.81669,29.945932,8.841904,27.239223,6.415386,29.347484,7.057761,28.813744,7.883778,28.080669,10.115105,5.513135
574,48,9660,19296,0.500622,0.705638,0.708832,0.709092,0.999482,0.705638,0.708832,0.709092,0.999482,0.632566,0.787022,0.788956,0.996894,0.558458,0.787927,0.835746,0.932298,False,False,False,False,0.0,0.0,0.409921,1.086205,1.086205,1.086205,7.531298,7.197067,4.398748,11.021187,29.432214,30.099864,25.005886,7.531298,29.432214,7.472222,29.613671,7.79158,29.068096,7.667633,29.274957,8.005452,29.388952,7.199448,30.090768,7.214079,30.215714,7.479469,29.960734,0.0,0.66765
575,48,7644,15600,0.49,0.73141,0.659612,0.663716,0.990712,0.732692,0.661354,0.664304,0.993328,0.655577,0.72234,0.732864,0.980508,0.58,0.75946,0.796309,0.942569,False,False,True,False,1.0,0.0,0.479638,1.240112,15.619533,1.240112,17.864338,4.625109,2.419139,5.641331,20.034555,33.101254,31.097524,5.292691,31.492315,5.054509,31.775152,5.740755,31.119358,5.539334,31.325889,4.702904,34.037037,4.650314,33.077199,4.45648,34.093877,4.463544,34.467951,14.379421,13.066699
576,48,6552,14820,0.442105,0.50614,0.742035,0.798027,0.913614,0.531849,0.749576,0.784572,0.943834,0.424022,0.696986,0.838956,0.80464,0.347503,0.616298,0.866408,0.681013,False,False,True,False,0.999637,0.0,0.204403,0.836438,50.455532,0.836438,58.13192,10.610857,5.171343,18.013227,11.4454,24.670356,19.404898,10.60114,24.063232,10.448616,24.400735,10.77844,24.078544,10.756766,24.157257,14.289072,22.490178,10.612586,24.666566,11.48606,24.343103,12.751272,23.546971,49.619094,13.224956
577,48,12234,20688,0.591357,0.779196,0.758933,0.758933,1.0,0.779196,0.758933,0.758933,1.0,0.714617,0.827393,0.827449,0.999918,0.646365,0.815256,0.860006,0.940003,False,False,True,False,1.0,0.0,0.458126,0.839524,5.874182,0.839524,5.496567,4.807313,2.552441,5.635687,30.9454,34.47516,32.340384,4.982671,34.17364,4.947387,34.282933,4.82911,34.300432,4.808267,34.397497,5.463326,33.244338,4.804507,34.482395,4.852978,34.350878,5.087162,33.905499,5.034658,3.52976
578,48,6081,16524,0.36801,0.579884,0.576389,0.597683,0.941786,0.628117,0.55945,0.568937,0.971057,0.440269,0.555374,0.655533,0.784246,0.314694,0.462975,0.686538,0.587074,False,False,True,False,1.0,0.0,0.428229,2.913722,18.432858,2.913722,20.8799,19.960478,8.453732,16.258839,19.380468,23.093041,21.573998,21.182701,22.72147,19.883463,23.036436,22.664913,22.362434,21.94058,22.533857,24.300827,21.853692,20.030642,23.075664,20.850189,22.865157,22.316559,22.437757,15.519136,3.712573
579,48,7534,14430,0.522107,0.573112,0.89451,0.902297,0.990443,0.58711,0.877977,0.883263,0.993231,0.487872,0.840384,0.945312,0.883329,0.409563,0.738973,0.966667,0.758296,False,False,False,False,0.0,0.0,0.143416,0.96191,0.96191,0.96191,23.886471,22.707415,5.094596,21.612335,21.095265,21.610093,21.193978,23.886471,21.095265,23.179674,21.429252,23.820946,21.109095,23.221884,21.382126,25.036236,20.635078,22.692726,21.612792,22.837404,21.524471,23.626715,21.180733,0.0,0.514828
580,48,9342,19440,0.480556,0.719547,0.66417,0.665642,0.996682,0.720113,0.664361,0.665548,0.997324,0.65571,0.725029,0.728328,0.993791,0.590947,0.749391,0.776724,0.955149,False,False,False,False,0.0,0.0,0.461874,1.125041,1.125041,1.125041,8.576964,7.856205,6.016802,13.155427,27.618422,28.217754,22.509106,8.576964,27.618422,8.281132,27.871821,9.037287,27.612863,8.921073,27.643333,9.308249,26.665661,7.881253,28.211345,7.942196,28.079413,8.417541,27.516393,0.0,0.599332
581,48,7020,13891,0.505363,0.766108,0.568979,0.601861,0.912393,0.78684,0.588496,0.608417,0.947293,0.665395,0.584316,0.648924,0.854416,0.571305,0.589373,0.698841,0.790028,False,False,False,False,0.0,0.0,0.621744,0.718285,0.718285,0.718285,24.859545,23.878443,17.119003,23.647198,20.899283,21.258008,18.880279,24.859545,20.899283,23.94696,21.235585,24.957882,20.853984,24.360731,21.059966,27.4151,20.093835,23.877209,21.258017,24.456125,21.052,25.667475,20.646775,0.0,0.358725
582,48,9760,20160,0.484127,0.735317,0.651929,0.654479,0.994057,0.73626,0.653205,0.654922,0.996004,0.673611,0.705268,0.710825,0.989037,0.610516,0.729467,0.756256,0.953689,False,False,True,False,0.998269,0.0,0.478269,1.223333,17.176025,1.223333,23.82155,6.460212,2.910737,8.128381,18.545128,30.911456,27.620004,7.018067,30.072826,6.626571,30.560689,7.89597,29.311228,7.465915,29.813807,7.712432,29.561286,6.497951,30.881122,6.639344,30.792507,7.039071,30.312941,15.952692,12.366328
583,48,9115,19908,0.457856,0.56952,0.803934,0.803934,1.0,0.583886,0.784153,0.784153,1.0,0.492013,0.7801,0.846044,0.909161,0.420635,0.719328,0.873776,0.802743,False,False,False,False,0.0,0.0,0.232188,0.76179,0.76179,0.76179,16.010715,15.53699,7.357145,17.422089,23.78247,24.1493,21.238699,16.010715,23.78247,15.778387,23.989425,16.321924,23.536152,16.123095,23.699386,19.855951,22.186807,15.538088,24.148243,16.2663,23.829457,17.77334,23.122006,0.0,0.36683
584,48,9082,19824,0.458132,0.580307,0.777874,0.782945,0.991742,0.602906,0.749335,0.753849,0.992072,0.497478,0.782294,0.843135,0.915547,0.425847,0.736597,0.880479,0.818432,False,False,False,False,0.0,0.0,0.273878,0.893999,0.893999,0.893999,38.996735,38.263672,14.310184,40.498863,17.135888,17.557283,15.605291,38.996735,17.135888,38.046833,17.487746,39.259232,17.013468,38.65749,17.229053,46.707882,15.957963,38.279087,17.554709,39.997246,17.276407,42.874733,16.710666,0.0,0.421395
585,48,8765,19320,0.453675,0.475466,0.635626,0.759417,0.795893,0.739596,0.613409,0.613409,1.0,0.368168,0.56526,0.80613,0.654193,0.272671,0.46712,0.84814,0.509755,False,False,False,False,0.0,0.0,0.52288,0.83376,0.83376,0.83376,15.017265,14.611218,11.585979,23.20715,23.007845,23.652485,18.096841,15.017265,23.007845,15.120213,23.060672,14.960144,22.932351,15.087963,22.912233,18.186842,21.637866,14.612702,23.652645,15.033771,23.544492,16.244534,22.781494,0.0,0.64464
586,48,7764,15392,0.504418,0.435486,0.734029,0.913621,0.788769,0.647804,0.778658,0.778658,1.0,0.360707,0.636676,0.932997,0.667182,0.289891,0.528441,0.947333,0.544436,False,False,True,False,1.0,0.0,0.275039,0.51595,8.449615,0.51595,8.658595,3.670917,1.217881,4.679332,27.869699,37.201963,34.826057,3.637644,37.240262,3.578782,37.372035,3.68852,36.957284,3.640091,37.081415,4.7661,35.112531,3.671261,37.202525,3.927658,36.699833,4.298987,35.977146,7.933665,9.332264
587,48,7654,14910,0.513347,0.650905,0.6824,0.725502,0.919911,0.666197,0.702187,0.730394,0.94787,0.551777,0.704153,0.797618,0.85733,0.468612,0.692601,0.85745,0.782728,False,False,False,False,0.0,0.0,0.367558,0.586917,0.586917,0.586917,15.066894,15.217882,6.778896,19.215181,23.858693,24.239979,21.267349,15.066894,23.858693,14.897614,24.184023,15.070464,23.730635,14.92309,24.041356,18.70425,22.773394,15.213527,24.240607,16.053305,23.985514,17.242792,23.467781,0.0,0.381286
588,48,5233,16835,0.310841,0.46142,0.636993,0.651262,0.966749,0.710603,0.437432,0.437432,1.0,0.353727,0.578888,0.688833,0.783872,0.255717,0.457518,0.69547,0.572138,False,False,True,False,0.999483,0.0,0.572574,1.484686,79.268661,1.484686,77.972931,10.123957,6.623858,13.458373,8.566335,27.822964,22.744807,10.711892,26.945513,10.335244,27.272518,11.366902,26.966195,11.027136,27.198056,12.026371,27.340826,10.167782,27.805075,10.382126,28.013099,10.990573,27.846801,77.783975,19.256629
589,48,12401,21168,0.585837,0.743339,0.77503,0.780744,0.990646,0.745607,0.77761,0.781157,0.994194,0.673186,0.84003,0.853825,0.981131,0.601994,0.805284,0.88017,0.904443,False,False,False,False,0.0,0.0,0.393863,1.126003,1.126003,1.126003,15.431498,14.183426,5.798487,19.425369,22.43242,23.20055,20.078511,15.431498,22.43242,15.336129,22.59586,15.175174,22.396255,15.178668,22.439677,13.835631,22.760205,14.178534,23.198649,13.478832,23.451477,13.267129,23.291813,0.0,0.76813
590,48,6614,12906,0.512475,0.577406,0.845447,0.864734,0.974297,0.59515,0.827071,0.842468,0.978379,0.48706,0.802935,0.913936,0.868612,0.402294,0.703853,0.93933,0.737375,False,False,False,False,0.0,0.0,0.192308,1.033376,1.033376,1.033376,29.101906,27.926167,7.334075,27.278702,19.659359,20.059576,19.271884,29.101906,19.659359,28.092632,20.021915,29.853895,19.38819,29.223314,19.608753,31.971222,18.832272,27.939926,20.054335,28.567432,19.841534,29.942596,19.415346,0.0,0.400217
591,48,10255,18960,0.540876,0.799631,0.676407,0.676407,1.0,0.799684,0.676362,0.676362,1.0,0.744515,0.726358,0.72641,0.999902,0.688133,0.741555,0.760481,0.967528,False,False,True,False,1.0,0.0,0.553705,1.336014,18.991499,1.336014,20.125467,14.353356,7.588665,12.620607,20.387207,24.926865,24.62549,16.104631,23.87463,14.992524,24.488999,16.920624,23.479961,16.141394,23.877474,15.565773,24.313593,14.375329,24.916316,14.233285,25.033267,14.633675,24.817768,17.655485,4.539658
592,48,10665,18432,0.578613,0.757433,0.763914,0.763914,1.0,0.758084,0.763258,0.763258,1.0,0.681207,0.837977,0.843183,0.992686,0.603407,0.795385,0.86783,0.905016,False,False,True,False,1.0,0.0,0.398867,1.356422,61.589073,1.356422,63.97459,11.208814,4.985365,13.730239,10.733095,24.978132,21.478214,11.951086,24.389201,11.761463,24.611926,11.795093,24.331857,11.636037,24.514488,13.03163,23.499791,11.178653,24.985561,11.208877,24.886554,11.888733,24.343277,60.232651,14.245037
593,48,10239,19104,0.535961,0.700953,0.749334,0.755881,0.988573,0.703518,0.750628,0.755432,0.991601,0.629973,0.805171,0.825509,0.97031,0.558522,0.758832,0.845455,0.881043,False,False,True,False,1.0,0.0,0.365031,1.010265,33.112991,1.010265,36.076344,11.562848,6.314646,14.969821,14.641176,26.129573,22.127739,11.843149,25.646963,11.82915,25.833735,11.756194,25.685684,11.68034,25.828159,12.581665,25.32134,11.564541,26.127407,11.588013,26.131152,11.929193,25.845865,32.102726,11.488397
594,48,6348,16660,0.381032,0.498439,0.721537,0.739523,0.967391,0.730792,0.521396,0.521396,1.0,0.427611,0.719025,0.790988,0.887681,0.361224,0.654536,0.812895,0.770636,False,False,False,False,0.0,0.0,0.563809,2.226888,2.226888,2.226888,17.270899,17.130434,10.238751,27.429216,22.435834,22.945408,17.86252,17.270899,22.435834,16.707415,22.725104,18.114681,22.12724,17.755409,22.33138,24.244434,21.481297,17.184153,22.932361,19.014965,22.755622,21.453161,22.237231,0.0,0.509574
595,48,7430,14123,0.526092,0.604687,0.786953,0.823536,0.946568,0.613751,0.801276,0.826142,0.963795,0.529278,0.799686,0.88602,0.891386,0.455923,0.77671,0.941606,0.816016,False,False,True,False,0.988197,0.0,0.222621,0.63046,6.097066,0.63046,5.233871,5.094527,1.471388,6.902243,30.415529,33.591286,30.881447,5.236922,33.308126,5.15397,33.503439,5.307851,33.043362,5.247779,33.161254,5.864917,32.482881,5.106326,33.569826,5.232526,33.406268,5.49022,33.030689,5.466606,3.175757
596,48,7447,15066,0.494292,0.657308,0.685939,0.712814,0.947898,0.677818,0.686951,0.704172,0.965624,0.574871,0.690596,0.759728,0.883577,0.49781,0.67155,0.800667,0.806365,False,False,True,False,0.999344,0.0,0.390077,0.492103,52.767906,0.492103,30.68202,13.73627,7.501772,17.265341,11.110134,23.820856,19.527313,14.254868,23.219747,14.121391,23.542358,14.317712,23.147653,14.239694,23.341473,15.189831,22.477486,13.746922,23.815599,13.841547,23.698239,14.314757,23.216582,52.275803,12.710722
597,48,6668,14297,0.466392,0.525215,0.866377,0.876415,0.986953,0.527034,0.867587,0.875647,0.989502,0.448206,0.822439,0.92088,0.884973,0.372316,0.721361,0.944017,0.753599,False,False,True,False,0.999607,0.0,0.122428,0.582077,28.37956,0.582077,26.080883,3.567687,0.754402,4.227755,17.749079,36.182376,33.835321,3.943161,35.377789,3.843481,35.706013,4.05009,34.947614,3.973105,35.128997,3.834733,35.148408,3.559888,36.178046,3.461358,36.232647,3.555239,35.854052,27.797483,18.433297
598,48,9180,16464,0.55758,0.736638,0.756926,0.756926,1.0,0.737184,0.756365,0.756365,1.0,0.665695,0.835916,0.836679,0.998911,0.59372,0.805066,0.864859,0.920915,False,False,False,False,0.0,0.0,0.405821,1.08855,1.08855,1.08855,14.550981,13.854793,6.150284,15.214307,24.944789,25.406273,23.536934,14.550981,24.944789,14.188671,25.167925,14.450363,24.987104,14.214052,25.127551,15.418337,24.451667,13.849964,25.407975,13.953123,25.351441,14.483551,25.012737,0.0,0.461484
599,48,8845,16032,0.551709,0.778318,0.706249,0.707325,0.997852,0.77888,0.70656,0.707296,0.99853,0.720559,0.758665,0.761686,0.994799,0.660679,0.753292,0.788425,0.944149,False,False,True,False,1.0,0.0,0.503131,0.871481,39.420666,0.871481,34.56073,13.08453,9.635453,17.257057,13.208049,22.910666,19.381038,14.048691,22.170866,14.220162,22.159796,13.659695,22.303208,13.68958,22.344305,11.66889,23.403,13.100169,22.898998,12.247334,23.410381,11.708724,23.591869,38.549185,9.702617
600,48,7574,15232,0.497243,0.441439,0.678366,0.859459,0.763005,0.73641,0.675225,0.675225,1.0,0.32563,0.572845,0.920363,0.60272,0.227219,0.430887,0.960127,0.438738,False,False,True,False,1.0,0.0,0.472969,0.467398,13.634413,0.467398,12.730614,11.984421,6.349743,14.013115,23.774676,27.39574,24.476584,12.274447,27.080442,11.989614,27.36385,12.761376,26.722897,12.546695,26.918884,14.487589,25.800981,11.994895,27.386908,12.451368,27.088051,13.312164,26.531421,13.167015,3.621064
601,48,10284,20304,0.506501,0.765563,0.661392,0.661477,0.999806,0.766499,0.660585,0.66067,0.999806,0.709023,0.712224,0.713115,0.99825,0.650118,0.724229,0.747273,0.95916,False,False,False,False,0.0,0.0,0.523653,1.185196,1.185196,1.185196,18.611208,17.617043,13.26986,23.973162,21.689889,22.244897,18.131503,18.611208,21.689889,18.270323,21.894787,19.141741,21.581606,18.829151,21.719483,19.882893,21.143266,17.646084,22.235328,17.752205,22.206113,18.464151,21.813436,0.0,0.555008
602,48,10952,21312,0.513889,0.752065,0.6788,0.680621,0.996074,0.75366,0.678514,0.679866,0.997078,0.684872,0.736896,0.742601,0.989682,0.615709,0.749437,0.785932,0.941654,False,False,False,False,0.0,0.0,0.485425,1.099421,1.099421,1.099421,9.050159,8.337655,4.500547,10.252739,26.017567,26.87997,23.697047,9.050159,26.017567,8.687576,26.413367,9.178475,26.050493,8.870892,26.474409,9.581659,25.909659,8.35126,26.875321,8.421963,26.938335,8.824903,26.587408,0.0,0.862403
603,48,5487,13048,0.420524,0.610362,0.606665,0.637745,0.925642,0.641784,0.606514,0.62491,0.953709,0.479384,0.602129,0.705516,0.804265,0.371858,0.548682,0.754946,0.667578,False,False,True,False,1.0,0.0,0.413966,2.789005,26.673853,2.789005,26.879898,15.595711,6.792179,15.272098,18.016601,24.570575,23.201855,17.295183,23.682681,16.388433,24.104007,18.704697,23.19929,18.091549,23.44823,16.938581,23.96315,15.660956,24.546624,15.385639,24.682799,15.764595,24.472933,23.884848,6.553974
604,48,9611,19584,0.490758,0.779003,0.62349,0.625983,0.993653,0.780637,0.623883,0.62572,0.995318,0.720895,0.666011,0.671908,0.986994,0.661203,0.688244,0.710248,0.956924,False,False,False,False,0.0,0.0,0.565727,1.225475,1.225475,1.225475,13.194638,13.336316,12.426585,19.209414,22.541917,22.941985,18.326241,13.194638,22.541917,13.192939,22.682712,13.940415,22.068236,13.887802,22.160129,17.518745,21.859678,13.352686,22.934155,14.352131,22.862082,15.761662,22.48058,0.0,0.400068
605,48,11240,21552,0.521529,0.707777,0.731747,0.733906,0.995996,0.709493,0.731336,0.732915,0.997064,0.6424,0.796534,0.803322,0.989502,0.574657,0.774715,0.832701,0.917527,False,False,True,False,0.999612,0.0,0.393231,1.071696,96.047455,1.071696,119.744072,10.084342,6.047291,16.368387,5.50019,25.958977,20.211155,10.86376,25.114716,10.629033,25.493094,10.381702,25.332155,10.12589,25.62768,12.97761,23.474649,10.06038,25.968838,10.415302,25.671961,11.380605,24.731306,94.975759,20.458787
606,48,10953,20352,0.538178,0.75054,0.717054,0.717054,1.0,0.75054,0.717054,0.717054,1.0,0.682488,0.788038,0.788265,0.999635,0.613011,0.786428,0.826707,0.94166,False,False,True,False,1.0,0.0,0.459304,1.283328,15.490726,1.283328,14.735202,6.069266,4.278824,8.329742,22.222172,31.530545,27.217365,6.631973,30.661198,6.379135,31.02331,7.124532,30.093141,6.960467,30.315282,7.27758,29.945003,6.096442,31.500246,6.174869,31.442026,6.570346,30.865413,14.207398,9.308373
607,48,8162,19188,0.42537,0.616375,0.687405,0.688509,0.997672,0.624818,0.678271,0.679289,0.997795,0.533406,0.731971,0.759648,0.952585,0.462477,0.72849,0.809105,0.879686,False,False,False,False,0.0,0.0,0.348631,1.163311,1.163311,1.163311,24.73838,23.459692,10.109499,25.091398,21.298251,21.661025,19.514162,24.73838,21.298251,23.527811,21.696269,25.49559,21.046798,24.722698,21.272147,28.629217,19.918297,23.48983,21.650498,24.418566,21.288654,26.184555,20.680981,0.0,0.362774
608,48,6860,15066,0.45533,0.734435,0.559374,0.581112,0.937318,0.758396,0.568133,0.579818,0.965743,0.6137,0.580414,0.639736,0.862245,0.504314,0.580109,0.698605,0.773761,False,False,False,False,0.0,0.0,0.584329,1.230116,1.230116,1.230116,16.712051,15.535811,10.4751,14.206463,24.540251,25.161348,22.920994,16.712051,24.540251,16.044121,24.89061,17.023809,24.358553,16.568901,24.606799,17.575607,24.083692,15.543586,25.159258,15.630758,25.093685,16.312778,24.710911,0.0,0.621097
609,48,7810,16456,0.474599,0.536279,0.839544,0.860283,0.972087,0.552382,0.825448,0.840704,0.978489,0.459042,0.794441,0.90045,0.870935,0.387275,0.705713,0.920759,0.751344,False,False,False,False,0.0,0.0,0.167245,0.954584,0.954584,0.954584,21.421938,19.93009,5.815021,21.674135,20.741453,21.457337,19.598626,21.421938,20.741453,21.090439,20.954104,21.367519,20.750942,21.007853,20.959257,21.98122,20.193377,19.945839,21.451924,19.746862,21.473311,20.377123,21.01087,0.0,0.715884
610,48,7118,12393,0.574356,0.570161,0.783927,0.882112,0.875667,0.582345,0.796591,0.880698,0.892947,0.480836,0.708518,0.910052,0.761871,0.398612,0.610095,0.924899,0.641894,False,False,True,False,1.0,0.0,0.162844,0.907235,97.262177,0.907235,96.012688,7.591084,5.123855,15.129906,6.478646,25.45818,20.147289,7.854407,25.319109,7.763183,25.280798,7.388592,25.744666,7.368268,25.625351,9.201367,23.951011,7.57755,25.452743,7.777559,25.246177,8.354406,24.711599,96.354942,18.979534
611,48,8234,16320,0.504534,0.722794,0.671256,0.682011,0.977046,0.727145,0.676201,0.683324,0.984819,0.653493,0.716219,0.739522,0.957858,0.583456,0.717547,0.779038,0.900899,False,False,True,False,1.0,0.0,0.448924,1.025146,32.847927,1.025146,49.800907,13.140393,6.686619,20.093838,10.976669,23.031126,19.670509,13.120436,22.672573,13.139908,22.854923,13.513521,22.401516,13.432232,22.559367,15.949033,21.998634,13.146708,23.025003,13.717149,22.921136,14.688325,22.559847,31.822781,12.054457
612,48,6368,13891,0.458426,0.467857,0.717891,0.827358,0.844378,0.679793,0.674362,0.674362,1.0,0.390109,0.633906,0.843883,0.718122,0.316608,0.53954,0.85789,0.592494,False,False,False,False,0.0,0.0,0.406487,1.638752,1.638752,1.638752,14.273293,13.299414,4.453675,16.258427,23.860608,24.790371,21.962858,14.273293,23.860608,14.045174,24.133948,14.431376,23.638089,14.251623,23.874046,13.660961,24.853777,13.313966,24.781761,12.987332,25.159095,13.099979,25.186529,0.0,0.929763
613,48,10187,19008,0.535932,0.773516,0.692161,0.692444,0.999411,0.775305,0.690565,0.690846,0.999411,0.711016,0.747291,0.750055,0.995092,0.646149,0.740838,0.778538,0.938647,False,False,False,False,0.0,0.0,0.513207,1.011223,1.011223,1.011223,21.202971,20.864174,20.770245,29.244167,19.26315,19.790101,15.125374,21.202971,19.26315,21.597559,19.361267,21.3636,19.028367,21.449593,19.135499,22.920847,19.559526,20.886423,19.7831,21.034161,19.969451,21.726677,19.891253,0.0,0.526951
614,48,6355,14036,0.452764,0.618196,0.660994,0.689409,0.941306,0.638002,0.666123,0.683529,0.963179,0.518168,0.670098,0.751822,0.860425,0.42676,0.648418,0.810684,0.764123,False,False,False,False,0.0,0.0,0.368572,1.138784,1.138784,1.138784,24.631891,22.835562,11.150762,28.942722,19.620903,20.564712,17.406198,24.631891,19.620903,24.331497,19.836418,24.792814,19.635006,24.494152,19.789877,22.915867,20.970014,22.847574,20.560414,22.110989,21.046272,22.10396,21.194599,0.0,0.943809
615,48,9217,15696,0.58722,0.710054,0.780985,0.801166,0.968753,0.711009,0.780273,0.800269,0.96897,0.62328,0.750829,0.832873,0.884019,0.53778,0.691541,0.85523,0.783227,False,False,False,False,0.0,0.0,0.343417,0.826928,0.826928,0.826928,10.409786,10.30017,5.859186,11.943185,27.508802,27.627868,24.573067,10.409786,27.508802,10.246392,27.627044,10.508336,27.451658,10.400167,27.547638,12.743409,25.829572,10.31149,27.619961,10.819609,27.266123,11.650139,26.634803,0.0,0.119066
616,48,9017,20202,0.446342,0.566231,0.638577,0.696914,0.884108,0.599545,0.659128,0.693032,0.930908,0.469755,0.626989,0.751528,0.79095,0.382635,0.583641,0.798448,0.684485,False,False,True,False,0.99857,0.0,0.328565,0.474862,11.688481,0.474862,7.665262,5.19271,3.695783,7.090902,20.27855,33.125409,27.534144,5.295257,32.477054,5.241137,32.640027,5.604266,31.617802,5.337806,32.362461,6.357584,31.81419,5.199771,33.114178,5.399948,33.11334,5.79424,32.638639,11.213619,12.846859
617,48,7358,14181,0.518863,0.682674,0.690545,0.718934,0.945909,0.69572,0.702144,0.72015,0.965616,0.590015,0.725178,0.790008,0.898342,0.504196,0.730026,0.856224,0.83202,False,False,False,False,0.0,0.0,0.40129,0.548586,0.548586,0.548586,22.515177,21.906088,11.68142,26.272991,20.351808,20.673651,18.112093,22.515177,20.351808,22.233624,20.476534,22.116789,20.542125,21.844341,20.677963,26.463079,19.201687,21.901014,20.679577,22.66123,20.49459,24.258404,19.964373,0.0,0.321843
618,48,8688,18582,0.467549,0.464159,0.629459,0.77542,0.769797,0.84937,0.550466,0.550466,1.0,0.301959,0.505951,0.856175,0.552947,0.160693,0.309478,0.923979,0.317564,False,False,False,False,0.0,0.0,0.716899,1.534128,1.534128,1.534128,33.501381,34.427948,37.371944,44.777317,17.874415,17.80069,13.298052,33.501381,17.874415,33.319752,17.996525,33.031116,17.909116,33.11322,17.933683,45.158993,15.794705,34.460022,17.793177,37.140194,17.299937,40.804558,16.604219,0.0,-0.073725
619,48,10560,17904,0.589812,0.784685,0.74186,0.746032,0.992519,0.786137,0.74333,0.746288,0.994697,0.713304,0.807064,0.815911,0.986742,0.64008,0.786468,0.845899,0.917992,False,False,False,False,0.0,0.0,0.484205,1.134214,1.134214,1.134214,17.247538,16.752274,11.701797,20.785828,21.657578,22.177837,18.54901,17.247538,21.657578,17.049906,21.860206,17.828377,21.360166,17.674906,21.462751,19.84618,20.908233,16.773863,22.167893,17.245644,22.084428,18.283459,21.630675,0.0,0.520259
620,48,8424,16608,0.507225,0.755359,0.652664,0.660104,0.983025,0.763066,0.650782,0.656277,0.987298,0.694364,0.660647,0.688432,0.942426,0.631623,0.64627,0.707817,0.88141,False,False,False,False,0.0,0.0,0.532136,1.198069,1.198069,1.198069,37.043407,36.887543,25.877607,41.569366,16.635808,16.761908,14.201585,37.043407,16.635808,36.666786,16.792555,36.907604,16.601796,36.709362,16.689651,42.729702,15.565986,36.903488,16.756413,38.028412,16.516097,39.984608,16.104231,0.0,0.1261
621,48,8100,17150,0.472303,0.445889,0.627429,0.793906,0.749506,0.693061,0.681474,0.681474,1.0,0.345131,0.528956,0.819395,0.598765,0.24793,0.407956,0.841722,0.441852,False,False,True,False,0.999448,0.0,0.417127,0.699374,20.358158,0.699374,15.962551,6.06214,4.239816,7.808683,20.343898,32.49182,28.232567,5.741811,32.693935,5.856873,32.638978,5.790535,32.472876,5.869588,32.407298,8.96,29.127212,6.072551,32.478282,6.779095,31.643535,7.764156,30.438407,19.658784,12.147922
622,48,12559,22608,0.555511,0.742436,0.748228,0.748228,1.0,0.742436,0.748228,0.748228,1.0,0.676796,0.820558,0.820665,0.999841,0.609298,0.821414,0.862142,0.945617,False,False,False,False,0.0,0.0,0.415265,1.062626,1.062626,1.062626,9.249993,8.381771,3.588483,11.008202,27.3585,28.597025,26.209416,9.249993,27.3585,8.88765,27.837359,9.214666,27.259833,8.974918,27.52679,9.814768,27.615586,8.393078,28.585148,8.395679,28.816738,8.891021,28.449845,0.0,1.238525
623,48,12559,21264,0.590623,0.749342,0.788189,0.788189,1.0,0.749671,0.787843,0.787843,1.0,0.68355,0.861235,0.862539,0.998248,0.615641,0.830574,0.889008,0.926666,False,False,True,False,1.0,0.0,0.387134,0.936512,24.093586,0.936512,25.956047,9.304881,4.018304,10.546726,17.375742,27.643807,25.572726,9.531996,27.350204,9.379356,27.515201,9.434642,27.309895,9.333625,27.40966,10.564376,26.647023,9.293202,27.646962,9.475755,27.527796,9.908326,27.17776,23.157074,10.268065
624,48,11600,20208,0.57403,0.726297,0.790352,0.790352,1.0,0.731196,0.785057,0.785057,1.0,0.656423,0.865201,0.869506,0.99431,0.585313,0.819792,0.892289,0.909828,False,False,False,False,0.0,0.0,0.368843,0.986524,0.986524,0.986524,17.419828,17.257673,9.806924,20.734081,22.077274,22.154148,18.028057,17.419828,22.077274,17.149626,22.195293,17.588133,22.01046,17.292271,22.115351,20.783276,20.592143,17.246666,22.159488,17.956753,21.840479,19.167902,21.292372,0.0,0.076874
625,48,7072,20034,0.353,0.498852,0.707454,0.707525,0.999859,0.717979,0.491657,0.491657,1.0,0.434761,0.724243,0.761079,0.937359,0.374264,0.68771,0.791811,0.839508,False,False,False,False,0.0,0.0,0.56195,1.355758,1.355758,1.355758,15.548972,14.432834,6.900118,13.267392,26.189068,26.793136,25.152991,15.548972,26.189068,14.62269,26.683074,16.289356,25.817729,15.608927,26.172933,16.899368,25.558564,14.46677,26.776803,14.843184,26.592535,15.683399,26.162948,0.0,0.604068
626,48,7289,13284,0.548705,0.722599,0.655199,0.696427,0.917135,0.742246,0.67291,0.699594,0.946358,0.602906,0.668084,0.765014,0.840582,0.499548,0.650077,0.826703,0.752641,False,False,True,False,0.996831,0.0,0.493078,0.754406,18.051266,0.754406,15.659076,16.80674,10.22958,18.609594,21.359363,23.937287,21.677215,16.753647,23.79469,16.49202,24.042154,16.92116,23.704038,16.636988,23.880417,20.49234,22.418146,16.816208,23.933518,17.646042,23.592349,18.901587,23.067153,17.29686,2.577924
627,48,5259,15873,0.331317,0.412335,0.724974,0.757983,0.943335,0.696844,0.475454,0.475454,1.0,0.298998,0.615795,0.803413,0.725043,0.199143,0.425186,0.794685,0.477657,False,False,True,False,1.0,0.0,0.539853,1.925539,23.096037,1.925539,25.635925,9.324206,3.663683,8.740635,18.532188,28.895157,27.706348,10.188629,27.984211,9.553844,28.424536,11.289092,27.501001,10.8063,27.80578,10.729163,28.298885,9.372568,28.877119,9.501046,29.015428,9.955125,28.804951,21.170498,10.362969
628,48,5605,13338,0.420228,0.509672,0.769582,0.793469,0.962355,0.525191,0.76784,0.78187,0.977163,0.42885,0.749575,0.848252,0.865656,0.350727,0.664185,0.877298,0.732203,False,False,True,False,0.999741,0.0,0.197077,2.081383,58.999569,2.081383,66.851204,13.235563,4.820294,20.477787,8.075479,23.744691,18.804809,14.922272,22.884965,14.082604,23.233612,15.33928,22.862379,14.827595,23.054355,17.159025,22.212799,13.252989,23.739188,13.732858,23.702922,15.110497,23.13754,56.918186,15.669212
629,48,9960,19392,0.513614,0.704517,0.715095,0.720905,0.988855,0.70854,0.715775,0.719578,0.992671,0.641863,0.768787,0.782438,0.977811,0.578331,0.747978,0.807936,0.909739,False,False,False,False,0.0,0.0,0.405216,0.884118,0.884118,0.884118,12.426305,12.183802,10.397053,20.673494,23.760798,24.391775,18.480635,12.426305,23.760798,12.568975,23.909851,12.433936,23.707465,12.492068,23.782869,13.631526,23.560358,12.182262,24.387779,12.266165,24.48952,12.739926,24.18833,0.0,0.630977
630,48,8022,15648,0.512653,0.801892,0.637608,0.638269,0.998379,0.802339,0.638035,0.638391,0.999127,0.743418,0.685967,0.687441,0.996884,0.682899,0.707713,0.725529,0.966467,False,False,True,False,1.0,0.0,0.594676,1.690183,15.312746,1.690183,18.231821,18.128105,10.547119,20.511469,20.647866,22.964263,20.958655,18.44565,22.811169,17.896826,23.051273,19.241087,22.510815,19.00989,22.612049,22.095819,21.556056,18.165129,22.948921,19.043921,22.635595,20.393377,22.15425,13.622563,2.316397
631,48,8468,16762,0.50519,0.575468,0.824169,0.848435,0.966462,0.59784,0.802047,0.821176,0.971776,0.480253,0.794654,0.908571,0.863722,0.400787,0.708596,0.937481,0.743741,False,False,False,False,0.0,0.0,0.21606,1.122619,1.122619,1.122619,36.152615,35.102581,10.280203,36.495079,17.670463,18.028205,16.69058,36.152615,17.670463,35.270901,17.956276,36.855495,17.498858,36.228508,17.677175,41.827862,16.547029,35.112621,18.025601,36.287987,17.773626,38.581879,17.252435,0.0,0.357742
632,48,8906,16896,0.527107,0.740116,0.712195,0.712195,1.0,0.740116,0.712195,0.712195,1.0,0.690341,0.763244,0.763374,0.999775,0.639796,0.766192,0.791212,0.960364,False,False,True,False,0.986859,0.0,0.442553,1.522904,17.047684,1.522904,13.311962,8.818662,4.768544,10.676735,21.566544,28.548162,25.813196,10.015346,27.447366,9.361816,28.047824,10.841942,26.865138,10.353021,27.275617,10.310539,27.364405,8.873755,28.512335,8.958941,28.539451,9.44513,28.119579,15.52478,6.981618
633,48,6368,12663,0.502882,0.56977,0.767239,0.817325,0.926036,0.58746,0.786851,0.817314,0.954774,0.488826,0.748295,0.868336,0.844064,0.411356,0.698254,0.913803,0.747487,False,False,False,False,0.0,0.0,0.137569,1.256341,1.256341,1.256341,5.445247,4.778057,1.223934,6.703884,26.763367,28.185671,26.132388,5.445247,26.763367,5.109401,27.366327,5.821189,26.618182,5.641227,26.911571,4.895624,28.858921,4.811348,28.174275,4.839144,28.753403,4.723932,29.003232,0.0,1.422304
634,48,5630,14880,0.37836,0.539718,0.658895,0.675632,0.963766,0.559677,0.648128,0.659102,0.974956,0.45793,0.69237,0.747138,0.904263,0.382594,0.6542,0.78658,0.795382,False,False,True,False,1.0,0.0,0.306919,2.335748,32.105476,2.335748,49.072765,23.611132,7.621946,25.072943,11.809697,20.493424,18.164342,25.901539,19.547124,25.009947,19.785885,26.904856,19.46879,26.201065,19.635573,24.405861,20.036825,23.669626,20.483618,23.169567,20.794863,23.340971,20.629117,29.769728,8.683727
635,48,9318,18672,0.499036,0.741056,0.673412,0.673412,1.0,0.74277,0.671858,0.671858,1.0,0.678663,0.729862,0.732165,0.995707,0.613164,0.724691,0.762163,0.936467,False,False,True,False,1.0,0.0,0.461514,2.274606,53.99337,2.274606,64.975349,9.949918,4.71873,8.216034,11.024652,26.825463,21.852476,11.358983,25.558413,11.112328,25.831639,10.96183,25.981819,10.759176,26.107718,8.362918,27.234565,9.897832,26.847459,8.954854,27.531085,8.281283,27.676611,51.718764,15.800811
636,48,10328,17232,0.59935,0.728877,0.793028,0.805971,0.980151,0.737117,0.795012,0.803023,0.987607,0.653668,0.846891,0.878995,0.958656,0.576021,0.791438,0.901471,0.866383,False,False,False,False,0.0,0.0,0.362254,1.134029,1.134029,1.134029,25.148237,24.95149,11.146147,36.381519,18.245167,18.671683,14.89254,25.148237,18.245167,25.231184,18.337477,25.303188,18.169869,25.353085,18.186289,29.500807,17.620494,24.949038,18.669103,25.746998,18.6435,27.294378,18.2673,0.0,0.426516
637,48,10818,19440,0.556481,0.729167,0.761807,0.762399,0.998983,0.730556,0.760608,0.76109,0.999168,0.658848,0.840748,0.84252,0.997504,0.586111,0.822448,0.879761,0.926604,False,False,False,False,0.0,0.0,0.393412,1.088572,1.088572,1.088572,15.53186,14.919147,6.404044,16.463488,24.166238,24.520832,22.71953,15.53186,24.166238,15.229556,24.381106,15.628274,24.052728,15.363345,24.227633,16.571424,23.547942,14.914926,24.521039,15.051827,24.413679,15.620201,24.073573,0.0,0.354594
638,48,7826,19280,0.405913,0.583351,0.66344,0.676358,0.972016,0.60555,0.645932,0.655503,0.977894,0.50332,0.692902,0.739386,0.916816,0.430861,0.678597,0.785121,0.833376,False,False,False,False,0.0,0.0,0.350358,2.368197,2.368197,2.368197,24.028749,25.252279,18.924858,54.026363,20.179813,20.360599,12.409694,24.028749,20.179813,23.143412,20.57516,27.063549,19.258768,26.878141,19.316574,43.372818,16.131252,25.30995,20.349483,30.440668,19.214288,36.611595,17.687102,0.0,0.180786
639,48,10927,20064,0.544607,0.717703,0.719299,0.735833,0.969708,0.723335,0.72697,0.73789,0.980049,0.638357,0.767839,0.804888,0.943443,0.558513,0.747848,0.845083,0.866661,False,False,True,False,1.0,0.0,0.404071,1.024479,22.08263,1.024479,24.863152,5.037217,2.389807,8.641377,18.217768,29.786033,24.900796,5.014429,29.624527,4.961746,29.661541,5.03499,29.577064,5.002196,29.517146,6.658278,28.257779,5.045911,29.769895,5.41643,29.532893,5.965712,28.99688,21.058151,11.568265
640,48,7959,16354,0.48667,0.697444,0.605455,0.640277,0.917578,0.711875,0.62354,0.646624,0.945847,0.600037,0.619022,0.692449,0.85375,0.516877,0.612656,0.737608,0.78339,False,False,False,False,0.0,0.0,0.489339,0.528847,0.528847,0.528847,11.600452,11.73619,8.480166,14.403778,27.258741,27.273466,23.411628,11.600452,27.258741,11.363865,27.487248,11.847134,27.130585,11.603635,27.334635,15.210747,25.252716,11.74754,27.267974,12.60062,26.765509,13.787075,26.06364,0.0,0.014725
641,48,6424,16940,0.379221,0.41157,0.666169,0.768216,0.833748,0.699941,0.54179,0.54179,1.0,0.301358,0.561137,0.811753,0.645081,0.202361,0.412271,0.838973,0.447696,False,False,False,False,0.0,0.0,0.514835,1.890611,1.890611,1.890611,17.909403,18.016916,11.21602,19.782066,21.885671,22.081142,18.663832,17.909403,21.885671,17.577625,21.994235,18.73682,21.618928,18.432648,21.726071,22.865141,20.75576,18.065275,22.070709,19.274336,21.859615,20.904991,21.39659,0.0,0.195471
642,48,9968,18768,0.531117,0.722453,0.728147,0.731101,0.994482,0.724158,0.72834,0.730483,0.995987,0.668958,0.779911,0.786061,0.990068,0.613491,0.77949,0.817266,0.944021,False,False,False,False,0.0,0.0,0.411705,0.672121,0.672121,0.672121,15.269696,14.128812,10.558257,19.830959,21.551204,22.491209,17.893606,15.269696,21.551204,15.153191,21.801779,14.874498,21.780076,14.930511,21.835554,15.122358,21.620087,14.136169,22.486751,13.801331,22.702821,14.051699,22.37867,0.0,0.940005
643,48,4754,14752,0.322261,0.419943,0.722624,0.741404,0.966134,0.645404,0.499317,0.499317,1.0,0.32965,0.613591,0.752005,0.769247,0.243831,0.468953,0.741173,0.560791,False,False,True,False,1.0,0.0,0.470994,1.274955,14.403314,1.274955,10.615131,5.755855,5.233547,9.395667,19.182127,31.595385,23.862058,5.539125,31.891017,5.382555,31.894053,6.038073,31.939879,5.920909,31.85409,8.447833,29.054073,5.789931,31.577254,6.514935,30.910133,7.433109,30.024609,13.128359,12.413258
644,48,11525,20208,0.570319,0.740449,0.768933,0.769498,0.999046,0.740944,0.768538,0.769051,0.999132,0.677801,0.83366,0.837191,0.994967,0.612332,0.808065,0.863181,0.926768,False,False,False,False,0.0,0.0,0.397674,1.064033,1.064033,1.064033,11.235922,11.053796,6.492456,15.351468,24.284276,24.672096,20.570114,11.235922,24.284276,11.108691,24.460627,11.281967,24.162185,11.164454,24.308031,14.113232,22.582097,11.057383,24.668541,11.631757,24.340264,12.680289,23.583914,0.0,0.38782
645,48,7251,14520,0.49938,0.587603,0.69164,0.756329,0.889946,0.615427,0.720923,0.758841,0.935181,0.488085,0.678726,0.817977,0.799476,0.39635,0.632894,0.875934,0.695214,False,False,False,False,0.0,0.0,0.296327,0.951896,0.951896,0.951896,23.127752,22.739117,10.093961,32.37466,20.45957,20.731293,17.160159,23.127752,20.45957,22.907829,20.631286,23.519653,20.35187,23.57753,20.41487,27.334114,19.134292,22.752081,20.729954,23.618305,20.466235,25.151794,19.899607,0.0,0.271723
646,48,7250,14460,0.501383,0.597649,0.762253,0.795418,0.948138,0.624066,0.741093,0.76762,0.955448,0.50657,0.745927,0.850102,0.858897,0.424343,0.686107,0.887712,0.75131,False,False,False,False,0.0,0.0,0.290846,1.2638,1.2638,1.2638,36.169102,34.790527,14.144244,39.691357,16.79369,17.257043,14.934227,36.169102,16.79369,35.723263,16.997758,35.595356,16.859649,35.250069,16.990926,41.24892,15.989579,34.803265,17.254043,35.598988,17.143124,37.843769,16.689982,0.0,0.463353
647,48,6451,14752,0.437297,0.584056,0.687234,0.712279,0.951325,0.602766,0.677381,0.696806,0.960471,0.49756,0.712317,0.781608,0.889319,0.421909,0.681927,0.825675,0.796621,False,False,False,False,0.0,0.0,0.32478,1.860097,1.860097,1.860097,32.344803,30.316643,11.675421,31.574381,18.740276,19.383149,17.446996,32.344803,18.740276,31.427116,19.036456,32.997158,18.592983,32.246887,18.832066,33.261768,18.503767,30.354933,19.374218,30.303001,19.388657,31.293081,19.077539,0.0,0.642873
648,48,7020,16765,0.418729,0.489591,0.664626,0.740741,0.866097,0.733015,0.571243,0.571243,1.0,0.3932,0.612414,0.784284,0.736467,0.303788,0.529999,0.823876,0.597721,False,False,True,False,0.999795,0.0,0.53884,0.921122,79.403252,0.921122,90.643776,16.544493,10.850727,25.237892,7.34325,23.983129,18.489242,17.309734,23.371767,16.856173,23.630429,17.876686,23.084149,17.606125,23.269822,21.947199,21.812204,16.550856,23.982403,17.524691,23.704357,19.381292,22.903097,78.48213,16.639879
649,48,8012,19520,0.410451,0.522029,0.763076,0.773111,0.983275,0.529252,0.760534,0.767012,0.989016,0.456967,0.748271,0.812444,0.904518,0.395236,0.684554,0.828386,0.797678,False,False,False,False,0.0,0.0,0.208029,1.921562,1.921562,1.921562,13.067773,12.370735,3.204843,11.129681,24.98054,25.471356,24.628209,13.067773,24.98054,12.417624,25.337238,13.945166,24.539317,13.49014,24.739843,14.995715,24.201706,12.405267,25.458005,12.864786,25.27933,13.733733,24.837189,0.0,0.490816
650,48,11159,22896,0.487378,0.673655,0.710398,0.715832,0.989426,0.678066,0.710842,0.714138,0.993548,0.60635,0.773387,0.786646,0.978672,0.537212,0.760261,0.82374,0.907967,False,False,False,False,0.0,0.0,0.377524,1.033001,1.033001,1.033001,14.518655,14.331391,7.013604,22.138035,22.995283,23.185297,19.560446,14.518655,22.995283,14.517729,23.050384,14.110703,23.199609,14.182394,23.135526,16.797771,22.138614,14.328763,23.181854,14.716014,23.053485,15.564567,22.688053,0.0,0.190014
651,48,7146,13860,0.515584,0.602886,0.854528,0.854835,0.99958,0.613636,0.839779,0.839976,0.99972,0.506349,0.81218,0.904531,0.888329,0.41912,0.720909,0.93424,0.759446,False,False,False,False,0.0,0.0,0.202115,0.480985,0.480985,0.480985,8.18164,8.526915,3.616225,9.008396,29.11311,29.072027,26.602652,8.18164,29.11311,8.353718,29.098675,8.092966,29.184091,8.160789,29.244008,10.617269,27.130663,8.516466,29.079366,8.968887,28.678564,9.666293,27.989604,0.0,-0.041083
652,48,5044,13068,0.385981,0.484083,0.713382,0.74834,0.938541,0.740358,0.521344,0.521344,1.0,0.380089,0.647359,0.792027,0.779937,0.289868,0.52988,0.80755,0.606463,False,False,True,False,1.0,0.0,0.571535,2.49676,18.211948,2.49676,23.30875,10.275245,3.262795,6.241343,19.465152,26.947985,28.585642,11.455459,26.249702,10.54084,26.648284,12.675522,25.896793,12.167328,26.132507,10.868557,26.827905,10.340933,26.922741,10.332739,27.05304,10.47621,27.021331,15.715188,7.482833
653,48,5028,14550,0.345567,0.476082,0.602977,0.649199,0.894391,0.673333,0.513218,0.513218,1.0,0.404742,0.61518,0.706062,0.826969,0.337663,0.560842,0.727051,0.710422,False,False,True,False,1.0,0.0,0.464398,0.832318,11.354617,0.832318,18.432577,5.110912,2.837744,4.714466,16.223518,28.757085,27.117551,6.387298,26.04754,6.203991,26.357147,6.861774,26.148198,6.728786,26.284153,3.066428,38.196164,5.180655,28.74439,4.244232,31.879561,3.459162,35.952209,10.522299,12.533567
654,48,7379,14720,0.501291,0.554552,0.70342,0.786231,0.869766,0.577446,0.739974,0.794471,0.915165,0.460938,0.675816,0.841857,0.774089,0.377921,0.615932,0.886752,0.668519,False,False,False,False,0.0,0.0,0.237978,0.589883,0.589883,0.589883,16.493338,18.039074,7.350043,26.617474,24.292882,23.985137,19.566596,16.493338,24.292882,17.123911,24.18729,15.187062,24.847693,15.954104,24.579021,22.977367,22.031204,18.054344,23.975721,19.437006,23.493044,21.102634,22.818037,0.0,-0.307745
655,48,7515,15616,0.481237,0.579726,0.626706,0.70507,0.849368,0.612385,0.665334,0.713479,0.907917,0.476178,0.581949,0.739645,0.73187,0.378714,0.51415,0.771052,0.606786,False,False,True,False,1.0,0.0,0.337983,0.742995,57.163849,0.742995,63.678375,21.750233,12.680327,22.356133,10.816926,21.561861,18.247296,20.137014,21.836711,20.884586,21.68761,19.334354,22.080793,20.116655,21.877496,26.695631,20.081838,21.736971,21.561665,23.082945,21.219471,24.761232,20.707688,56.420854,10.744935
656,48,9590,16512,0.58079,0.774346,0.750039,0.750039,1.0,0.774346,0.750039,0.750039,1.0,0.70367,0.825372,0.825372,1.0,0.631238,0.816391,0.862995,0.937956,False,False,True,False,0.990321,0.0,0.448425,1.053356,11.722335,1.053356,8.397845,4.434724,2.204758,4.82308,24.759542,32.294619,33.06413,5.615398,29.87564,5.213695,30.766391,5.623393,29.457888,5.415989,29.879443,3.603789,33.316921,4.421203,32.283138,3.799583,33.502986,3.432082,33.930525,10.668979,7.535077
657,48,10837,22512,0.481388,0.773898,0.615908,0.618241,0.99391,0.774964,0.61728,0.618766,0.996124,0.711176,0.663692,0.668957,0.988281,0.648365,0.701432,0.718347,0.967519,False,False,True,False,1.0,0.0,0.568565,1.36454,13.465867,1.36454,14.94042,9.220971,6.573733,14.090585,20.662191,27.612781,23.172524,9.560241,27.321276,9.488727,27.396573,9.846175,27.087941,9.684538,27.204676,11.068623,26.237247,9.238011,27.599724,9.494879,27.440026,10.134016,26.955488,12.101327,6.95059
658,48,6050,14725,0.410866,0.524007,0.726144,0.750518,0.95719,0.541528,0.727306,0.740532,0.976033,0.444211,0.721728,0.80691,0.872397,0.37107,0.651937,0.831625,0.751074,False,False,True,False,1.0,0.0,0.238386,1.693794,35.185322,1.693794,42.398182,15.374656,4.947012,17.500496,12.927942,24.826617,22.295878,16.8346,24.030564,15.913609,24.44884,17.726942,23.679978,17.186996,23.925755,18.11482,23.791047,15.409532,24.814064,15.690027,24.810009,16.635868,24.44167,33.491528,11.898675
659,48,11976,23136,0.517635,0.685771,0.754711,0.754759,0.999916,0.68616,0.754283,0.754331,0.999916,0.636454,0.808521,0.810662,0.996743,0.586013,0.792111,0.832424,0.942385,False,False,False,False,0.0,0.0,0.345878,0.907796,0.907796,0.907796,6.417557,5.553134,3.860275,11.262581,29.756876,31.000029,25.316529,6.417557,29.756876,6.09494,30.277801,6.712814,29.263645,6.533957,29.467769,7.064073,28.820738,5.557448,30.993832,5.511412,30.918311,6.051019,30.07928,0.0,1.243153
660,48,7358,17045,0.431681,0.540569,0.782702,0.789668,0.988856,0.544559,0.785408,0.788623,0.994836,0.471927,0.761235,0.827573,0.90473,0.405339,0.692207,0.844695,0.79315,False,False,True,False,0.998968,0.0,0.201507,1.754654,12.856199,1.754654,15.726918,6.053593,1.504146,5.149814,22.806008,31.375304,30.503413,6.221346,30.959642,5.740871,31.595069,6.833651,30.325854,6.519117,30.674305,8.369123,29.252548,6.082676,31.349693,6.67763,30.818022,7.45361,30.087266,11.101545,8.569296
661,48,9129,16368,0.557735,0.740347,0.753342,0.753342,1.0,0.741019,0.752659,0.752659,1.0,0.675709,0.821947,0.823508,0.9977,0.609726,0.796465,0.848898,0.928032,False,False,False,False,0.0,0.0,0.414284,1.010314,1.010314,1.010314,17.405813,16.663124,9.267671,24.711615,22.588393,23.136643,19.131806,17.405813,22.588393,17.477928,22.692832,17.1749,22.570268,17.287472,22.576577,20.127907,22.105091,16.663124,23.135541,17.079199,23.175616,18.357906,22.79948,0.0,0.54825
662,48,6906,12870,0.536597,0.653225,0.815197,0.818009,0.995801,0.655012,0.813623,0.816133,0.996235,0.559285,0.819167,0.882328,0.919635,0.472261,0.748216,0.914281,0.804663,False,False,False,False,0.0,0.0,0.259222,1.389112,1.389112,1.389112,18.436384,17.022251,5.644254,17.630224,22.829362,23.565311,22.375508,18.436384,22.829362,17.592722,23.260502,18.89753,22.638737,18.347525,22.89602,19.426924,22.508695,17.050825,23.552905,17.192875,23.508459,17.99556,23.136263,0.0,0.735949
663,48,9612,18768,0.512148,0.713342,0.682024,0.696594,0.970246,0.717818,0.687674,0.698189,0.978568,0.631607,0.729455,0.763793,0.941948,0.549126,0.731097,0.816224,0.875156,False,False,False,False,0.0,0.0,0.440804,1.042049,1.042049,1.042049,9.878381,9.791996,4.570009,15.983111,24.848543,25.304334,20.92548,9.878381,24.848543,10.019697,24.921257,9.347343,25.110247,9.38868,25.131339,11.324213,24.342097,9.789673,25.296196,9.971112,25.313561,10.486197,24.969919,0.0,0.455791
664,48,5416,13920,0.38908,0.499138,0.655597,0.704663,0.903988,0.786422,0.494747,0.494747,1.0,0.376796,0.601232,0.763203,0.739106,0.275718,0.491378,0.794424,0.562962,False,False,True,False,0.999294,0.0,0.643227,3.059697,13.883976,3.059697,14.997108,14.030157,4.785826,9.741815,21.42841,26.037182,26.180696,15.450763,25.305718,14.103889,25.892155,17.197994,24.715719,16.294436,25.088229,16.010771,24.948202,14.101982,26.011446,14.400295,25.873651,15.014894,25.501005,10.824279,4.608772
665,48,7712,14880,0.51828,0.497513,0.638305,0.795488,0.763615,0.805511,0.643417,0.643417,1.0,0.374798,0.555907,0.851354,0.615664,0.26754,0.434724,0.889977,0.459414,False,False,False,False,0.0,0.0,0.596122,0.883138,0.883138,0.883138,30.032547,29.408367,18.766043,31.423668,19.398326,19.625381,17.155836,30.032547,19.398326,29.164375,19.674241,30.048409,19.399584,29.480463,19.582942,35.692947,17.906908,29.399033,19.627502,30.608143,19.266924,32.731716,18.664042,0.0,0.227055
666,48,6355,12852,0.494476,0.505135,0.709287,0.821165,0.838867,0.553688,0.739091,0.804525,0.900865,0.407952,0.638598,0.862102,0.711251,0.316993,0.540928,0.898625,0.576082,False,False,False,False,0.0,0.0,0.213329,0.933662,0.933662,0.933662,25.375452,25.111881,7.636601,32.789719,18.51748,19.046092,16.507534,25.375452,18.51748,25.889378,18.526795,24.974613,18.672843,25.334644,18.631924,28.181904,18.795095,25.132023,19.040014,25.334225,19.276941,26.365749,19.188103,0.0,0.528612
667,48,6911,14181,0.487342,0.57838,0.741129,0.784321,0.930835,0.600663,0.746547,0.774243,0.954276,0.499048,0.741534,0.8416,0.861814,0.42289,0.706053,0.890779,0.772971,False,False,True,False,0.99381,0.0,0.256396,0.71646,49.020817,0.71646,30.856075,15.911446,6.352728,24.430569,9.663093,20.211801,16.009448,16.125837,19.977778,16.220758,19.939913,15.769257,20.186383,15.821541,20.139407,17.830463,19.448769,15.910384,20.206133,16.095741,20.205592,16.748178,19.938526,48.304357,10.548708
668,48,9123,16416,0.555738,0.754934,0.728332,0.731623,0.993862,0.757736,0.728971,0.730847,0.996492,0.684332,0.784762,0.796778,0.981147,0.611355,0.75513,0.821343,0.903541,False,False,False,False,0.0,0.0,0.457562,1.214269,1.214269,1.214269,12.209215,11.359787,10.099822,15.852425,24.423629,25.044874,20.087287,12.209215,24.423629,11.919836,24.683897,12.651833,24.052124,12.348277,24.326942,12.431218,24.115214,11.378347,25.033915,11.266323,25.047515,11.595162,24.717913,0.0,0.621245
669,48,6957,14725,0.472462,0.676265,0.624568,0.653043,0.934742,0.703701,0.628185,0.644856,0.960471,0.564143,0.617806,0.701697,0.837861,0.462818,0.578634,0.740719,0.7256,False,False,False,False,0.0,0.0,0.472194,1.447305,1.447305,1.447305,26.728666,25.953907,17.421516,28.797375,20.044964,20.462203,17.013891,26.728666,20.044964,25.866081,20.386626,26.881702,19.972949,26.480762,20.176514,30.41033,19.180377,25.97221,20.458864,26.822769,20.252242,28.350199,19.802919,0.0,0.417239
670,48,7571,15097,0.50149,0.446844,0.674503,0.854877,0.761722,0.72372,0.692934,0.692934,1.0,0.34179,0.573477,0.899225,0.612865,0.247334,0.443806,0.930637,0.458988,False,False,False,False,0.0,0.0,0.445389,0.775799,0.775799,0.775799,20.300356,19.444855,9.102091,23.341698,22.473278,23.076086,20.379357,20.300356,22.473278,20.121384,22.683452,20.179588,22.477505,19.976753,22.656449,21.294193,22.226747,19.437414,23.078265,19.395985,23.128793,20.013472,22.82443,0.0,0.602808
671,48,5001,12879,0.388307,0.60455,0.615948,0.625995,0.974605,0.636851,0.59688,0.601683,0.986803,0.494914,0.591132,0.663006,0.845031,0.395838,0.533171,0.688898,0.70226,False,False,False,False,0.0,0.0,0.414064,2.897817,2.897817,2.897817,20.1707,19.050123,8.436744,15.469573,23.134606,23.524641,21.397286,20.1707,23.134606,18.824968,23.535775,21.920416,22.682292,20.991135,22.933892,22.90382,22.228607,19.112444,23.509208,20.018597,23.253263,21.325001,22.808526,0.0,0.390035
672,48,4097,13104,0.312653,0.542964,0.563956,0.568236,0.98682,0.550595,0.563943,0.56535,0.995607,0.468025,0.635492,0.648133,0.970222,0.394307,0.644886,0.702922,0.886502,False,False,True,False,1.0,0.0,0.345842,5.455757,11.428815,5.455757,11.207306,19.181189,1.093409,2.345293,26.101681,24.191012,39.615828,20.89773,23.712463,18.585876,24.309883,23.990887,23.085475,22.366692,23.460393,21.586853,23.322844,19.280449,24.169049,20.022373,23.948426,20.76438,23.663218,5.973058,-1.910669
673,48,9141,19071,0.479314,0.549525,0.872233,0.872233,1.0,0.55608,0.861952,0.861952,1.0,0.478895,0.810203,0.895544,0.89476,0.412459,0.722751,0.907068,0.780549,False,False,False,False,0.0,0.0,0.146022,0.481034,0.481034,0.481034,4.965868,5.05138,2.905337,6.785837,31.245261,30.947482,25.50888,4.965868,31.245261,4.929548,31.183921,4.520329,31.95839,4.543996,31.814519,6.794151,27.045128,5.031908,30.943105,5.384714,29.909914,5.95832,28.50438,0.0,-0.297779
674,48,9022,17871,0.50484,0.475631,0.643715,0.807294,0.760585,0.754295,0.669288,0.669288,1.0,0.345532,0.550873,0.87417,0.598315,0.227184,0.414882,0.944828,0.425183,False,False,False,False,0.0,0.0,0.503221,0.612461,0.612461,0.612461,11.881882,13.398655,9.118168,22.017956,26.879423,26.172301,20.496438,11.881882,26.879423,12.214846,26.763741,11.675349,26.963229,11.828345,26.974625,21.005098,22.266104,13.372719,26.189301,15.496158,25.027424,18.114941,23.646433,0.0,-0.707122
675,48,8573,19280,0.444658,0.523651,0.830833,0.839144,0.988219,0.526193,0.830611,0.837161,0.990668,0.46084,0.795721,0.870681,0.902368,0.398859,0.720224,0.885436,0.794238,False,False,True,False,1.0,0.0,0.153825,1.113944,21.689518,1.113944,23.600491,5.38664,2.016749,5.599129,18.180227,31.864369,30.552044,5.553832,31.289896,5.430421,31.596437,5.660601,30.851894,5.569035,31.094954,6.699055,30.260603,5.401688,31.834627,5.643571,31.649388,6.088573,31.080299,20.575574,13.684142
676,48,12979,22272,0.58275,0.817529,0.712819,0.712819,1.0,0.819594,0.711022,0.711022,1.0,0.752739,0.76449,0.768685,0.992912,0.6831,0.757559,0.798738,0.936282,False,False,False,False,0.0,0.0,0.567524,1.51415,1.51415,1.51415,24.023884,21.46529,19.681158,30.266481,18.546415,19.744612,15.212323,24.023884,18.546415,23.921154,18.724735,23.539898,18.624195,23.440096,18.712012,20.388704,20.100231,21.466318,19.742176,20.082621,20.425118,19.690191,20.560309,0.0,1.198197
677,48,11928,23520,0.507143,0.704124,0.719416,0.719763,0.999329,0.706293,0.717518,0.717734,0.999581,0.649107,0.773047,0.776642,0.994048,0.591327,0.760665,0.80256,0.935781,False,False,True,False,0.991891,0.0,0.399758,0.902059,82.861488,0.902059,101.341576,20.712357,12.069847,21.815449,6.742439,19.495296,16.460827,21.080986,19.088796,20.748407,19.429453,20.645428,19.17727,20.423765,19.395998,25.91527,17.477687,20.71694,19.493834,21.809971,19.116207,23.523809,18.395443,81.959429,12.752857
678,48,9679,16992,0.569621,0.826389,0.689289,0.689289,1.0,0.828272,0.687722,0.687722,1.0,0.769656,0.737308,0.738492,0.99783,0.71104,0.728847,0.759311,0.947825,False,False,False,False,0.0,0.0,0.59907,1.117781,1.117781,1.117781,26.319214,24.744051,25.131182,31.953508,18.274814,18.922273,14.853509,26.319214,18.274814,25.372972,18.606916,26.229156,18.289631,25.840582,18.429246,29.164997,17.907881,24.760305,18.917473,25.267141,18.889234,26.792713,18.528118,0.0,0.647459
679,48,2308,4144,0.55695,0.670367,0.830814,0.830814,1.0,0.671091,0.829917,0.829917,1.0,0.570946,0.804633,0.880811,0.902946,0.482625,0.737797,0.9145,0.792461,False,False,False,False,0.0,0.0,0.255447,0.674837,0.674837,0.674837,6.023252,5.954217,4.011256,7.009676,31.030526,30.69174,26.697714,6.023252,31.030526,5.954217,30.69174,6.260687,30.92037,6.127239,30.878669,8.562825,27.832241,6.052426,30.688755,6.622906,30.062971,7.507943,29.026263,0.0,-0.338786
680,48,6935,13041,0.531784,0.588759,0.731398,0.803985,0.890123,0.614447,0.752609,0.801073,0.925595,0.499118,0.698762,0.849593,0.797404,0.412928,0.640698,0.893408,0.693727,False,False,False,False,0.0,0.0,0.258598,0.87777,0.87777,0.87777,5.708868,4.972266,4.168632,7.355972,28.364735,29.837772,24.843612,5.708868,28.364735,5.582168,28.53923,5.372699,28.556881,5.30459,28.679162,5.101322,29.840385,4.967748,29.825812,4.625763,30.651354,4.667532,30.655114,0.0,1.473037
681,48,7178,19068,0.376442,0.500577,0.72794,0.738083,0.981471,0.50944,0.725787,0.731316,0.989691,0.440319,0.720504,0.776798,0.90861,0.382683,0.669358,0.795395,0.808582,False,False,True,False,0.998486,0.0,0.211943,1.222119,20.258537,1.222119,22.845964,6.810254,2.42781,8.61851,17.374019,30.739201,26.660812,7.401133,29.861431,7.096034,30.27784,8.078712,29.26834,7.820005,29.562415,8.340578,28.454061,6.845871,30.713252,7.006037,30.457518,7.490155,29.613165,19.036418,13.365182
682,48,7332,16558,0.442807,0.51691,0.83711,0.84601,0.987589,0.526452,0.832287,0.836297,0.994272,0.445162,0.785645,0.877629,0.882297,0.377099,0.697,0.893017,0.760502,False,False,True,False,0.977021,0.0,0.150878,1.3062,41.142567,1.3062,45.872566,8.353973,2.589313,8.698036,13.428228,27.768985,25.706937,8.855337,27.465831,8.460811,27.759613,9.163575,27.361717,8.865521,27.475643,10.185307,26.33366,8.366703,27.758804,8.662848,27.484621,9.28387,26.986831,39.836367,14.340757
683,48,8717,18798,0.46372,0.509203,0.910677,0.910677,1.0,0.510427,0.908494,0.908494,1.0,0.445367,0.837527,0.930363,0.893541,0.383977,0.736028,0.935993,0.775037,False,False,True,False,0.999306,0.0,0.086698,0.469861,15.230764,0.469861,14.788,5.864785,0.980789,6.572177,23.065318,33.774529,32.455821,5.900348,33.51451,5.840771,33.731776,5.774693,33.566665,5.731291,33.713794,7.168368,32.175047,5.863944,33.777603,6.12512,33.483296,6.57864,32.913333,14.760903,10.709211
684,48,7443,17856,0.416835,0.698925,0.59384,0.594792,0.997313,0.699317,0.5944,0.595019,0.998253,0.641689,0.645425,0.647059,0.996104,0.583109,0.707305,0.71043,0.99382,False,False,True,False,0.97868,0.0,0.469605,1.131886,7.183008,1.131886,7.013256,5.255363,2.715836,6.535179,28.502111,33.753402,30.609438,5.220655,33.694018,4.936406,34.03879,6.087644,32.893643,5.804425,33.253755,7.629272,31.071007,5.293744,33.72635,5.927762,33.023135,6.714094,32.095902,6.051122,5.251291
685,48,7854,15936,0.492846,0.78627,0.626816,0.626816,1.0,0.787588,0.625767,0.625767,1.0,0.735442,0.66857,0.669198,0.998599,0.682731,0.6879,0.701746,0.972116,False,False,False,False,0.0,0.0,0.581044,1.281366,1.281366,1.281366,24.108097,23.247475,17.421925,31.850521,20.752656,21.227932,17.318759,24.108097,20.752656,23.310585,21.102213,24.587343,20.562545,24.094728,20.776348,28.56608,19.779085,23.263136,21.221324,24.333843,21.001567,26.180037,20.49108,0.0,0.475276
686,48,6242,19557,0.31917,0.440558,0.59901,0.646007,0.891701,0.593547,0.537071,0.537302,0.999199,0.383034,0.61755,0.699907,0.839955,0.328885,0.576564,0.720616,0.74255,False,False,False,False,0.0,0.0,0.335111,0.574215,0.574215,0.574215,5.530279,5.768237,2.236801,8.517837,29.083431,28.849491,24.491269,5.530279,29.083431,5.451939,29.167758,5.280092,28.941322,5.24239,28.97975,8.570704,25.019385,5.763431,28.846061,6.414931,27.799551,7.368151,26.431011,0.0,-0.23394
687,48,7443,16422,0.453233,0.532883,0.823443,0.835676,0.982534,0.546584,0.813653,0.820633,0.989655,0.460967,0.778581,0.868164,0.882977,0.392766,0.694062,0.882481,0.764745,False,False,False,False,0.0,0.0,0.179196,1.19553,1.19553,1.19553,15.484214,14.480541,4.938746,13.472614,22.598184,23.46746,22.444989,15.484214,22.598184,15.252273,22.834173,15.976085,22.423679,15.710466,22.624872,15.734515,23.372631,14.514488,23.454637,14.434054,23.783252,14.874468,23.75488,0.0,0.869276
688,48,8413,19536,0.430641,0.669328,0.636634,0.639263,0.993581,0.673884,0.633831,0.635853,0.995008,0.598946,0.696954,0.706008,0.981933,0.530201,0.728294,0.763661,0.940212,False,False,False,False,0.0,0.0,0.403219,0.76673,0.76673,0.76673,9.568169,9.686042,5.692019,15.069139,25.963018,25.976004,21.133562,9.568169,25.963018,9.660922,26.031772,9.232537,26.239802,9.16118,26.328255,11.983518,24.170526,9.679979,25.972108,10.137684,25.586381,10.926701,24.954063,0.0,0.012986
689,48,6173,14756,0.418338,0.536324,0.614741,0.67766,0.868783,0.585592,0.632397,0.664159,0.929694,0.423895,0.561895,0.714788,0.724283,0.318311,0.4727,0.742815,0.565203,False,False,True,False,1.0,0.0,0.336479,1.462037,69.345177,1.462037,66.28009,21.791296,8.942406,24.766079,10.231091,19.957898,17.668515,21.73357,19.861845,21.420218,19.984313,22.225065,19.804528,21.98704,19.87183,28.777094,18.495144,21.822561,19.953279,23.430262,19.658578,25.816298,19.149861,67.88314,9.726807
690,48,9020,19280,0.467842,0.502749,0.894412,0.911483,0.97949,0.514315,0.879131,0.893405,0.982151,0.4361,0.810889,0.928164,0.865188,0.370695,0.70592,0.936057,0.741685,False,False,False,False,0.0,0.0,0.102827,0.981189,0.981189,0.981189,12.42391,11.68289,2.12898,14.018921,24.748703,25.767188,23.751174,12.42391,24.748703,12.526497,24.908421,12.255284,24.902993,12.267147,24.991669,13.270695,24.505747,11.680414,25.772003,11.6017,26.010113,12.139689,25.521069,0.0,1.018485
691,48,10956,21840,0.501648,0.716026,0.700601,0.700601,1.0,0.720879,0.695884,0.695884,1.0,0.65261,0.764471,0.766295,0.996897,0.588095,0.761397,0.800997,0.939029,False,False,False,False,0.0,0.0,0.438809,0.8273,0.8273,0.8273,17.338385,17.070221,13.860407,23.931818,22.344686,22.556701,17.806686,17.338385,22.344686,17.170835,22.456234,17.816235,22.043196,17.570677,22.201317,19.710905,21.44054,17.08452,22.552145,17.532949,22.393922,18.445267,22.003277,0.0,0.212015
692,48,7362,13230,0.556463,0.666515,0.823304,0.828533,0.992393,0.667498,0.822305,0.827426,0.992529,0.574225,0.791712,0.87008,0.897854,0.489191,0.709167,0.886897,0.779679,False,False,False,False,0.0,0.0,0.256987,2.096512,2.096512,2.096512,19.244091,17.698317,4.354181,15.690663,21.81387,22.374578,22.469796,19.244091,21.81387,18.735716,22.023109,19.262428,21.700168,18.806755,21.911523,18.491261,21.955195,17.676085,22.375677,17.181337,22.490477,17.478628,22.340088,0.0,0.560708
693,48,9655,16016,0.602835,0.674201,0.88316,0.888313,0.993475,0.674888,0.882266,0.887409,0.993475,0.594468,0.843492,0.921542,0.908752,0.518419,0.757659,0.932314,0.801761,False,False,False,False,0.0,0.0,0.191322,1.014044,1.014044,1.014044,15.950975,15.520836,3.693025,17.643742,23.381842,23.744456,22.410876,15.950975,23.381842,15.782393,23.522737,16.231693,23.302654,16.101259,23.376054,19.209356,22.187517,15.523528,23.747466,16.133368,23.55406,17.424028,22.993662,0.0,0.362614
694,48,6480,14725,0.440068,0.481494,0.764629,0.829337,0.907407,0.742615,0.590992,0.591587,0.998302,0.400883,0.718429,0.877012,0.79892,0.327538,0.625629,0.901928,0.671296,False,False,False,False,0.0,0.0,0.536931,1.6811,1.6811,1.6811,15.402212,14.396914,9.818112,21.308693,23.786817,24.444183,18.635953,15.402212,23.786817,14.958179,24.130217,15.887809,23.532263,15.585082,23.773115,16.524845,23.192045,14.442799,24.427622,14.567335,24.345377,15.28179,23.901204,0.0,0.657366
695,48,8859,18056,0.49064,0.505095,0.669204,0.790351,0.813636,0.560755,0.718165,0.783704,0.895699,0.400144,0.596268,0.831557,0.67818,0.302836,0.48821,0.859546,0.530534,False,False,True,False,0.998478,0.0,0.237686,0.914066,49.286613,0.914066,41.706512,16.41803,6.950382,19.90439,12.193148,23.381526,20.575658,17.000038,22.519929,16.90567,22.696027,17.181059,22.495635,17.122662,22.563457,19.272228,22.388549,16.433533,23.379116,16.774994,23.567684,17.707417,23.196589,48.372547,11.188378
696,48,9195,19152,0.480107,0.722744,0.644795,0.652435,0.982164,0.725459,0.648508,0.653735,0.987819,0.659305,0.690449,0.705868,0.969331,0.595708,0.715285,0.75309,0.934421,False,False,False,False,0.0,0.0,0.473034,1.037595,1.037595,1.037595,7.557005,7.037122,6.360785,15.665796,28.056049,28.987901,20.618848,7.557005,28.056049,7.440819,28.354476,7.226246,28.487633,7.081493,28.72764,9.583288,26.680098,7.038173,28.98145,7.392278,28.816354,8.295015,27.940166,0.0,0.931852
697,48,5694,13500,0.421778,0.575704,0.725968,0.72877,0.994731,0.577259,0.726668,0.728346,0.996839,0.496519,0.807406,0.826197,0.972603,0.418741,0.77491,0.876349,0.870039,False,False,True,False,1.0,0.0,0.262234,0.776668,23.924417,0.776668,36.032433,13.279007,2.059228,13.516509,13.898974,22.593744,22.49798,13.160637,22.177998,13.114331,22.259954,13.518558,22.006292,13.416111,22.066025,15.940757,22.358452,13.306111,22.584725,13.919799,22.713592,14.807751,22.636615,23.147749,8.69477
698,48,1795,3078,0.583171,0.657245,0.887296,0.887296,1.0,0.65757,0.886858,0.886858,1.0,0.547109,0.815762,0.928147,0.870752,0.433073,0.688985,0.957239,0.710864,False,False,False,False,0.0,0.0,0.178488,0.79787,0.79787,0.79787,11.472052,11.305664,2.002338,11.470009,25.04666,25.220339,24.936523,11.472052,25.04666,11.305664,25.220339,11.175673,25.420015,10.970102,25.606976,12.181987,24.497317,10.756917,25.546829,10.660353,25.515176,11.137048,25.138772,0.0,0.173679
699,48,7944,15648,0.507669,0.44421,0.742105,0.912818,0.798716,0.665325,0.763039,0.763039,1.0,0.359726,0.638262,0.939421,0.66566,0.279269,0.512962,0.955378,0.525554,False,False,True,False,1.0,0.0,0.315161,0.556507,6.902821,0.556507,7.976418,6.936304,2.41459,7.490559,27.98645,30.85407,29.424423,7.053793,30.543096,6.911799,30.80161,7.241608,30.415618,7.133098,30.585743,8.042548,29.971821,6.935381,30.858087,7.157184,30.718315,7.537429,30.410868,6.346314,2.86762
700,48,7343,15097,0.486388,0.559979,0.651197,0.736929,0.848427,0.59694,0.690614,0.741345,0.909846,0.454594,0.62689,0.79761,0.745472,0.363052,0.572532,0.851852,0.635844,False,False,False,False,0.0,0.0,0.299845,0.583011,0.583011,0.583011,16.194153,14.995551,6.631459,17.163057,23.318167,24.105685,21.663313,16.194153,23.318167,16.065958,23.484986,16.279814,23.173514,16.226248,23.257396,15.011848,23.948411,15.005266,24.100226,14.438149,24.417108,14.415361,24.361859,0.0,0.787518
701,48,11777,18528,0.635633,0.766084,0.829717,0.829717,1.0,0.76657,0.829191,0.829191,1.0,0.694354,0.889144,0.901516,0.984801,0.620196,0.833714,0.920634,0.898276,False,False,True,False,1.0,0.0,0.358614,1.100825,19.32963,1.100825,16.894682,5.734963,2.901447,7.697574,16.996876,29.106927,25.549047,6.077665,28.310401,6.043503,28.37722,6.026634,28.10928,5.976083,28.118088,6.589794,27.905698,5.729727,29.101938,5.743115,29.273711,6.053494,28.82104,18.228805,12.110051
702,48,11508,22080,0.521196,0.757382,0.684829,0.686181,0.997132,0.762862,0.680119,0.68137,0.997306,0.672011,0.721848,0.744373,0.959767,0.587591,0.72275,0.79166,0.89251,False,False,False,False,0.0,0.0,0.507094,0.772985,0.772985,0.772985,33.570297,32.298286,20.277935,32.379997,18.32387,18.752873,16.460443,33.570297,18.32387,32.603291,18.640664,34.023113,18.213951,33.325714,18.429431,37.107491,17.57952,32.31937,18.747388,33.052254,18.582011,34.685116,18.172501,0.0,0.429003
703,48,6219,15066,0.412784,0.525886,0.737773,0.757794,0.965429,0.543077,0.726325,0.740528,0.974272,0.443515,0.738679,0.820263,0.881331,0.367052,0.674124,0.855515,0.760733,False,False,False,False,0.0,0.0,0.239855,2.634226,2.634226,2.634226,21.630487,21.336388,5.29965,22.342821,22.120987,22.29559,20.551595,21.630487,22.120987,20.938789,22.347209,21.998178,22.064912,21.774616,22.137539,28.458326,19.893977,21.391327,22.282628,22.918047,21.754614,25.354666,20.903467,0.0,0.174603
704,48,7723,14670,0.526449,0.66653,0.673456,0.72029,0.911951,0.691343,0.694811,0.722146,0.948336,0.544717,0.663561,0.784382,0.811602,0.427539,0.611956,0.847098,0.687945,False,False,False,False,0.0,0.0,0.404347,0.923564,0.923564,0.923564,17.846304,18.047304,8.667482,21.641245,23.201908,23.338972,20.905284,17.846304,23.201908,17.472744,23.463537,18.556519,22.853958,18.237774,23.058364,24.393888,21.013684,18.096853,23.317961,19.691959,22.775898,21.871725,21.963288,0.0,0.137064
705,48,6533,16694,0.391338,0.531688,0.68478,0.705611,0.958671,0.550317,0.679308,0.692174,0.973366,0.456751,0.701069,0.765246,0.893158,0.387504,0.6599,0.799042,0.791214,False,False,False,False,0.0,0.0,0.276941,1.730801,1.730801,1.730801,21.513802,20.27486,6.78962,22.109394,21.775473,22.374991,19.970459,21.513802,21.775473,21.203787,21.955607,21.931986,21.759251,21.573141,21.92739,22.015919,21.864872,20.316648,22.361813,20.224655,22.489798,20.767233,22.312364,0.0,0.599518
706,48,12236,20256,0.604068,0.764415,0.790235,0.790235,1.0,0.765353,0.789267,0.789267,1.0,0.691252,0.86734,0.870376,0.995995,0.615176,0.831035,0.899527,0.916067,False,False,False,False,0.0,0.0,0.404988,1.239027,1.239027,1.239027,10.029776,9.163153,3.889983,11.511224,23.693993,24.508581,21.842044,10.029776,23.693993,9.682603,24.056569,9.427917,23.94252,9.157459,24.314062,11.080173,23.026051,9.153373,24.512519,9.288929,24.456875,9.970034,23.908342,0.0,0.814588
707,48,8715,15456,0.563859,0.779374,0.715643,0.718911,0.993689,0.781962,0.715122,0.717607,0.995181,0.709886,0.776324,0.784178,0.987263,0.638846,0.767015,0.817197,0.925875,False,False,False,False,0.0,0.0,0.505563,1.369381,1.369381,1.369381,10.44651,10.46965,10.504129,20.446854,25.101426,25.251692,18.251946,10.44651,25.101426,10.456492,25.078237,10.735704,24.882516,10.716312,24.90589,13.421802,23.649695,10.475349,25.251721,11.080436,25.025475,12.090189,24.450119,0.0,0.150266
708,48,9620,18624,0.516538,0.747691,0.686001,0.687971,0.995842,0.748711,0.68712,0.688253,0.997609,0.678694,0.745745,0.752294,0.988462,0.60959,0.739632,0.785431,0.926923,False,False,False,False,0.0,0.0,0.474123,1.102806,1.102806,1.102806,9.674047,9.307761,5.59233,12.776507,26.90518,27.514902,23.273809,9.674047,26.90518,9.501837,27.108511,9.648891,26.916001,9.43763,27.104195,10.929833,26.710823,9.311989,27.512933,9.545218,27.576467,10.095911,27.287586,0.0,0.609722
709,48,9200,16704,0.550766,0.812141,0.677795,0.677945,0.999674,0.816272,0.674366,0.674514,0.999674,0.75898,0.723899,0.724641,0.998587,0.703724,0.722565,0.747767,0.955435,False,False,True,False,1.0,0.0,0.590219,1.069341,50.319962,1.069341,55.087173,31.666847,26.003864,40.123405,9.834616,17.054379,12.97886,32.399891,16.606242,31.674095,16.988949,32.002827,16.718217,31.898804,16.862049,38.309383,15.460807,31.67634,17.053637,33.029167,16.774549,35.250759,16.210766,49.250621,7.219763
710,48,11819,20736,0.569975,0.815683,0.685714,0.691025,0.988916,0.820457,0.68549,0.689238,0.992131,0.759259,0.718499,0.731961,0.97504,0.700376,0.700032,0.746884,0.91776,False,False,False,False,0.0,0.0,0.5928,1.158536,1.158536,1.158536,34.575909,33.669796,29.828867,43.36557,16.044752,16.475286,12.768989,34.575909,16.044752,34.19215,16.282844,34.441437,16.025277,34.246071,16.134852,38.807823,15.371102,33.681248,16.471957,34.374424,16.360848,36.155907,15.97219,0.0,0.430534
711,48,10612,18720,0.56688,0.790652,0.716979,0.716979,1.0,0.792682,0.715143,0.715143,1.0,0.730182,0.770139,0.772844,0.995477,0.667521,0.746768,0.790573,0.930927,False,False,True,False,0.999753,0.0,0.5148,1.466001,38.924232,1.466001,40.962654,14.22016,14.173944,19.129099,13.581109,22.293801,17.03055,16.105761,21.370068,15.460013,21.761024,15.528898,21.506917,15.250063,21.669666,14.728138,21.679961,14.187555,22.300463,13.61798,22.479936,13.782542,22.253548,37.458231,8.712692
712,48,6069,16038,0.378414,0.444444,0.679435,0.749018,0.879717,0.709191,0.533585,0.533585,1.0,0.340005,0.594961,0.78819,0.708189,0.248472,0.470743,0.807528,0.530236,False,False,True,False,1.0,0.0,0.525329,2.197345,31.40686,2.197345,30.055803,10.524633,4.337312,8.854232,15.548632,27.700086,27.787525,11.493821,27.041686,10.780688,27.467999,12.219696,26.722842,11.832427,26.940739,13.481408,26.164503,10.572033,27.67798,11.041633,27.489005,12.048168,26.947106,29.209515,12.151454
713,48,7508,14181,0.529441,0.5757,0.826999,0.868937,0.944859,0.59347,0.831187,0.85884,0.962706,0.487483,0.762312,0.902358,0.830847,0.406177,0.660784,0.916493,0.703117,False,False,True,False,0.99985,0.0,0.176832,1.428193,42.937611,1.428193,36.164268,15.776949,6.269944,17.334976,14.371982,22.681267,19.845111,17.18487,21.861969,16.774107,22.086868,16.712706,22.152348,16.435402,22.259437,17.365255,21.678231,15.777082,22.67677,15.538181,22.80754,16.070147,22.437973,41.509418,8.309285
714,48,7087,13176,0.537872,0.6568,0.717512,0.75988,0.927896,0.67327,0.734,0.76147,0.953154,0.558515,0.735255,0.831771,0.863694,0.469945,0.713198,0.892765,0.78002,False,False,False,False,0.0,0.0,0.345048,0.646193,0.646193,0.646193,13.202953,12.309628,5.186402,14.125676,25.158332,25.885383,23.60682,13.202953,25.158332,12.836931,25.501131,13.196369,25.138367,12.942947,25.361528,13.30596,25.091861,12.307747,25.88665,12.197497,25.945805,12.533607,25.661379,0.0,0.727051
715,48,7193,13888,0.517929,0.58655,0.870154,0.876136,0.992215,0.602823,0.848794,0.853559,0.993466,0.501296,0.803874,0.906061,0.876964,0.419499,0.702275,0.921902,0.746698,False,False,False,False,0.0,0.0,0.183122,0.696589,0.696589,0.696589,28.468464,27.736874,6.640428,27.407248,19.616407,19.936769,19.130542,28.468464,19.616407,27.419668,20.012405,28.297558,19.707952,27.71945,19.914732,33.485378,18.323102,27.750219,19.933911,28.952036,19.585524,30.897909,19.024077,0.0,0.320362
716,48,5405,12555,0.430506,0.68419,0.596145,0.608498,0.967068,0.704182,0.59031,0.598122,0.978353,0.569574,0.603371,0.660747,0.874191,0.46826,0.582165,0.706243,0.768178,False,False,False,False,0.0,0.0,0.494685,1.970629,1.970629,1.970629,23.409559,22.577984,11.735664,23.256245,21.173901,21.500424,19.058689,23.409559,21.173901,22.392599,21.471255,24.479618,20.886443,23.746161,21.105463,27.378969,20.262622,22.624298,21.489212,23.573851,21.266148,25.221029,20.840055,0.0,0.326523
717,48,8043,15128,0.531663,0.553014,0.923456,0.941669,0.979485,0.566962,0.909686,0.92305,0.984334,0.473427,0.832369,0.964395,0.858759,0.398665,0.713625,0.971812,0.728708,False,False,False,False,0.0,0.0,0.093013,0.701341,0.701341,0.701341,17.729246,17.271832,3.136486,19.374611,22.077186,22.435421,20.974622,17.729246,22.077186,17.676697,22.209342,17.472792,22.102196,17.528326,22.137188,19.773634,21.295429,17.278793,22.430059,17.518215,22.327754,18.362511,21.924149,0.0,0.358235
718,48,7344,17010,0.431746,0.518812,0.795359,0.811671,0.975354,0.540682,0.777455,0.78667,0.985158,0.442622,0.762621,0.854695,0.876225,0.37231,0.68353,0.876836,0.756127,False,False,True,False,1.0,0.0,0.201738,1.145355,60.119076,1.145355,64.576431,13.981936,4.627388,16.809095,10.301107,24.413242,20.944223,15.069853,23.575677,14.913807,23.725671,15.769063,23.033405,15.768064,23.071964,15.344136,23.599462,13.991739,24.409568,13.717865,24.637102,14.179603,24.33569,58.973721,14.112135
719,48,6062,13338,0.454491,0.614485,0.713908,0.724622,0.97971,0.621308,0.715772,0.722336,0.987463,0.52924,0.774067,0.811021,0.944408,0.448493,0.741469,0.857238,0.845925,False,False,True,False,0.999863,0.0,0.312397,0.791552,26.478834,0.791552,28.580061,7.920488,3.844054,14.936874,15.484916,26.805315,20.537849,7.675189,27.062291,7.771198,27.172953,7.892115,26.455162,7.926372,26.485768,10.875619,23.242418,7.906631,26.799856,8.596778,25.820323,9.598758,24.558553,25.687282,11.320399
720,48,8834,17686,0.499491,0.553036,0.90318,0.90318,1.0,0.564005,0.885614,0.885614,1.0,0.482698,0.830453,0.923158,0.892121,0.414622,0.733169,0.932633,0.774168,False,False,True,False,1.0,0.0,0.128897,0.819589,20.472473,0.819589,26.673044,8.744887,2.213737,13.430647,15.468547,26.591278,22.938647,8.090786,26.688305,8.207079,26.639842,7.897894,26.68103,7.999736,26.588578,13.346955,24.146981,8.717644,26.602388,9.966757,26.069819,11.5466,25.191273,19.652884,11.122731
721,48,9600,21312,0.45045,0.730246,0.616848,0.616848,1.0,0.73217,0.615227,0.615227,1.0,0.671828,0.669902,0.670135,0.999479,0.610454,0.720569,0.727825,0.986354,False,False,True,False,0.999317,0.0,0.510673,1.337802,20.756603,1.337802,30.041632,16.210938,9.474983,21.496216,15.970867,23.224822,19.228612,17.097431,22.713798,16.83198,22.775432,17.615938,22.577559,17.359791,22.624846,18.235729,22.514211,16.251736,23.2108,16.362257,23.31474,17.013611,23.064223,19.418801,7.253955
722,48,7240,15104,0.479343,0.813626,0.535419,0.554154,0.940608,0.832362,0.543832,0.555122,0.96395,0.70339,0.557998,0.602221,0.883702,0.602357,0.566743,0.649593,0.816298,False,False,False,False,0.0,0.0,0.70969,0.607791,0.607791,0.607791,16.45953,15.775092,14.748729,17.448158,24.0927,24.60509,20.207672,16.45953,24.0927,15.91837,24.421563,16.5721,24.047548,16.211142,24.247459,18.728361,23.087121,15.774493,24.601909,16.259163,24.39577,17.265148,23.855031,0.0,0.51239
723,48,7365,14570,0.505491,0.529787,0.936577,0.945071,0.990496,0.540494,0.919154,0.926857,0.991039,0.454015,0.839958,0.964777,0.866531,0.379684,0.713432,0.970716,0.729124,False,False,False,False,0.0,0.0,0.079667,0.704418,0.704418,0.704418,4.943697,4.757004,0.943234,5.463453,33.149162,33.647076,32.474964,4.943697,33.149162,4.882371,33.376415,4.631727,33.51045,4.527902,33.755075,5.767866,32.320115,4.736954,33.675011,4.83322,33.568331,5.188052,33.073899,0.0,0.497914
724,48,7744,16422,0.471563,0.576726,0.757888,0.783655,0.958419,0.586165,0.766321,0.78288,0.97314,0.500487,0.736808,0.823945,0.874483,0.426806,0.668891,0.84363,0.763559,False,False,True,False,1.0,0.0,0.23911,1.603595,44.776291,1.603595,45.894886,13.575026,3.692441,18.180096,12.433466,23.514535,21.030455,12.827479,23.691486,12.504175,23.87117,13.203728,23.581526,13.026128,23.645379,21.910124,19.784196,13.587337,23.507556,15.81504,22.482209,18.64566,21.15664,43.172696,11.081069
725,48,11090,19344,0.573304,0.803919,0.708633,0.710501,0.996303,0.806452,0.708269,0.709359,0.997836,0.736869,0.760856,0.768276,0.987466,0.66739,0.752848,0.798451,0.929486,False,False,False,False,0.0,0.0,0.547371,1.116873,1.116873,1.116873,16.644184,16.504328,15.487642,21.23144,19.768618,20.140673,15.73009,16.644184,19.768618,16.607334,19.930103,16.120319,19.876188,16.333033,19.86442,18.791735,19.22474,16.478359,20.139248,16.844275,20.076562,17.579081,19.754054,0.0,0.372055
726,48,5891,13916,0.423326,0.56029,0.717871,0.733615,0.970973,0.564243,0.724774,0.735481,0.980309,0.486922,0.784839,0.822019,0.94551,0.414343,0.75822,0.871835,0.853336,False,False,True,False,0.841495,0.0,0.229034,0.308702,2.073063,0.308702,2.654501,2.847281,0.820935,3.671986,34.180336,35.970122,33.641378,2.949924,36.107547,2.922198,36.134016,2.813501,35.992947,2.751202,35.952801,3.375545,34.664283,2.833645,35.957799,2.884796,35.6352,3.051604,35.198847,1.764361,1.789786
727,48,5553,13543,0.410027,0.462896,0.721316,0.790238,0.89213,0.689064,0.595049,0.595049,1.0,0.378277,0.64804,0.819442,0.755988,0.299417,0.550678,0.84143,0.614443,False,False,True,False,1.0,0.0,0.469837,1.901877,56.485939,1.901877,71.805511,18.245153,6.650438,23.384836,9.403918,21.230231,18.18248,19.575365,20.432177,18.994478,20.739704,20.2637,20.36235,20.031155,20.395266,21.063389,21.008163,18.287111,21.221806,18.576084,21.44763,19.535686,21.371212,54.584062,11.826313
728,48,8744,15504,0.563983,0.77509,0.727636,0.727636,1.0,0.775348,0.727394,0.727394,1.0,0.723878,0.778956,0.779025,0.999886,0.67015,0.779245,0.806545,0.958371,False,False,False,False,0.0,0.0,0.480473,1.278649,1.278649,1.278649,8.971333,8.009111,5.885799,13.579254,27.869704,28.781938,24.198562,8.971333,27.869704,8.467406,28.381286,9.499428,27.29544,9.102051,27.64492,10.560842,26.577764,8.028477,28.763731,8.311757,28.495962,9.189768,27.690452,0.0,0.912234
729,48,10563,20016,0.527728,0.689448,0.739345,0.750435,0.980403,0.696693,0.743349,0.749373,0.989302,0.619604,0.780371,0.811643,0.952949,0.548062,0.7399,0.834731,0.866894,False,False,False,False,0.0,0.0,0.368454,1.128813,1.128813,1.128813,13.425983,13.21913,6.900102,20.823093,22.98631,23.398246,19.475192,13.425983,22.98631,13.391997,23.146458,13.508852,22.872307,13.457446,22.964732,15.551011,22.160931,13.214144,23.399337,13.598977,23.291438,14.354256,22.847509,0.0,0.411936
730,48,6972,14663,0.475483,0.516197,0.662399,0.765491,0.831038,0.558549,0.697112,0.76044,0.893287,0.414376,0.597845,0.803489,0.700229,0.318693,0.508224,0.839718,0.562823,False,False,False,False,0.0,0.0,0.254973,1.126295,1.126295,1.126295,25.790783,29.720884,12.542583,42.312107,18.568536,18.10038,14.24716,25.790783,18.568536,26.660738,18.518173,26.103222,18.418557,26.856665,18.328296,43.555889,15.252039,29.750143,18.093448,33.910213,17.299382,38.534565,16.308337,0.0,-0.468156
731,48,7741,16490,0.469436,0.56507,0.674914,0.737712,0.887999,0.60188,0.698654,0.732091,0.938638,0.470467,0.667276,0.799562,0.801318,0.387386,0.626079,0.851597,0.702752,False,False,False,False,0.0,0.0,0.30152,0.813502,0.813502,0.813502,12.710072,12.67093,6.419667,17.692503,24.788928,25.009279,20.919009,12.710072,24.788928,12.539293,24.939681,12.712398,24.924964,12.577918,25.072181,17.072342,23.100531,12.68049,25.007009,13.606511,24.657613,15.134995,23.976513,0.0,0.220351
732,48,6819,13230,0.51542,0.566818,0.746098,0.815842,0.897199,0.586243,0.77441,0.820139,0.932835,0.490401,0.723705,0.861128,0.819328,0.415646,0.675918,0.903437,0.728553,False,False,True,False,1.0,0.0,0.191546,0.476993,6.214735,0.476993,5.660018,2.208046,4.230905,9.446253,29.138817,37.524863,20.453655,2.967737,35.162687,2.642714,36.250299,2.474899,35.693014,2.274771,36.37162,1.9628,37.066533,2.159603,37.591757,1.862785,38.350528,1.769077,38.130191,5.737742,8.386046
733,48,8248,16762,0.492065,0.544446,0.698504,0.782928,0.866271,0.572605,0.739037,0.790165,0.919496,0.468023,0.669225,0.822435,0.78225,0.394822,0.624877,0.863856,0.693138,False,False,True,False,1.0,0.0,0.210007,0.447537,65.459045,0.447537,67.82933,7.941117,3.639183,11.915737,10.246754,25.873121,23.142018,7.684893,25.660624,7.850832,25.79395,7.560419,25.926737,7.756143,25.822502,10.568057,24.362387,7.964314,25.872871,8.571371,25.618103,9.438894,25.087098,65.011508,15.626367
734,48,7318,15004,0.487737,0.537257,0.840474,0.871232,0.959688,0.558784,0.827727,0.848163,0.971714,0.454545,0.772345,0.903372,0.841897,0.376033,0.670318,0.921836,0.710713,False,False,False,False,0.0,0.0,0.165366,1.142727,1.142727,1.142727,22.402569,22.689898,7.297424,26.80327,20.595196,20.816254,18.146539,22.402569,20.595196,22.068598,20.852183,22.737268,20.565509,22.817619,20.57895,30.344357,18.310392,22.72365,20.807971,24.493031,20.260071,27.08823,19.367234,0.0,0.221058
735,48,9246,18336,0.504254,0.705443,0.700475,0.706378,0.988211,0.708824,0.703009,0.706471,0.993078,0.638253,0.750564,0.767496,0.971447,0.567954,0.740747,0.803342,0.904824,False,False,True,False,0.99945,0.0,0.39538,0.841621,63.801868,0.841621,82.699944,5.69594,5.846975,15.2794,8.321702,28.830114,19.321314,6.78625,26.915831,6.4885,27.459888,6.913728,26.912413,6.797786,27.137404,7.382616,27.526113,5.710722,28.820861,5.690857,29.406338,6.327889,28.866922,62.960247,20.508412
736,48,8740,15744,0.555132,0.749428,0.740741,0.740741,1.0,0.750762,0.739425,0.739425,1.0,0.678925,0.816643,0.817102,0.999314,0.606707,0.800571,0.851445,0.930549,False,False,False,False,0.0,0.0,0.438607,1.088093,1.088093,1.088093,10.692754,9.576087,6.291833,12.679214,25.170151,26.246964,22.985222,10.692754,25.170151,10.394012,25.58052,10.54508,25.140968,10.345042,25.365282,10.019566,25.945277,9.580053,26.23998,9.247598,26.553693,9.380435,26.447759,0.0,1.076813
737,48,11750,20976,0.560164,0.771358,0.725565,0.725834,0.999489,0.776506,0.720756,0.721022,0.999489,0.702231,0.791004,0.793958,0.995319,0.630578,0.788799,0.832691,0.937362,False,False,False,False,0.0,0.0,0.490679,1.155575,1.155575,1.155575,28.963461,28.170467,15.113158,35.651318,17.945725,18.367993,15.531343,28.963461,17.945725,28.556028,18.206312,29.136086,17.867955,28.815744,18.048198,33.729389,17.042969,28.186184,18.365882,29.128965,18.193307,31.057873,17.723491,0.0,0.422268
738,48,6047,12582,0.480607,0.757511,0.564999,0.590074,0.930048,0.780321,0.576098,0.59065,0.958988,0.613416,0.583094,0.656906,0.838432,0.48625,0.566443,0.719026,0.727468,False,False,False,False,0.0,0.0,0.612854,1.530528,1.530528,1.530528,21.747147,20.190231,12.685081,18.357862,22.210346,22.936382,21.341261,21.747147,22.210346,20.378204,22.799498,22.308969,21.973952,21.591589,22.271084,23.486853,21.688691,20.235655,22.920482,20.744446,22.74993,21.854307,22.315128,0.0,0.726036
739,48,11772,19968,0.589543,0.759966,0.77575,0.77575,1.0,0.760767,0.774933,0.774933,1.0,0.686448,0.857747,0.858248,0.99932,0.610978,0.833002,0.892951,0.925416,False,False,False,False,0.0,0.0,0.416789,1.026314,1.026314,1.026314,14.050261,13.656869,6.009273,14.704015,25.18398,25.427859,23.844689,14.050261,25.18398,13.65231,25.450712,14.41208,24.925661,13.887671,25.26331,15.813342,24.064976,13.651235,25.427661,14.028458,25.157407,14.765545,24.682884,0.0,0.243879
740,48,5675,17045,0.332942,0.425227,0.705106,0.737307,0.941674,0.678263,0.490874,0.490874,1.0,0.317395,0.604429,0.771904,0.735859,0.21496,0.444324,0.784116,0.506256,False,False,True,False,0.526121,0.0,0.42445,0.693374,12.649693,0.693374,20.902321,7.660264,4.784638,11.601468,17.110378,27.90018,22.930211,8.449339,26.686456,8.523407,26.596728,8.155242,26.713536,8.264729,26.588007,7.118238,29.165405,7.672952,27.886297,6.988781,28.942698,6.781146,29.441224,11.956319,10.789802
741,48,10256,17520,0.585388,0.796005,0.734165,0.734691,0.999025,0.800171,0.730714,0.731079,0.999317,0.728253,0.794962,0.798887,0.993857,0.658562,0.7736,0.823886,0.926872,False,False,False,False,0.0,0.0,0.518722,1.146981,1.146981,1.146981,25.289976,24.950371,19.976734,32.225235,18.951435,19.365988,15.263071,25.289976,18.951435,24.958885,19.212703,25.320105,18.929302,24.744442,19.157764,30.53533,17.953532,24.966848,19.361549,26.002632,19.16485,27.896906,18.664887,0.0,0.414553
742,48,7397,15190,0.486965,0.767808,0.594445,0.609277,0.96066,0.778012,0.601784,0.610848,0.975936,0.663134,0.635308,0.673781,0.917534,0.568664,0.657878,0.736629,0.860214,False,False,True,False,1.0,0.0,0.578853,0.355105,7.641473,0.355105,7.832004,7.19936,5.026349,7.719526,28.360214,31.417673,28.917929,7.412555,30.978941,7.266459,31.209437,7.566942,30.719258,7.481006,30.868358,8.523095,30.103116,7.199135,31.423676,7.406201,31.277833,7.860214,30.812181,7.286368,3.057459
743,48,9040,16560,0.545894,0.689432,0.791802,0.791802,1.0,0.694203,0.78636,0.78636,1.0,0.620954,0.876931,0.877954,0.998673,0.551872,0.83441,0.904804,0.914712,False,False,False,False,0.0,0.0,0.326463,0.915824,0.915824,0.915824,15.832191,15.337168,5.132713,17.502581,24.343755,24.673634,22.95861,15.832191,24.343755,15.76003,24.444923,15.514307,24.46425,15.447603,24.537283,16.669138,23.941331,15.3368,24.670669,15.379167,24.653776,15.836689,24.400003,0.0,0.329879
744,48,12569,21744,0.578045,0.760808,0.759778,0.759778,1.0,0.766142,0.754487,0.754487,1.0,0.691731,0.828114,0.831527,0.995067,0.621505,0.7992,0.857333,0.921792,False,False,False,False,0.0,0.0,0.445777,1.309428,1.309428,1.309428,22.173363,21.346779,13.408283,25.665129,19.615209,19.96075,17.036434,22.173363,19.615209,21.88331,19.724427,21.950964,19.676819,21.810459,19.742395,24.472937,19.051957,21.341078,19.96159,21.686636,19.915537,22.768372,19.594073,0.0,0.345541
745,48,6774,13717,0.49384,0.630969,0.718917,0.745581,0.952613,0.638697,0.7288,0.747517,0.966785,0.553036,0.743988,0.80754,0.90434,0.479041,0.740123,0.863795,0.83791,False,False,True,False,0.999568,0.0,0.314417,0.511306,19.992558,0.511306,18.535479,8.206525,4.418695,10.74535,21.285556,29.347653,25.522374,9.239002,28.100713,8.80499,28.663402,9.191861,28.159323,8.951284,28.452296,9.004429,28.548851,8.206574,29.351877,8.000098,29.580164,8.241167,29.281137,19.481252,8.062097
746,48,8225,18384,0.4474,0.714317,0.614774,0.619175,0.988571,0.716112,0.617269,0.620129,0.992584,0.6547,0.663328,0.671319,0.982371,0.594321,0.697633,0.7203,0.956839,False,False,False,False,0.0,0.0,0.479181,0.881484,0.881484,0.881484,10.403566,10.285552,9.644749,18.994772,26.229819,26.495415,19.583951,10.403566,26.229819,10.312989,26.363274,10.748126,25.982938,10.60004,26.032818,13.273273,24.712255,10.294509,26.487042,10.88154,26.191706,11.914408,25.557325,0.0,0.265596
747,48,7587,15744,0.481898,0.720147,0.646941,0.655671,0.979834,0.726626,0.647217,0.653497,0.98537,0.649771,0.696534,0.715054,0.964149,0.578951,0.717606,0.765551,0.919731,False,False,True,False,1.0,0.0,0.478975,0.940501,39.407707,0.940501,58.722111,12.694433,11.689673,21.224243,9.438624,22.952818,16.798901,13.617548,22.282649,13.617284,22.528975,13.334168,22.314945,13.24085,22.474164,14.477263,21.15517,12.69641,22.945831,12.707877,22.798403,13.275998,22.137724,38.467206,13.514194
748,48,11060,21600,0.512037,0.76037,0.67259,0.672918,0.999277,0.766759,0.66719,0.667431,0.999458,0.695556,0.724106,0.729167,0.990506,0.628056,0.709783,0.753575,0.924322,False,False,False,False,0.0,0.0,0.51167,1.140481,1.140481,1.140481,20.686829,21.179657,19.635706,33.014286,19.159848,19.526672,14.045686,20.686829,19.159848,20.978632,19.163817,20.326914,19.302385,20.787222,19.158928,26.403616,18.344297,21.173477,19.527029,22.363834,19.48992,24.110338,19.061207,0.0,0.366824
749,48,5259,14036,0.374679,0.586706,0.577323,0.599757,0.939152,0.617697,0.573898,0.585813,0.965773,0.448205,0.576146,0.671117,0.802814,0.33122,0.523136,0.731985,0.647081,False,False,False,False,0.0,0.0,0.404238,3.295127,3.295127,3.295127,18.856501,17.101351,4.904447,8.035368,23.525661,24.071987,25.691236,18.856501,23.525661,17.116117,24.052255,20.804779,23.003879,19.715471,23.325249,19.145845,23.299225,17.171009,24.051396,17.511503,23.915732,18.141218,23.659257,0.0,0.546326
750,48,9462,17280,0.547569,0.73912,0.740839,0.740839,1.0,0.739294,0.740665,0.740665,1.0,0.66875,0.809245,0.813517,0.993553,0.596586,0.760709,0.828596,0.902769,False,False,True,False,1.0,0.0,0.395881,2.024132,3.539609,2.024132,3.814063,8.667547,1.79172,4.03382,34.337084,29.070422,35.103384,10.722468,27.503069,10.176637,27.997166,9.865602,27.85115,9.64877,28.068822,5.793243,30.987983,8.587966,29.120766,7.158176,30.125229,6.081695,30.813491,1.515477,-5.266662
751,48,7393,15252,0.484723,0.607658,0.714095,0.748921,0.938861,0.617886,0.729788,0.752865,0.959692,0.5278,0.738881,0.815155,0.887596,0.452662,0.73255,0.875579,0.817665,False,False,False,False,0.0,0.0,0.291513,0.364508,0.364508,0.364508,9.246855,8.863204,3.144633,9.487894,28.19138,28.825477,27.241829,9.246855,28.19138,9.055278,28.457016,9.163037,28.278986,9.050002,28.452063,10.037964,27.860305,8.855224,28.834433,8.985888,28.848176,9.373507,28.498838,0.0,0.634097
752,48,9555,18864,0.50652,0.770515,0.640003,0.646784,0.983883,0.779368,0.638212,0.64277,0.989011,0.71109,0.677917,0.691815,0.971219,0.649968,0.665979,0.71128,0.912716,False,False,False,False,0.0,0.0,0.563218,1.205393,1.205393,1.205393,36.183674,35.381092,39.328785,50.222363,16.462172,16.778744,11.273359,36.183674,16.462172,35.790791,16.635018,35.308285,16.63108,35.867119,16.575641,43.3498,15.066926,35.398781,16.773642,36.788731,16.50455,39.496494,15.895018,0.0,0.316572
753,48,4271,13978,0.305552,0.471956,0.611268,0.624981,0.965348,0.645657,0.473241,0.473241,1.0,0.399413,0.686751,0.71861,0.939358,0.329589,0.676993,0.777947,0.839148,False,False,True,False,0.998558,0.0,0.465025,1.515092,7.960372,1.515092,11.119098,6.808476,1.986848,4.96207,21.764012,31.333088,29.278838,7.28635,30.880679,6.574729,31.30265,8.86623,30.180747,8.426832,30.413961,8.67533,29.97879,6.893858,31.295198,7.3626,31.044863,7.946148,30.587244,6.44528,9.569076
754,48,9426,16560,0.569203,0.747403,0.761574,0.761574,1.0,0.747464,0.761512,0.761512,1.0,0.683394,0.823721,0.82787,0.993953,0.616848,0.78279,0.844249,0.914916,False,False,True,False,0.58901,0.0,0.31427,0.734651,18.553499,0.734651,25.336233,7.23764,3.530464,8.714407,15.819773,25.732883,23.651443,8.448865,24.80111,8.043815,25.155914,8.030695,25.245515,7.753872,25.471841,7.051418,26.217398,7.232513,25.744692,6.840158,26.152412,6.691987,26.319941,17.818848,9.91311
755,48,10510,19824,0.530165,0.692696,0.765366,0.765366,1.0,0.695571,0.762202,0.762202,1.0,0.628279,0.842802,0.843276,0.999334,0.562702,0.8235,0.877095,0.930923,False,False,True,False,0.999141,0.0,0.347434,0.794467,29.392958,0.794467,36.268856,7.898827,5.086715,10.420647,15.637932,28.565355,23.663139,8.957469,27.21774,8.701808,27.579551,8.74326,27.144037,8.663971,27.341873,7.830543,28.77565,7.890739,28.561725,7.435775,29.191359,7.391119,29.273896,28.598491,12.927423
756,48,6140,14663,0.418741,0.518857,0.766414,0.784043,0.971498,0.529973,0.769397,0.778407,0.985179,0.442474,0.753645,0.836467,0.883876,0.370456,0.676615,0.85972,0.760586,False,False,True,False,1.0,0.0,0.19946,1.978177,35.231415,1.978177,34.066177,14.785667,3.127694,13.085722,14.437682,22.051461,20.979331,16.060804,21.422901,15.504886,21.588242,16.613897,21.289485,16.429207,21.28435,14.514604,22.513905,14.827415,22.042656,14.41949,22.368352,14.302172,22.532808,33.253238,7.613779
757,48,6961,14094,0.493898,0.461686,0.684974,0.841402,0.786525,0.719171,0.68676,0.68676,1.0,0.368171,0.612261,0.889189,0.662836,0.285157,0.515737,0.929584,0.536704,False,False,False,False,0.0,0.0,0.444834,0.765737,0.765737,0.765737,11.975626,11.807882,6.461096,17.42264,26.330477,26.654002,21.805061,11.975626,26.330477,12.035292,26.36638,12.425992,25.855555,12.363405,25.959602,13.779007,25.391383,11.808504,26.654396,12.118757,26.557568,12.794474,26.104266,0.0,0.323525
758,48,11201,19632,0.570548,0.756978,0.753718,0.753718,1.0,0.757182,0.753515,0.753515,1.0,0.706245,0.805257,0.806419,0.998214,0.653219,0.789039,0.826263,0.945987,False,False,False,False,0.0,0.0,0.432452,0.706243,0.706243,0.706243,11.237002,11.295539,11.235164,20.846531,23.118904,23.420145,17.618501,11.237002,23.118904,11.233937,23.230092,11.009731,23.115312,10.912538,23.204992,14.30905,22.265638,11.297741,23.414106,11.968217,23.290284,13.0025,22.884953,0.0,0.301241
759,48,5956,17604,0.338332,0.372643,0.788,0.840854,0.926125,0.625767,0.540668,0.540668,1.0,0.274483,0.606074,0.842508,0.683512,0.17763,0.376838,0.795011,0.417394,False,False,True,False,0.999227,0.0,0.324777,0.569196,30.212225,0.569196,28.315369,2.714629,1.189503,3.024905,17.144824,36.416615,35.348963,2.936143,35.890842,2.726438,36.447162,2.908664,35.282128,2.78274,35.603499,2.998265,34.69556,2.719387,36.391644,2.612548,36.072773,2.714406,35.463494,29.643029,19.271791
760,48,7534,14490,0.519945,0.558868,0.704317,0.797728,0.857446,0.587647,0.745215,0.804815,0.90961,0.454589,0.673303,0.862608,0.754181,0.36432,0.603429,0.913431,0.640032,False,False,True,False,0.998706,0.0,0.23893,0.787186,7.613284,0.787186,6.835413,6.506858,3.764472,8.584595,28.044614,32.416571,26.999473,6.523715,32.334619,6.429785,32.521994,6.310459,32.421745,6.224405,32.583556,7.740156,30.859078,6.486506,32.432737,6.731971,32.085962,7.162419,31.538361,6.826098,4.371957
761,48,6271,14430,0.434581,0.614414,0.603496,0.642567,0.908468,0.644352,0.615377,0.637879,0.945782,0.517048,0.576398,0.672966,0.80067,0.426334,0.52523,0.695384,0.682188,False,False,False,False,0.0,0.0,0.410222,1.878212,1.878212,1.878212,21.856907,20.490511,14.469993,24.80051,20.772151,21.615506,17.02652,21.856907,20.772151,21.244141,21.051409,23.09403,20.540403,22.832296,20.658663,24.699728,20.773025,20.52586,21.609357,21.091106,21.754871,22.556265,21.447783,0.0,0.843355
762,48,8419,14916,0.564427,0.672969,0.786911,0.809723,0.965435,0.680209,0.795802,0.810861,0.977194,0.587758,0.763028,0.848409,0.883478,0.508246,0.698874,0.868223,0.781803,False,False,False,False,0.0,0.0,0.294751,0.862706,0.862706,0.862706,7.999881,7.751989,10.49746,17.79574,26.733921,27.245148,17.858021,7.999881,26.733921,8.178367,26.652412,7.939858,26.671804,8.052777,26.528944,8.602249,25.881218,7.752029,27.238051,7.680009,27.285701,7.931148,26.781092,0.0,0.511227
763,48,9413,16368,0.575086,0.737903,0.779351,0.779351,1.0,0.741752,0.775307,0.775307,1.0,0.668683,0.851906,0.855642,0.994901,0.598851,0.820119,0.883289,0.919792,False,False,False,False,0.0,0.0,0.391373,1.062497,1.062497,1.062497,13.093523,12.361981,5.684256,15.907539,24.099231,24.644984,21.650476,13.093523,24.099231,12.896278,24.222603,13.12334,24.079122,12.900882,24.229796,13.674351,24.067018,12.355466,24.646148,12.329083,24.767869,12.786643,24.561467,0.0,0.545753
764,48,10292,17232,0.597261,0.805536,0.741445,0.741445,1.0,0.805536,0.741445,0.741445,1.0,0.737697,0.803245,0.806089,0.995628,0.666783,0.790694,0.837076,0.934512,False,False,True,False,0.996974,0.0,0.51268,1.300048,58.026947,1.300048,63.051884,12.50936,8.792315,17.449217,10.985201,25.149872,21.153005,13.415468,24.381753,13.073034,24.666706,13.675346,24.221324,13.405687,24.405974,14.879519,23.743957,12.519756,25.146391,12.69873,25.122929,13.534557,24.607039,56.726899,14.164671
765,48,7197,15456,0.465644,0.544513,0.849882,0.852305,0.996665,0.554736,0.835758,0.837415,0.997638,0.464868,0.800676,0.890049,0.888565,0.389428,0.706832,0.909287,0.760456,False,False,False,False,0.0,0.0,0.168422,1.422448,1.422448,1.422448,22.883747,18.235561,3.989183,15.337687,19.950844,22.34908,22.782624,22.883747,19.950844,22.432589,20.330815,22.267426,20.11088,22.17271,20.268865,9.3413,27.034917,18.286369,22.333792,14.516373,24.574643,11.323376,26.575967,0.0,2.398236
766,48,8595,17808,0.482648,0.726584,0.65379,0.657933,0.99046,0.727594,0.655172,0.658409,0.992554,0.662904,0.704545,0.714274,0.981035,0.598888,0.722257,0.757337,0.939732,False,False,True,False,0.999457,0.0,0.450342,0.984876,13.633851,0.984876,14.320497,8.748032,4.618329,10.555052,23.465692,29.235587,26.100707,8.786116,29.180687,8.598681,29.413293,8.807717,28.976925,8.659996,29.145036,10.567229,27.453124,8.755866,29.222421,9.106845,28.788538,9.71592,28.174767,12.648975,5.769895
767,48,6059,13311,0.455187,0.635339,0.704356,0.709353,0.990097,0.636541,0.706235,0.709902,0.992738,0.553076,0.779266,0.798424,0.970127,0.475021,0.771895,0.853076,0.890246,False,False,True,False,1.0,0.0,0.321153,0.880952,16.588297,0.880952,17.346317,3.857567,1.269443,4.531606,22.348241,33.815603,33.094846,4.061451,33.410397,3.827859,33.930605,4.459592,32.668021,4.232437,32.985333,5.105738,31.868508,3.859273,33.790258,4.110964,33.343962,4.539363,32.66906,15.707345,11.467362
768,48,8890,20286,0.438233,0.480381,0.563208,0.688969,0.755231,0.772799,0.567073,0.567073,1.0,0.349699,0.473451,0.723992,0.577728,0.226117,0.343937,0.751908,0.387964,False,False,True,False,0.988417,0.0,0.59284,0.913771,36.8904,0.913771,29.809149,15.400075,17.098747,19.623735,14.298704,23.60489,17.903445,14.829396,23.355871,14.752981,23.532664,14.95328,23.283298,14.86243,23.391109,22.761417,21.297972,15.418898,23.5984,17.282677,23.15012,19.803038,22.32234,35.976629,9.306186
769,48,8033,18696,0.429664,0.623449,0.687725,0.688315,0.998755,0.647358,0.662758,0.663141,0.999129,0.524872,0.700591,0.74921,0.915225,0.438864,0.67092,0.794637,0.811652,False,False,False,False,0.0,0.0,0.38235,1.104536,1.104536,1.104536,38.210464,36.360554,19.118166,36.667622,17.906065,18.421059,15.869517,38.210464,17.906065,36.431927,18.36784,38.214573,17.883938,36.912983,18.228754,43.916759,16.791646,36.364372,18.41952,37.701439,18.127201,40.28632,17.551387,0.0,0.514994
770,48,8782,16236,0.540897,0.567874,0.636099,0.759111,0.796971,0.605322,0.69105,0.77381,0.865976,0.502033,0.605632,0.783585,0.727283,0.438532,0.550658,0.793118,0.64302,False,False,True,False,0.552321,0.0,0.281191,0.574457,7.649047,0.574457,11.499013,7.294807,5.924246,37.333218,19.576944,25.129989,14.204249,6.774919,25.530128,6.91604,25.416809,6.473924,25.237369,6.490511,25.216747,9.056517,23.271852,7.283079,25.121623,7.632316,24.629077,8.226335,23.992067,7.07459,5.553045
771,48,7636,14973,0.509985,0.564616,0.685876,0.774308,0.857255,0.602885,0.725484,0.776116,0.917496,0.454017,0.660035,0.844219,0.751572,0.357577,0.590547,0.900822,0.631613,False,False,False,False,0.0,0.0,0.275453,0.750216,0.750216,0.750216,20.337873,20.004845,7.419518,22.562031,22.334667,22.663133,20.610465,20.337873,22.334667,20.06967,22.570557,20.189192,22.379516,19.980967,22.533053,23.412388,21.317071,20.013445,22.661441,20.602541,22.447973,21.757771,21.974431,0.0,0.328466
772,48,5547,13338,0.415879,0.492653,0.761593,0.797291,0.944474,0.730994,0.568762,0.568821,0.99982,0.415055,0.750592,0.858382,0.856679,0.341131,0.670306,0.890549,0.730485,False,False,False,False,0.0,0.0,0.530869,1.919651,1.919651,1.919651,11.552371,10.610781,5.510632,19.231056,26.124173,26.672363,20.390017,11.552371,26.124173,11.161108,26.328531,12.94772,25.620203,12.585361,25.810985,11.614266,25.92521,10.658494,26.654619,10.555796,26.687577,10.856979,26.42933,0.0,0.54819
773,48,10679,19248,0.554811,0.803512,0.690482,0.690482,1.0,0.804967,0.689235,0.689235,1.0,0.746883,0.741261,0.741931,0.998783,0.690357,0.751462,0.773856,0.962918,False,False,False,False,0.0,0.0,0.561442,0.868129,0.868129,0.868129,23.461842,22.142742,15.776248,23.687174,20.384336,21.012038,18.69231,23.461842,20.384336,22.805693,20.663921,23.86525,20.170306,23.423199,20.376894,25.073103,20.120999,22.16687,21.003382,22.373068,21.017656,23.367138,20.70131,0.0,0.627702
774,48,9009,17040,0.528697,0.748826,0.684907,0.693495,0.98224,0.754636,0.685005,0.691345,0.986791,0.698005,0.72027,0.735833,0.971473,0.646772,0.718281,0.759731,0.929404,False,False,False,False,0.0,0.0,0.494085,1.193915,1.193915,1.193915,35.781811,35.066673,19.59536,40.29578,17.119892,17.329086,15.078476,35.781811,17.119892,35.49025,17.217027,36.322567,16.966201,36.159988,17.026876,41.12162,16.160368,35.076591,17.324617,36.019016,17.159816,38.119511,16.750346,0.0,0.209194
775,48,5855,13833,0.423263,0.50488,0.764326,0.796392,0.949957,0.519482,0.766594,0.787503,0.966524,0.423263,0.768882,0.869342,0.869342,0.348876,0.699443,0.910899,0.750811,False,False,True,False,1.0,0.0,0.191025,1.72232,44.27459,1.72232,37.252945,12.112268,3.137085,10.725306,13.658491,26.089096,25.05175,12.95918,25.519601,12.312724,25.923529,13.636038,25.305048,13.194534,25.563742,13.399886,25.161438,12.136806,26.080552,12.292514,25.989687,12.721264,25.668884,42.55227,12.430605
776,48,7989,17150,0.465831,0.608513,0.527904,0.610004,0.796846,0.671137,0.588902,0.627889,0.904619,0.43965,0.486313,0.673873,0.635999,0.289213,0.400801,0.746976,0.463763,False,False,True,False,1.0,0.0,0.466106,0.661063,10.222065,0.661063,10.328368,9.303041,5.383292,8.919515,25.790464,29.736804,27.68017,9.657863,29.378062,9.317603,29.714637,9.921058,29.12635,9.657571,29.37623,11.478867,28.002161,9.312805,29.730985,9.72796,29.39853,10.472442,28.788064,9.561002,3.94634
777,48,5574,13775,0.404646,0.549256,0.59718,0.649352,0.881414,0.595136,0.594904,0.626616,0.9216,0.438766,0.545563,0.678524,0.735737,0.336624,0.463943,0.697865,0.580553,False,False,True,False,1.0,0.0,0.372881,1.687071,45.131569,1.687071,45.439541,15.611529,8.201845,18.473568,12.182523,23.073642,19.91298,16.003946,22.627678,15.520691,22.795476,16.496471,22.554748,16.491089,22.411441,21.288004,21.501391,15.659491,23.060644,17.060759,22.886621,18.988579,22.324774,43.444498,10.891119
778,48,8876,17184,0.516527,0.790968,0.646852,0.649279,0.994254,0.791958,0.648098,0.649717,0.996169,0.731029,0.692563,0.698296,0.988283,0.669053,0.704568,0.732452,0.948738,False,False,False,False,0.0,0.0,0.566201,1.215535,1.215535,1.215535,13.351547,13.101772,11.861339,16.256647,23.202136,23.924997,19.896373,13.351547,23.202136,13.286728,23.354252,13.558923,23.190487,13.460418,23.232419,16.033274,22.780739,13.130502,23.912306,13.651983,23.992826,14.611386,23.574237,0.0,0.722861
779,48,10856,19776,0.548948,0.750101,0.717935,0.723743,0.988946,0.754804,0.717722,0.721712,0.992354,0.679005,0.768553,0.785895,0.972089,0.605583,0.759149,0.822729,0.907609,False,False,True,False,0.997197,0.0,0.462556,1.214013,59.428997,1.214013,77.036942,14.674558,9.274551,21.933277,8.239478,21.64482,17.900196,14.84236,21.276186,14.865973,21.367628,14.93469,21.242046,14.961957,21.299087,17.519928,20.283639,14.68033,21.639483,15.132769,21.516873,16.09761,21.029282,58.214984,13.405342
780,48,6070,14580,0.416324,0.497599,0.743425,0.783184,0.936079,0.710219,0.584354,0.585031,0.998023,0.41749,0.754004,0.858551,0.860956,0.341564,0.666164,0.887149,0.727842,False,False,True,False,1.0,0.0,0.504583,1.975558,16.554014,1.975558,12.357001,15.28726,9.869291,16.575069,19.319324,24.78097,20.43078,16.082098,24.426687,15.221087,24.780821,16.796705,24.202473,16.195606,24.462445,19.168699,22.961713,15.326854,24.767431,16.147226,24.4029,17.463152,23.766534,14.578456,5.461646
781,48,5612,14520,0.386501,0.57135,0.616457,0.639344,0.945118,0.621763,0.589577,0.601462,0.967569,0.449656,0.588305,0.688773,0.801319,0.338567,0.511558,0.724776,0.63489,False,False,False,False,0.0,0.0,0.401998,2.551863,2.551863,2.551863,15.198028,13.800488,5.682233,12.441376,25.212936,25.934539,25.10394,15.198028,25.212936,14.266037,25.678857,16.788073,24.615825,16.104597,24.933246,16.403658,24.723223,13.866714,25.911663,14.229211,25.801902,15.114338,25.378716,0.0,0.721603
782,48,7746,16762,0.462117,0.510679,0.881823,0.89264,0.986445,0.524699,0.867352,0.873565,0.991867,0.438194,0.796762,0.911096,0.86393,0.369646,0.686056,0.915591,0.732378,False,False,True,False,1.0,0.0,0.123114,0.841652,38.684193,0.841652,37.370815,12.464196,4.59472,16.695198,13.763483,23.831773,20.279164,13.379292,23.14353,13.355108,23.314292,13.272656,23.106482,13.217101,23.24108,14.0454,22.7596,12.475816,23.826677,12.343489,23.897211,12.841897,23.505594,37.842541,10.06829
783,48,7280,18860,0.386002,0.52492,0.705888,0.718081,0.976511,0.539343,0.695192,0.703598,0.983104,0.459756,0.704531,0.760351,0.905632,0.39894,0.666929,0.787214,0.813599,False,False,False,False,0.0,0.0,0.257513,1.195711,1.195711,1.195711,21.359707,20.734661,5.640271,25.576191,21.832265,22.378012,19.609724,21.359707,21.832265,21.097298,22.033691,22.216759,21.506203,22.036127,21.623689,25.509523,20.645439,20.764194,22.368431,21.557554,22.194119,23.166529,21.563833,0.0,0.545747
784,48,6883,13688,0.502849,0.417884,0.765868,0.955594,0.79413,0.652908,0.770169,0.770169,1.0,0.338764,0.654459,0.982747,0.662066,0.265269,0.520023,0.990636,0.522592,False,False,False,False,0.0,0.0,0.298604,0.676855,0.676855,0.676855,6.232989,5.912587,2.030713,6.635382,32.939461,33.421859,31.617056,6.232989,32.939461,6.053659,33.205548,6.262192,32.877382,6.095985,33.12772,6.694271,32.416379,5.911812,33.424464,5.985762,33.349337,6.254976,32.994994,0.0,0.482398
785,48,8091,18384,0.440111,0.734715,0.598786,0.598875,0.999753,0.736292,0.597503,0.597592,0.999753,0.675424,0.649481,0.650318,0.998022,0.615698,0.692979,0.701917,0.981955,False,False,False,False,0.0,0.0,0.528612,1.136047,1.136047,1.136047,15.889177,15.414865,11.129214,22.522762,22.477978,23.025885,17.056997,15.889177,22.477978,15.50653,22.784522,16.568821,22.102306,16.064474,22.465477,18.168913,22.134691,15.429695,23.01686,15.906769,22.974857,16.851686,22.662787,0.0,0.547907
786,48,8725,17376,0.502129,0.711556,0.702098,0.703575,0.99702,0.723181,0.691507,0.692663,0.997593,0.645833,0.759615,0.767332,0.986934,0.578557,0.751189,0.801253,0.923209,False,False,False,False,0.0,0.0,0.446191,1.125804,1.125804,1.125804,27.010239,27.257765,17.084152,41.413029,18.280109,18.562757,14.257554,27.010239,18.280109,27.448788,18.351914,26.441948,18.466484,26.823648,18.447518,34.722103,16.940278,27.243439,18.567304,28.942312,18.353483,31.489513,17.767416,0.0,0.282648
787,48,9077,17484,0.51916,0.66049,0.740653,0.759958,0.966839,0.667753,0.751224,0.762484,0.980721,0.589968,0.753028,0.807562,0.917704,0.519618,0.689646,0.81596,0.81668,False,False,True,False,0.998573,0.0,0.328893,1.1651,12.551802,1.1651,12.011201,5.194631,3.033742,10.728802,21.985562,32.65223,24.521516,5.286181,32.272368,5.072307,32.639666,5.75146,32.072293,5.498586,32.378587,7.735008,29.45308,5.216408,32.633134,5.818846,31.912302,6.686497,30.75767,11.386702,10.666668
788,48,9658,16896,0.571615,0.726622,0.78522,0.78586,0.998965,0.729048,0.782609,0.783244,0.998965,0.645005,0.786857,0.830611,0.937254,0.565459,0.741479,0.856186,0.846966,False,False,False,False,0.0,0.0,0.36861,0.931196,0.931196,0.931196,21.922173,20.523918,9.786865,20.140299,21.077216,21.657784,20.457312,21.922173,21.077216,20.84531,21.494629,22.324118,20.891572,21.43004,21.297809,23.433975,20.682057,20.527163,21.655814,20.890867,21.557416,21.880238,21.215396,0.0,0.580568
789,48,8220,16354,0.502629,0.6045,0.621094,0.701699,0.843917,0.639538,0.665389,0.713548,0.907908,0.475297,0.596586,0.768815,0.727007,0.363948,0.532771,0.827621,0.59927,False,False,True,False,1.0,0.0,0.364028,0.428612,23.932669,0.428612,24.98605,11.261232,5.187526,13.361395,17.628663,27.684933,24.814747,11.300771,27.5899,11.399432,27.589806,11.006529,27.681989,11.143147,27.637835,13.212044,26.291935,11.262611,27.685507,11.557705,27.465652,12.239051,26.972228,23.504057,10.05627
790,48,8880,15504,0.572755,0.730263,0.784314,0.784314,1.0,0.730263,0.784314,0.784314,1.0,0.659765,0.86812,0.86812,1.0,0.587784,0.839023,0.900801,0.924437,False,False,True,False,0.997886,0.0,0.363829,0.832025,5.121528,0.832025,5.257845,2.708408,1.398349,3.079054,32.167027,39.242054,37.737177,2.847898,38.810701,2.763514,39.100791,2.725826,39.036272,2.67256,39.232597,3.211449,37.906966,2.705668,39.249453,2.773686,39.061338,2.948799,38.586283,4.289503,7.075027
791,48,5654,12528,0.451309,0.523547,0.697429,0.765056,0.887513,0.56705,0.698349,0.738457,0.927839,0.414751,0.637736,0.813125,0.747259,0.318806,0.543927,0.851027,0.601167,False,False,False,False,0.0,0.0,0.269566,1.900349,1.900349,1.900349,12.359509,10.983375,3.269179,9.260995,25.552156,26.718153,26.434088,12.359509,25.552156,11.97966,25.837991,12.891582,25.169992,12.615729,25.429602,10.575699,27.280691,11.019986,26.70035,10.386983,27.310909,10.191782,27.523477,0.0,1.165997
792,48,8742,17945,0.487155,0.590471,0.565957,0.659589,0.799474,0.645472,0.634368,0.681084,0.902425,0.429368,0.519353,0.729656,0.643102,0.292784,0.42337,0.792349,0.476207,False,False,True,False,0.976095,0.0,0.390308,0.343366,8.764932,0.343366,8.360444,6.514375,3.38817,6.67109,27.6233,32.720407,30.60824,6.653626,32.519697,6.4788,32.754186,6.775528,32.344483,6.659422,32.512146,7.958819,31.077156,6.518608,32.713961,6.805384,32.376218,7.299703,31.803624,8.421566,5.097107
793,48,10958,18960,0.577954,0.765717,0.754787,0.754787,1.0,0.767036,0.75349,0.75349,1.0,0.696203,0.821184,0.825227,0.994068,0.624209,0.779452,0.843599,0.911115,False,False,True,False,1.0,0.0,0.428518,2.207448,21.300758,2.207448,18.298443,11.042374,9.641048,8.620308,16.544006,24.465618,18.413852,13.946006,22.495409,13.40783,22.90765,13.204538,22.526482,12.924712,22.767155,6.099166,26.691185,10.995863,24.476803,8.897913,25.930744,7.058313,26.825925,19.09331,7.921612
794,48,8873,15392,0.576468,0.618568,0.90001,0.915135,0.981968,0.624805,0.902851,0.912239,0.98873,0.540346,0.825228,0.934472,0.875916,0.466996,0.726061,0.9399,0.761411,False,False,False,False,0.0,0.0,0.129468,0.938078,0.938078,0.938078,12.442353,12.69657,2.969014,15.565047,24.705967,24.70246,22.37763,12.442353,24.705967,12.211503,24.813849,12.613246,24.705335,12.480033,24.772098,18.396784,21.834186,12.707276,24.692868,14.11582,24.015888,16.074947,22.992826,0.0,-0.003507
795,48,8758,18408,0.475771,0.556171,0.853088,0.854171,0.998516,0.559702,0.84825,0.849073,0.998858,0.483159,0.818669,0.893411,0.907285,0.412592,0.729927,0.908492,0.787851,False,False,False,False,0.0,0.0,0.160933,1.046252,1.046252,1.046252,14.36146,13.649882,3.188636,15.091421,25.806728,26.247206,24.81895,14.36146,25.806728,13.721664,26.246594,15.003806,25.386017,14.522342,25.71096,17.602839,24.042408,13.673175,26.232323,14.394953,25.775481,15.765433,24.994621,0.0,0.440478
796,48,5414,13257,0.408388,0.556461,0.709341,0.719534,0.980421,0.559176,0.714152,0.720896,0.987071,0.47854,0.779897,0.812106,0.951607,0.402278,0.753181,0.865742,0.852789,False,False,True,False,0.994645,0.0,0.250287,0.584555,13.819032,0.584555,14.196281,3.031708,0.984317,4.520503,21.871077,36.501461,32.774029,3.319049,35.255869,3.390962,35.319681,3.217092,35.263367,3.217584,35.357308,2.960288,36.715765,3.019086,36.495635,2.83869,37.25848,2.80415,37.346141,13.234477,14.630384
797,48,7546,14550,0.518625,0.53512,0.894945,0.930003,0.959581,0.548797,0.894949,0.918597,0.972038,0.458694,0.804111,0.949655,0.839915,0.384055,0.689695,0.959377,0.710443,False,False,True,False,1.0,0.0,0.092519,0.785266,43.816914,0.785266,40.799763,9.028668,1.813059,10.946683,13.55945,28.141984,25.839338,9.828519,27.014764,9.498498,27.487323,10.214021,26.575731,9.895574,26.970266,11.004859,26.741935,9.032247,28.142135,9.197279,28.221033,9.890759,27.694599,43.031648,14.582534
798,48,11075,18192,0.608784,0.770888,0.789718,0.789718,1.0,0.770888,0.789718,0.789718,1.0,0.696845,0.873186,0.873393,0.999729,0.620767,0.846001,0.90773,0.925598,False,False,True,False,0.95869,0.0,0.407054,0.931806,2.911433,0.931806,2.632536,2.083702,1.246967,2.301219,35.190535,38.714654,38.395416,2.378841,38.225863,2.168036,38.656029,2.115546,38.124728,2.032626,38.37381,2.39994,37.622979,2.05863,38.76651,2.058932,38.602593,2.183567,38.201822,1.979627,3.524119
799,48,8901,15792,0.56364,0.618161,0.835103,0.870006,0.954162,0.625317,0.828416,0.861468,0.955735,0.521467,0.777593,0.910261,0.842153,0.428698,0.664295,0.923929,0.70273,False,False,False,False,0.0,0.0,0.184298,0.967494,0.967494,0.967494,18.814104,17.991425,4.926136,18.974834,20.966631,21.563425,20.248179,18.814104,20.966631,18.569448,21.199905,18.542673,20.925475,18.451822,21.059224,20.491966,20.742023,17.999102,21.559867,18.233982,21.598256,19.098267,21.30508,0.0,0.596794
800,48,7741,19024,0.406907,0.557296,0.715742,0.721751,0.988503,0.569859,0.702896,0.707499,0.990828,0.49159,0.726915,0.769354,0.929466,0.430982,0.706455,0.804854,0.852474,False,False,False,False,0.0,0.0,0.280865,1.409022,1.409022,1.409022,26.605865,25.726349,8.204023,27.051586,20.747847,21.019347,19.378837,26.605865,20.747847,25.66404,21.036622,27.671532,20.449206,26.953409,20.668088,32.100159,19.293467,25.745468,21.013074,27.009775,20.664418,29.229773,20.059363,0.0,0.2715
801,48,9316,19200,0.485208,0.69099,0.702193,0.702193,1.0,0.6975,0.695639,0.695639,1.0,0.625469,0.771915,0.773586,0.997209,0.560521,0.769454,0.81128,0.937205,False,False,False,False,0.0,0.0,0.41117,0.995211,0.995211,0.995211,14.212109,13.318664,9.832591,18.626736,23.817169,24.647439,19.129482,14.212109,23.817169,13.977351,24.14205,14.346357,23.720084,13.927866,24.113412,15.183233,23.347045,13.327859,24.641874,13.403142,24.654814,14.024725,24.178108,0.0,0.83027
802,48,10897,21264,0.512462,0.720325,0.711432,0.711432,1.0,0.721877,0.709902,0.709902,1.0,0.660271,0.775634,0.775855,0.999633,0.601815,0.765837,0.803001,0.943012,False,False,False,False,0.0,0.0,0.428957,0.80991,0.80991,0.80991,10.824172,10.216084,6.279348,11.61494,27.166971,27.701869,24.911922,10.824172,27.166971,10.342358,27.604389,10.966321,27.069698,10.635159,27.37074,12.095378,26.234613,10.215594,27.703294,10.49818,27.470184,11.142638,26.949033,0.0,0.534898
803,48,6779,12690,0.5342,0.571631,0.930261,0.932313,0.99764,0.578408,0.919386,0.92139,0.99764,0.491726,0.834179,0.948878,0.873433,0.412924,0.715774,0.95687,0.739637,False,False,True,False,0.999662,0.0,0.097107,0.918457,12.613433,0.918457,13.249349,4.179033,1.67552,4.825982,18.900696,32.537584,29.355211,4.326203,31.895631,4.242268,32.168332,4.317451,31.079541,4.272951,31.121072,5.243596,30.504193,4.15966,32.550568,4.338103,32.32235,4.724247,31.564625,11.694976,13.636888
804,48,7580,16765,0.452132,0.52711,0.857757,0.857757,1.0,0.541247,0.835354,0.835354,1.0,0.445154,0.798326,0.894814,0.881003,0.370713,0.699729,0.913757,0.749208,False,False,False,False,0.0,0.0,0.162439,0.819416,0.819416,0.819416,14.682981,14.386016,5.204391,15.174187,25.322018,25.464725,22.396293,14.682981,25.322018,14.415655,25.454671,14.802198,25.242973,14.607916,25.352386,17.281837,23.896136,14.385312,25.463777,14.923131,25.164677,15.918426,24.613581,0.0,0.142707
805,48,6095,14880,0.40961,0.464583,0.729557,0.793722,0.900246,0.682124,0.600493,0.600493,1.0,0.389785,0.678662,0.829138,0.789007,0.318212,0.586813,0.845829,0.657096,False,False,True,False,0.999659,0.0,0.459306,1.526921,29.342213,1.526921,30.464424,12.287559,7.294327,19.304293,16.438094,25.968074,21.10611,12.6863,25.408413,12.366639,25.665949,13.016953,25.155256,12.808422,25.292058,16.076511,24.434405,12.299043,25.961825,13.026196,25.811455,14.359256,25.260297,27.815292,9.52998
806,48,9349,17760,0.526408,0.76357,0.683074,0.685643,0.994545,0.763908,0.683515,0.685782,0.995187,0.696791,0.741542,0.747475,0.989411,0.629505,0.75207,0.788193,0.942561,False,False,True,False,0.999524,0.0,0.470099,1.247771,20.309277,1.247771,25.960388,4.876457,2.23929,5.29144,18.445288,32.236044,28.7263,5.648875,30.686592,5.226477,31.302826,6.415838,29.990851,6.203872,30.300377,5.036189,32.255428,4.917603,32.19738,4.750383,32.740446,4.735016,32.764025,19.061506,13.790756
807,48,7068,12960,0.54537,0.632793,0.675335,0.750518,0.870826,0.66358,0.703414,0.752326,0.915393,0.51466,0.660382,0.81919,0.773062,0.412654,0.60372,0.873972,0.66129,False,False,False,False,0.0,0.0,0.361507,1.05878,1.05878,1.05878,32.678364,31.296642,14.190314,33.330879,18.327922,18.740033,16.636282,32.678364,18.327922,31.040558,18.78966,33.436237,18.103794,32.357952,18.40889,37.541691,17.202897,31.290653,18.740561,32.533108,18.421722,34.671806,17.884628,0.0,0.412111
808,48,6580,14818,0.444055,0.459441,0.699848,0.809636,0.83769,0.72223,0.614838,0.614838,1.0,0.351532,0.598725,0.847572,0.670973,0.253138,0.457328,0.864303,0.492705,False,False,True,False,0.999879,0.0,0.495266,1.643765,43.704014,1.643765,42.927864,11.352431,8.099539,15.955623,13.349871,25.838183,20.577416,12.294884,25.057256,11.783637,25.379653,12.689057,24.936404,12.497112,25.022734,12.737082,25.613992,11.377356,25.825494,11.447366,26.025009,11.91844,25.94968,42.060249,12.488312
809,48,4606,12300,0.374472,0.556098,0.627239,0.645029,0.957881,0.565041,0.637755,0.647482,0.976987,0.470244,0.691081,0.734094,0.921841,0.386748,0.671069,0.790414,0.816327,False,False,True,False,1.0,0.0,0.315701,4.986483,7.517069,4.986483,7.276958,18.132652,1.922884,5.977348,26.401131,24.261402,30.080832,19.483355,23.766663,17.591475,24.350031,22.336662,23.086343,21.010782,23.453545,20.792372,23.294589,18.222174,24.238669,18.976336,24.012996,19.804169,23.691669,2.530586,-2.139729
810,48,11367,22752,0.499604,0.69862,0.708145,0.711041,0.994282,0.705257,0.704365,0.706033,0.996657,0.635812,0.764067,0.773469,0.984341,0.571862,0.75786,0.807778,0.924606,False,False,False,False,0.0,0.0,0.408696,0.954882,0.954882,0.954882,18.787455,18.486496,10.146157,25.070585,20.574359,20.976852,17.488802,18.787455,20.574359,18.456556,20.86503,18.490513,20.622006,18.265886,20.760258,22.772999,19.242478,18.489605,20.974633,19.298143,20.686033,20.75074,20.068709,0.0,0.402493
811,48,6627,12582,0.526705,0.674376,0.680044,0.720919,0.923042,0.691861,0.69583,0.722688,0.949298,0.563106,0.690544,0.790543,0.845179,0.465904,0.666311,0.851928,0.753584,False,False,True,False,0.999664,0.0,0.405206,0.87691,76.255585,0.87691,79.231377,12.012978,5.369437,14.13445,8.729271,26.312829,23.716413,12.653438,25.595743,12.183994,26.073474,12.672099,25.604746,12.257331,25.990945,14.66546,24.689312,12.011468,26.311388,12.443439,26.110454,13.343695,25.523742,75.378675,17.583558
812,48,5840,12825,0.455361,0.551189,0.656274,0.723582,0.875856,0.585029,0.687706,0.724643,0.930993,0.409123,0.616416,0.805794,0.723973,0.299493,0.511711,0.853163,0.56113,False,False,True,False,0.997137,0.0,0.292913,1.624195,9.666237,1.624195,10.812842,10.450514,2.89697,5.794064,26.173887,27.946303,31.411514,12.310217,26.588403,10.900399,27.55229,13.783219,25.840682,12.90799,26.390897,11.40468,26.92455,10.517922,27.909943,10.405936,27.913663,10.6375,27.559896,8.042042,1.772416
813,48,7896,16835,0.469023,0.539115,0.82103,0.843103,0.969098,0.560321,0.803413,0.818403,0.97771,0.463974,0.778621,0.880297,0.870821,0.395604,0.699475,0.89955,0.758739,False,False,False,False,0.0,0.0,0.191297,0.964575,0.964575,0.964575,24.906492,25.078478,8.281575,31.884203,19.160732,19.502796,16.78491,24.906492,19.160732,24.997593,19.306163,25.57679,18.973145,25.763424,19.006879,31.400497,17.825244,25.096842,19.500491,26.447062,19.265892,28.57185,18.663127,0.0,0.342064
814,48,7444,14880,0.500269,0.532594,0.939306,0.939306,1.0,0.536895,0.931781,0.931781,1.0,0.460685,0.848849,0.957695,0.881918,0.389651,0.72985,0.963608,0.750537,False,False,True,False,1.0,0.0,0.072754,0.369419,5.773534,0.369419,6.137605,2.72376,0.447149,3.049481,30.367123,39.072651,38.168618,2.935295,38.434941,2.877978,38.620625,2.521091,39.657228,2.503358,39.718297,3.104648,38.283837,2.707505,39.125334,2.691608,39.24354,2.834139,38.947707,5.404115,8.705528
815,48,11123,19776,0.562449,0.800061,0.703008,0.703008,1.0,0.803347,0.700132,0.700132,1.0,0.736954,0.759827,0.761287,0.997483,0.672785,0.749105,0.786321,0.940574,False,False,False,False,0.0,0.0,0.550214,0.882006,0.882006,0.882006,22.053883,22.211782,16.883663,26.350954,21.09593,21.214972,18.031934,22.053883,21.09593,22.040247,21.206212,22.132877,21.062123,22.144835,21.123451,26.342684,19.786501,22.22386,21.213159,23.089304,20.942237,24.475712,20.444238,0.0,0.119042
816,48,6852,13485,0.50812,0.529329,0.907814,0.932614,0.971541,0.54238,0.909422,0.922477,0.984676,0.449017,0.804166,0.950124,0.839609,0.369151,0.676825,0.959221,0.696877,False,False,True,False,1.0,0.0,0.082466,0.602141,38.036785,0.602141,39.555557,6.216238,0.944872,9.750195,15.234725,31.535849,24.755147,6.991535,30.177785,6.786486,30.469325,6.758659,30.568026,6.560421,30.826464,5.761967,32.446048,6.206071,31.550955,5.81402,32.376137,5.633295,32.718616,37.434644,16.301124
817,48,9257,15936,0.580886,0.752134,0.764076,0.767646,0.993951,0.753075,0.765175,0.767853,0.995463,0.696787,0.813413,0.822496,0.986605,0.641755,0.795429,0.84404,0.932484,False,False,False,False,0.0,0.0,0.415931,0.760244,0.760244,0.760244,15.380145,14.538907,11.31926,21.405891,22.816779,23.705648,18.578507,15.380145,22.816779,15.005473,23.139139,15.618667,22.63371,15.315293,22.824471,17.440928,22.606008,14.54647,23.700414,14.8995,23.793986,15.918872,23.388295,0.0,0.888869
818,48,11764,20784,0.566012,0.752742,0.750591,0.751167,0.99898,0.759286,0.744238,0.744756,0.999065,0.685383,0.812095,0.818252,0.990819,0.617061,0.782587,0.841715,0.91763,False,False,False,False,0.0,0.0,0.446563,1.08337,1.08337,1.08337,20.58832,19.931627,12.709091,25.412189,20.962557,21.325556,17.685513,20.58832,20.962557,20.400658,21.091386,20.083305,21.107687,19.986994,21.199927,23.352119,19.807429,19.9212,21.32842,20.338633,21.151528,21.49201,20.605406,0.0,0.362999
819,48,8299,15024,0.552383,0.778155,0.709862,0.709862,1.0,0.781217,0.70708,0.70708,1.0,0.702809,0.778386,0.781703,0.994578,0.623735,0.770896,0.82083,0.926859,False,False,False,False,0.0,0.0,0.509442,1.155291,1.155291,1.155291,22.2279,20.258062,19.507856,29.877535,20.0652,20.952048,15.111708,22.2279,20.0652,21.797485,20.339467,22.358236,20.061609,22.112825,20.245766,22.511147,19.827668,20.265936,20.9483,19.890066,21.063973,20.626059,20.646647,0.0,0.886848
820,48,7026,15066,0.466348,0.536772,0.821282,0.842711,0.969969,0.557016,0.8109,0.822688,0.982636,0.451414,0.769516,0.884135,0.855821,0.372362,0.677197,0.909447,0.72616,False,False,True,False,0.997761,0.0,0.183333,1.109992,58.067287,1.109992,50.581745,16.279297,5.005556,17.322515,11.687872,22.281475,20.616291,18.314308,20.880313,18.126009,21.071863,18.282,20.93368,18.162634,21.026374,14.515893,23.23854,16.304962,22.271581,14.996869,23.201732,14.275832,23.575385,56.957295,10.593603
821,48,7623,14508,0.525434,0.474497,0.766991,0.91473,0.826053,0.687414,0.764364,0.764364,1.0,0.39523,0.686064,0.947855,0.712974,0.321616,0.581799,0.96871,0.592942,False,False,True,False,1.0,0.0,0.336238,0.547083,8.454321,0.547083,8.146662,3.242818,1.537061,3.716079,27.966054,38.0013,35.619861,3.504176,37.413271,3.333814,37.820415,3.348288,37.681877,3.268792,37.884607,3.930998,36.444595,3.2297,38.028172,3.310245,37.820053,3.557436,37.25055,7.907238,10.035246
822,48,7529,15221,0.494646,0.514618,0.883752,0.920082,0.957232,0.528546,0.878876,0.905531,0.967592,0.436962,0.807521,0.952488,0.841413,0.364694,0.694081,0.965412,0.711781,False,False,False,False,0.0,0.0,0.098804,0.782978,0.782978,0.782978,20.343914,20.531279,3.665843,23.904902,21.316422,21.44759,19.666318,20.343914,21.316422,20.22296,21.47364,19.923761,21.507331,19.946163,21.521331,25.656351,19.809792,20.540178,21.446397,21.691771,21.11364,23.462656,20.53998,0.0,0.131168
823,48,11840,21408,0.553064,0.769152,0.718327,0.718632,0.999409,0.770366,0.717507,0.717681,0.999662,0.719591,0.765602,0.766894,0.997804,0.669049,0.76253,0.790267,0.955997,False,False,False,False,0.0,0.0,0.485054,1.29104,1.29104,1.29104,12.528829,11.635586,9.022122,16.084347,23.894439,24.403876,20.41605,12.528829,23.894439,12.096368,24.149317,13.260078,23.460889,12.886909,23.697923,13.949493,22.703631,11.663204,24.39269,11.915006,24.179361,12.666892,23.567811,0.0,0.509437
824,48,8572,18798,0.456006,0.59118,0.771349,0.771349,1.0,0.608469,0.749432,0.749432,1.0,0.501224,0.764983,0.827744,0.909823,0.42462,0.709418,0.860687,0.801447,False,False,False,False,0.0,0.0,0.276648,0.409251,0.409251,0.409251,9.48674,9.668455,5.13306,10.893879,27.8093,27.800518,24.515758,9.48674,27.8093,9.355654,28.007163,9.504083,27.772662,9.514777,27.794689,13.206798,25.034289,9.659551,27.805936,10.509994,27.117447,11.725035,26.135268,0.0,-0.008782
825,48,6737,14781,0.455788,0.54225,0.825065,0.832065,0.989906,0.552263,0.823969,0.824574,0.999109,0.445031,0.742573,0.862572,0.842215,0.347405,0.62697,0.890944,0.679086,False,False,True,False,0.995773,0.0,0.177151,0.647978,9.784767,0.647978,7.782049,6.542972,3.71975,10.749493,24.739297,31.361117,23.482196,6.256642,31.753389,6.009995,32.135735,6.317451,31.778058,6.122656,32.057384,10.536936,26.819001,6.547672,31.354369,7.63792,29.929401,9.001682,28.340419,9.136789,6.62182
826,48,7104,15008,0.473348,0.519656,0.873413,0.890883,0.978041,0.527585,0.87447,0.885072,0.986486,0.441764,0.794121,0.916893,0.855715,0.368803,0.682956,0.926649,0.721988,False,False,True,False,1.0,0.0,0.114499,1.097503,65.906502,1.097503,73.178024,5.883258,1.16072,6.097504,9.368429,30.516781,29.106278,6.366085,29.867675,6.171594,30.15683,6.444351,29.600413,6.314659,29.762509,6.619651,29.652534,5.888044,30.502675,5.88781,30.526953,6.129551,30.221925,64.808999,21.148352
827,48,6466,15360,0.420964,0.50918,0.7953,0.809232,0.978812,0.522266,0.787318,0.795562,0.987009,0.430208,0.750435,0.848214,0.866842,0.355078,0.661556,0.870187,0.733993,False,False,False,False,0.0,0.0,0.183832,1.156847,1.156847,1.156847,11.539592,11.454377,5.080766,15.963965,24.923277,25.458038,20.022644,11.539592,24.923277,11.320342,25.220583,11.318951,25.074091,11.285803,25.090039,15.471028,22.289835,11.459945,25.450158,12.339984,24.838912,13.706413,23.666708,0.0,0.534761
828,48,8846,16608,0.532635,0.782093,0.673565,0.676572,0.993443,0.786488,0.672877,0.674629,0.996156,0.71598,0.72077,0.730468,0.981913,0.647399,0.708184,0.755673,0.918494,False,False,False,False,0.0,0.0,0.544963,1.489736,1.489736,1.489736,21.658339,20.198545,16.252899,25.785364,19.733274,20.307057,16.736029,21.658339,19.733274,21.292524,19.934156,21.121901,19.820736,21.010588,19.896876,22.073065,19.585767,20.200542,20.303623,20.074385,20.365878,20.673449,20.109309,0.0,0.573783
829,48,8126,15840,0.513005,0.588699,0.840629,0.854692,0.980802,0.591225,0.843098,0.854351,0.984617,0.512689,0.806828,0.893363,0.892813,0.441604,0.723584,0.907505,0.781196,False,False,False,False,0.0,0.0,0.175006,0.927361,0.927361,0.927361,9.751169,9.121749,2.239305,10.708261,25.194856,26.194523,24.13847,9.751169,25.194856,9.391911,25.605857,9.989376,25.002951,9.828739,25.184183,11.800435,24.503268,9.126877,26.186996,9.472475,26.153105,10.389778,25.522604,0.0,0.999667
830,48,6133,13804,0.444292,0.58541,0.75655,0.75758,0.998206,0.592799,0.747345,0.748259,0.998369,0.496378,0.764986,0.821366,0.917659,0.413358,0.721786,0.869786,0.809229,False,False,False,False,0.0,0.0,0.263721,0.524921,0.524921,0.524921,14.188598,13.913691,5.353192,17.441111,21.487649,22.071575,19.27439,14.188598,21.487649,14.505028,21.374228,13.683026,21.523352,13.828034,21.515146,14.199413,22.252404,13.929562,22.060911,13.734224,22.481992,13.748193,22.550415,0.0,0.583926
831,48,8346,17010,0.490653,0.549853,0.892132,0.892227,0.99988,0.562434,0.872374,0.872374,1.0,0.478895,0.834483,0.920943,0.898874,0.412463,0.746674,0.936003,0.786844,False,False,False,False,0.0,0.0,0.140813,0.743575,0.743575,0.743575,16.760244,16.348471,4.57133,16.272785,23.098827,23.30141,21.898504,16.760244,23.098827,16.097532,23.414248,17.167746,22.904645,16.519609,23.202365,20.617661,21.547163,16.351746,23.297984,17.294392,22.898557,18.759167,22.28741,0.0,0.202583
832,48,6007,15345,0.391463,0.598436,0.58692,0.611783,0.935242,0.639427,0.579215,0.591317,0.965873,0.474226,0.562272,0.657002,0.795905,0.360899,0.494112,0.689419,0.635592,False,False,False,False,0.0,0.0,0.428571,2.498501,2.498501,2.498501,16.566118,15.958826,6.513065,12.7908,24.834677,25.174542,24.10266,16.566118,24.834677,15.725709,25.220521,17.788746,24.375173,17.09955,24.676308,19.183786,23.671942,16.009655,25.156136,16.696688,24.840516,17.742634,24.324286,0.0,0.339865
833,48,6346,12818,0.495085,0.651662,0.622048,0.674847,0.888276,0.683492,0.639392,0.672526,0.928459,0.53893,0.598794,0.718587,0.782225,0.435637,0.546138,0.754656,0.66404,False,False,False,False,0.0,0.0,0.443294,1.29965,1.29965,1.29965,32.479042,31.024477,19.399876,36.839638,17.555642,18.133026,15.012682,32.479042,17.555642,31.609413,17.866469,32.966122,17.422253,32.634624,17.537181,35.72308,17.074708,31.044228,18.128166,31.65716,18.066336,33.20874,17.691163,0.0,0.577384
834,48,7939,16490,0.481443,0.541722,0.641085,0.737826,0.830205,0.590904,0.682013,0.735837,0.903136,0.426804,0.581521,0.782467,0.693664,0.31983,0.481943,0.814752,0.541252,False,False,False,False,0.0,0.0,0.301017,0.985421,0.985421,0.985421,24.192846,22.404333,9.43414,21.46534,21.096829,21.876322,20.13519,24.192846,21.096829,23.08032,21.555667,24.665827,20.901461,24.129782,21.14525,25.963093,20.638922,22.42222,21.871136,22.774321,21.799705,23.983835,21.356024,0.0,0.779493
835,48,7533,14818,0.508368,0.626198,0.6812,0.734131,0.904288,0.649818,0.700218,0.734033,0.938272,0.533203,0.679434,0.79028,0.828886,0.450938,0.650221,0.838222,0.743528,False,False,False,False,0.0,0.0,0.350172,0.509403,0.509403,0.509403,14.418337,14.59069,9.797667,23.398247,22.747802,23.178409,18.64814,14.418337,22.747802,14.336829,22.980009,14.22116,22.953383,14.224611,22.911929,19.991415,21.829904,14.62131,23.170974,15.961812,23.012121,17.835169,22.533093,0.0,0.430607
836,48,5009,16137,0.310405,0.379005,0.764193,0.787933,0.962068,0.652786,0.475508,0.475508,1.0,0.273037,0.613263,0.812301,0.714514,0.172957,0.392608,0.78789,0.43901,False,False,True,False,1.0,0.0,0.484813,1.788641,13.388809,1.788641,16.98922,8.746922,2.828421,7.137752,18.317582,28.640351,27.555063,8.734212,28.63919,8.304585,28.644973,9.668596,28.463439,9.354961,28.446335,11.614694,27.304132,8.801024,28.619759,9.580955,28.362024,10.525853,27.907572,11.600168,10.322769
837,48,9891,18240,0.54227,0.699507,0.775217,0.775217,1.0,0.70148,0.773036,0.773036,1.0,0.643914,0.839014,0.840443,0.997978,0.588213,0.829149,0.87119,0.945001,False,False,False,False,0.0,0.0,0.347587,0.725037,0.725037,0.725037,21.346645,20.534527,7.420809,22.039734,21.986823,22.371467,20.903826,21.346645,21.986823,20.834597,22.216054,21.780069,21.818128,21.324572,22.002384,24.140228,21.022567,20.541941,22.368051,21.032892,22.187597,22.271795,21.711077,0.0,0.384644
838,48,8838,15648,0.564801,0.736644,0.741938,0.752494,0.981444,0.74329,0.743972,0.750752,0.988006,0.664813,0.781244,0.811208,0.954854,0.591833,0.733455,0.826909,0.866486,False,False,False,False,0.0,0.0,0.425698,1.284386,1.284386,1.284386,14.115297,13.106773,16.375917,26.075884,23.427205,24.320065,16.113069,14.115297,23.427205,14.090707,23.650444,14.113638,23.181216,14.094743,23.338704,13.582146,23.649393,13.114016,24.311592,12.739836,24.556215,12.870446,24.31323,0.0,0.89286
839,48,7750,14725,0.526316,0.478098,0.687586,0.855966,0.777548,0.746893,0.704674,0.704674,1.0,0.371205,0.594787,0.901756,0.636,0.272733,0.470015,0.936753,0.485419,False,False,True,False,1.0,0.0,0.464803,0.704898,16.186905,0.704898,17.124903,11.538753,5.005783,13.405248,21.59984,27.16477,25.163473,11.601291,26.936318,11.580043,27.018273,11.270623,27.118058,11.230021,27.178642,13.824602,25.835457,11.519312,27.180061,11.928301,27.001398,12.727226,26.524589,15.482007,5.56493
840,48,6623,14123,0.468951,0.732281,0.57331,0.597757,0.933414,0.759541,0.582596,0.595413,0.964367,0.63301,0.598665,0.651902,0.879964,0.540962,0.606918,0.705105,0.813378,False,False,False,False,0.0,0.0,0.577867,0.898533,0.898533,0.898533,33.526497,32.069557,19.713245,33.381397,18.2677,18.75444,16.074849,33.526497,18.2677,32.138962,18.65038,34.315014,18.066608,33.443356,18.298007,37.631184,17.580041,32.075848,18.753586,33.032513,18.58339,34.957272,18.171273,0.0,0.48674
841,48,8226,17712,0.464431,0.566396,0.810771,0.814892,0.9938,0.578083,0.798305,0.800566,0.996475,0.495257,0.790771,0.855677,0.912473,0.426829,0.729973,0.881085,0.80975,False,False,False,False,0.0,0.0,0.215054,1.244606,1.244606,1.244606,18.615122,21.69495,8.245695,30.248198,21.451477,21.185027,17.608554,18.615122,21.451477,18.359308,21.723461,19.585865,20.998467,19.527029,21.10824,39.068562,16.725361,21.758692,21.169367,26.953806,19.843889,32.799984,18.267067,0.0,-0.26645
842,48,9108,16224,0.561391,0.814842,0.687807,0.688275,0.999012,0.815089,0.687982,0.688294,0.999341,0.751603,0.74221,0.744218,0.996377,0.686206,0.74191,0.774365,0.946531,False,False,False,False,0.0,0.0,0.579117,1.442992,1.442992,1.442992,18.915386,18.162165,14.937653,27.60079,22.110843,22.601657,17.89862,18.915386,22.110843,18.374725,22.448843,19.132191,21.961904,18.977127,22.109707,24.259663,20.410377,18.17728,22.596039,19.365686,22.216146,21.47665,21.42635,0.0,0.490814
843,48,8860,16032,0.552645,0.785928,0.703175,0.703175,1.0,0.785991,0.703119,0.703119,1.0,0.72112,0.765759,0.766024,0.999549,0.654067,0.761931,0.797826,0.944244,False,False,False,False,0.0,0.0,0.513804,1.472579,1.472579,1.472579,18.492325,17.675659,9.244748,19.093679,22.054999,22.659815,20.482519,18.492325,22.054999,18.137697,22.317448,18.974228,21.897431,18.780624,22.02189,20.112377,21.549556,17.711437,22.64658,18.012642,22.609089,18.827578,22.213829,0.0,0.604816
844,48,6121,14007,0.436996,0.52074,0.65904,0.7306,0.870609,0.562362,0.676809,0.717278,0.923052,0.413222,0.612375,0.781444,0.738932,0.317341,0.527541,0.820922,0.596144,False,False,False,False,0.0,0.0,0.282399,1.431017,1.431017,1.431017,28.762457,27.386538,10.839758,33.127213,18.987053,19.468446,16.561292,28.762457,18.987053,28.052496,19.193678,28.915373,18.977828,28.518705,19.088479,33.198498,17.873081,27.412352,19.462064,28.274847,19.284106,30.26853,18.709442,0.0,0.481393
845,48,6237,13949,0.447129,0.533085,0.655126,0.727811,0.867725,0.576672,0.667757,0.71084,0.916787,0.420102,0.618761,0.789078,0.741382,0.322747,0.540304,0.836739,0.603976,False,False,False,False,0.0,0.0,0.30083,1.616269,1.616269,1.616269,16.325958,14.843995,5.741485,14.693336,23.370746,24.233969,22.906309,16.325958,23.370746,15.712629,23.750932,16.812998,23.166008,16.38961,23.372034,16.272995,23.89473,14.886751,24.216588,14.720806,24.41178,15.242852,24.296157,0.0,0.863223
846,48,12075,21600,0.559028,0.770093,0.719411,0.722135,0.994783,0.775185,0.716336,0.718347,0.996108,0.708889,0.77136,0.778866,0.98766,0.645417,0.754755,0.802668,0.926708,False,False,False,False,0.0,0.0,0.494593,1.066072,1.066072,1.066072,30.61557,29.211622,21.049694,38.049965,17.790105,18.33871,14.351939,30.61557,17.790105,30.092312,18.084182,30.282953,17.84464,29.813389,18.029718,33.798676,16.855379,29.200634,18.341766,29.62225,18.182596,31.217611,17.647672,0.0,0.548605
847,48,11455,22560,0.507757,0.724512,0.693573,0.696543,0.993889,0.725887,0.693707,0.69608,0.995111,0.672473,0.742767,0.748006,0.990659,0.618883,0.745673,0.777611,0.947796,False,False,False,False,0.0,0.0,0.425034,0.460813,0.460813,0.460813,4.909676,4.88628,4.477323,10.93924,29.989171,30.64359,21.273791,4.909676,29.989171,5.002328,29.997083,4.4504,30.056279,4.564353,30.093523,5.427063,30.777142,4.86655,30.648819,4.878947,31.048515,5.072865,31.09503,0.0,0.654419
848,48,10188,19344,0.526675,0.80397,0.648943,0.651363,0.994307,0.804797,0.649123,0.651208,0.995092,0.745709,0.689293,0.696222,0.985768,0.685846,0.69853,0.727067,0.9468,False,False,False,False,0.0,0.0,0.592945,1.425841,1.425841,1.425841,21.931684,21.479519,16.673765,28.827509,21.400487,21.702801,17.772567,21.931684,21.400487,21.706289,21.572471,22.406721,21.184506,22.222321,21.29774,24.986422,20.451159,21.496204,21.694402,22.035728,21.5193,23.233412,21.082239,0.0,0.302314
849,48,8353,18734,0.445874,0.535604,0.826826,0.82938,0.996289,0.55877,0.794869,0.796236,0.997845,0.456283,0.79359,0.874825,0.895247,0.385609,0.712135,0.896872,0.775649,False,False,False,False,0.0,0.0,0.205279,1.184375,1.184375,1.184375,23.002195,22.702103,7.680506,29.617382,20.096081,20.706194,17.084532,23.002195,20.096081,22.69029,20.365327,23.278862,19.940872,23.117203,20.053314,30.632149,18.645958,22.710682,20.703575,24.383974,20.44947,27.108664,19.69212,0.0,0.610113
850,48,10165,18192,0.558762,0.751814,0.743219,0.743219,1.0,0.753573,0.741484,0.741484,1.0,0.705915,0.789036,0.790142,0.998229,0.659466,0.775659,0.806952,0.952386,False,False,True,False,1.0,0.0,0.440015,0.976413,26.853203,0.976413,28.446074,15.871487,15.610647,26.94235,16.343668,21.573921,15.050148,15.755829,21.624472,15.667224,21.72556,15.816495,21.53177,15.705099,21.641973,20.209543,19.323874,15.868831,21.571513,16.803509,21.038759,18.279455,20.247002,25.87679,5.230253
851,48,10795,20448,0.527924,0.718701,0.704286,0.716794,0.975822,0.724912,0.706729,0.715645,0.982677,0.648034,0.742969,0.773527,0.949514,0.575704,0.714687,0.799015,0.871329,False,False,True,False,0.999689,0.0,0.432612,1.110397,42.621811,1.110397,54.470032,17.781534,11.008633,26.654222,10.648255,21.397172,17.500441,17.551582,21.342107,17.652586,21.348786,17.74618,21.203807,17.741825,21.228195,21.392681,20.188421,17.791601,21.393573,18.570171,21.189623,19.803366,20.769084,41.511414,10.748917
852,48,7068,13688,0.516365,0.570865,0.825788,0.861403,0.95232,0.592344,0.806022,0.835348,0.958263,0.484147,0.787626,0.910518,0.853707,0.406195,0.701428,0.936331,0.736559,False,False,False,False,0.0,0.0,0.201662,1.260524,1.260524,1.260524,35.544189,33.910393,11.323867,39.118092,17.25447,17.795565,15.57374,35.544189,17.25447,34.385117,17.614753,36.387993,17.034589,35.734486,17.24316,42.460949,16.156097,33.94001,17.789645,35.573429,17.554969,38.545746,16.969677,0.0,0.541095
853,48,8839,16752,0.527638,0.693708,0.7438,0.750968,0.987329,0.705408,0.737697,0.742067,0.992081,0.628641,0.800855,0.817966,0.974545,0.563276,0.774616,0.845379,0.902478,False,False,False,False,0.0,0.0,0.385189,1.204389,1.204389,1.204389,27.830221,26.066183,12.382619,30.560659,18.588271,19.341337,16.938023,27.830221,18.588271,27.034243,18.911635,27.510315,18.727968,27.204775,18.851326,28.44198,18.623912,26.075726,19.340378,25.989328,19.437113,26.770788,19.179216,0.0,0.753066
854,48,7422,14384,0.51599,0.585581,0.708356,0.780007,0.885206,0.607341,0.741727,0.78766,0.927109,0.497775,0.689491,0.831145,0.801805,0.415879,0.64547,0.87897,0.708434,False,False,True,False,0.998995,0.0,0.26185,0.46342,34.00005,0.46342,34.542709,10.459894,3.587666,12.975299,15.84408,28.083973,25.441706,10.676502,27.592356,10.595616,27.827776,10.298303,27.857549,10.134689,28.064529,12.690155,26.358735,10.443052,28.09783,10.687146,27.887967,11.421988,27.2565,33.53663,12.239893
855,48,9322,19680,0.473679,0.536331,0.883183,0.883183,1.0,0.546646,0.866518,0.866518,1.0,0.462449,0.821174,0.912757,0.891118,0.391362,0.723775,0.928071,0.766788,False,False,False,False,0.0,0.0,0.138637,0.863391,0.863391,0.863391,13.64185,14.196774,3.172395,15.384789,26.167858,25.98912,24.550804,13.64185,26.167858,13.725202,26.209634,13.537939,26.137494,13.57931,26.167626,18.392834,23.799712,14.179646,25.993746,15.18923,25.447935,16.643316,24.680347,0.0,-0.178738
856,48,5462,12220,0.446972,0.51874,0.71926,0.778829,0.903881,0.536743,0.736637,0.777405,0.933541,0.435106,0.698283,0.833553,0.811424,0.353601,0.61649,0.863458,0.683083,False,False,True,False,1.0,0.0,0.215448,1.817796,32.342457,1.817796,31.704443,15.623093,5.048239,18.196753,15.820957,23.437523,21.362878,17.331503,22.575387,16.803186,22.873027,17.431465,22.605606,17.17753,22.746283,15.696021,23.411085,15.652447,23.426801,15.091053,23.729984,15.080618,23.724733,30.524661,7.616566
857,48,6644,15035,0.441902,0.640905,0.561781,0.607721,0.881397,0.676023,0.579699,0.606848,0.928356,0.496974,0.560814,0.678801,0.763396,0.371999,0.516169,0.74486,0.627032,False,False,False,False,0.0,0.0,0.475629,0.956024,0.956024,0.956024,22.879539,22.144842,13.288643,24.221203,20.853819,21.154764,18.126204,22.879539,20.853819,22.28196,21.096426,23.434427,20.677437,22.973059,20.851845,27.011539,19.538496,22.169275,21.146404,23.096428,20.856695,24.777142,20.288475,0.0,0.300945
858,48,7358,14554,0.505565,0.599904,0.831626,0.836674,0.992797,0.605332,0.826686,0.830533,0.994428,0.521781,0.799495,0.87477,0.902827,0.446132,0.729213,0.899584,0.79383,False,False,True,False,1.0,0.0,0.205253,1.353947,50.374561,1.353947,45.587025,13.769412,4.044747,16.037556,12.209052,23.696499,20.99903,14.174096,22.956063,13.968787,23.236308,13.899158,22.959262,13.843254,23.051447,20.358068,20.444833,13.757814,23.694935,15.100888,23.164785,17.380856,21.930564,49.020614,11.487447
859,48,8887,15648,0.567932,0.75409,0.747065,0.749661,0.995387,0.75524,0.748585,0.750042,0.997412,0.700089,0.799401,0.804655,0.991898,0.644939,0.789965,0.829964,0.9425,False,False,False,False,0.0,0.0,0.436178,1.315831,1.315831,1.315831,10.163722,9.500731,4.024947,10.643299,26.215373,26.704346,25.629506,10.163722,26.215373,9.818236,26.443417,10.717077,25.91472,10.476876,26.028355,10.962792,25.569566,9.510296,26.697971,9.597915,26.61489,10.080754,26.211515,0.0,0.488973
860,48,4520,14123,0.320045,0.468456,0.61884,0.64344,0.941814,0.657651,0.486649,0.486649,1.0,0.395383,0.668979,0.725287,0.896018,0.325285,0.625468,0.763387,0.775885,False,False,True,False,1.0,0.0,0.48891,1.805477,8.852477,1.805477,7.118658,7.287095,3.052831,7.93503,21.301595,31.170579,25.581713,7.623304,30.814591,7.073452,31.072657,8.871902,30.347004,8.509587,30.570306,9.616815,29.616094,7.364676,31.136172,7.953761,30.878451,8.717478,30.339876,7.047,9.868984
861,48,4788,15552,0.30787,0.383166,0.794756,0.798624,0.993943,0.605453,0.508496,0.508496,1.0,0.298933,0.641788,0.793504,0.770468,0.216499,0.454951,0.757351,0.532581,False,False,True,False,1.0,0.0,0.410256,1.356373,3.442617,1.356373,2.739,3.336048,1.087359,2.566694,34.275326,37.347882,39.344876,3.519841,36.998314,2.998956,37.626591,4.869048,35.787247,4.509677,36.194695,5.354289,35.229317,3.415274,37.279646,3.949805,36.721919,4.615079,36.012526,2.086244,3.072556
862,48,6605,14477,0.456241,0.511156,0.821433,0.853514,0.956245,0.52504,0.82902,0.847125,0.974868,0.439525,0.771585,0.887632,0.85511,0.370657,0.678256,0.901603,0.732475,False,False,False,False,0.0,0.0,0.146723,2.226668,2.226668,2.226668,14.02594,12.810548,1.877625,11.945344,24.936523,25.766421,25.603706,14.02594,24.936523,13.181983,25.427713,14.702801,24.613494,14.138127,24.938742,15.252234,24.416304,12.839415,25.752812,13.158062,25.662658,13.964825,25.179742,0.0,0.829898
863,48,5692,15314,0.371686,0.460298,0.667016,0.723223,0.895643,0.741348,0.501365,0.501365,1.0,0.345566,0.591884,0.771731,0.717498,0.250098,0.454407,0.776762,0.522663,False,False,True,False,1.0,0.0,0.585014,3.302571,13.83659,3.302571,11.678672,15.876727,4.747558,8.426563,23.827512,25.212171,28.531137,17.148102,24.586499,15.560728,25.226543,19.253046,23.936564,18.187691,24.330529,18.533672,24.091556,15.964335,25.186772,16.580698,24.966706,17.388439,24.589091,10.534019,1.384659
864,48,9433,19600,0.481276,0.600153,0.801921,0.801921,1.0,0.606071,0.79409,0.79409,1.0,0.52449,0.768617,0.833366,0.908195,0.450663,0.709499,0.858259,0.803668,False,False,True,False,1.0,0.0,0.240386,0.630963,16.499557,0.630963,18.784904,15.573341,7.324186,16.440969,19.038469,23.623502,20.431758,15.196898,23.379007,15.176155,23.554335,14.99318,23.420578,14.930598,23.564592,21.112619,21.294478,15.591646,23.613803,16.914839,23.157995,18.750345,22.323727,15.868594,4.585033
865,48,11099,20400,0.544069,0.705147,0.771568,0.771568,1.0,0.70598,0.770657,0.770657,1.0,0.636961,0.852168,0.853086,0.998739,0.567892,0.819524,0.881916,0.920533,False,False,False,False,0.0,0.0,0.354801,1.002294,1.002294,1.002294,6.701294,7.160465,3.328137,10.318828,29.90241,29.6293,26.013049,6.701294,29.90241,6.941226,29.73999,6.2299,30.114218,6.349161,30.086346,8.923416,27.670545,7.13758,29.635976,7.566447,29.192839,8.169475,28.504546,0.0,-0.27311
866,48,9681,16320,0.593199,0.75288,0.787906,0.787906,1.0,0.753615,0.787137,0.787137,1.0,0.681985,0.860617,0.86487,0.994319,0.608824,0.825686,0.892915,0.916434,False,False,False,False,0.0,0.0,0.394035,1.006878,1.006878,1.006878,10.568984,10.556451,5.336045,11.209861,26.672279,26.744257,25.179722,10.568984,26.672279,10.334263,26.918428,10.656785,26.511735,10.476501,26.73185,12.733223,25.097389,10.550976,26.74415,11.064766,26.343764,11.807285,25.7733,0.0,0.071978
867,48,7415,14730,0.503394,0.747862,0.618458,0.639343,0.949831,0.762118,0.626472,0.639587,0.968307,0.647658,0.649961,0.700105,0.900742,0.557909,0.660965,0.756997,0.838975,False,False,False,False,0.0,0.0,0.552016,0.850627,0.850627,0.850627,22.150909,21.761789,12.661837,27.438211,20.405577,20.635719,17.073753,22.150909,20.405577,21.736839,20.631257,21.951315,20.538675,21.813755,20.621244,27.678984,18.747867,21.768442,20.632152,23.036457,20.255977,25.086805,19.589486,0.0,0.230142
868,48,10106,17712,0.570574,0.745991,0.764853,0.764853,1.0,0.747346,0.763466,0.763466,1.0,0.681572,0.830472,0.833499,0.995646,0.61687,0.801456,0.856398,0.925886,False,False,False,False,0.0,0.0,0.411517,1.009992,1.009992,1.009992,20.827496,21.008774,12.73499,29.474701,20.53084,20.748796,16.651917,20.827496,20.53084,21.007719,20.554261,20.642853,20.467038,20.827166,20.48146,26.03714,19.343664,21.015139,20.743896,22.05604,20.567688,23.787619,20.0694,0.0,0.217956
869,48,11187,19488,0.574046,0.774066,0.735729,0.738217,0.995441,0.775862,0.735176,0.737169,0.996335,0.701303,0.802582,0.809688,0.989184,0.625924,0.802173,0.853337,0.930455,False,False,False,False,0.0,0.0,0.478376,1.169939,1.169939,1.169939,22.483002,21.168678,11.016343,23.270195,20.792007,21.395923,19.626394,22.483002,20.792007,21.936117,21.052727,22.493013,20.748409,22.072643,20.927025,23.420071,20.520517,21.172373,21.392103,21.164387,21.408531,21.946098,21.097551,0.0,0.603916
870,48,7503,14539,0.51606,0.677075,0.657462,0.699004,0.9171,0.696472,0.676079,0.702252,0.947754,0.579545,0.666388,0.755993,0.848994,0.494601,0.642155,0.799054,0.765827,False,False,False,False,0.0,0.0,0.426094,0.518429,0.518429,0.518429,17.559111,17.723043,8.818362,23.250032,22.499144,22.723191,19.679609,17.559111,22.499144,17.661869,22.562716,17.545027,22.436497,17.522102,22.535923,21.357679,21.680101,17.752855,22.711428,18.520014,22.594719,19.742237,22.233077,0.0,0.224047
871,48,6317,13284,0.475534,0.55533,0.750479,0.795852,0.929397,0.57445,0.758447,0.788363,0.952351,0.473201,0.732371,0.847598,0.843438,0.393481,0.691429,0.902812,0.747032,False,False,False,False,0.0,0.0,0.221042,1.49146,1.49146,1.49146,7.604454,7.208854,1.579302,7.929186,27.420201,28.409328,27.98395,7.604454,27.420201,7.27397,27.812234,7.196665,27.190749,7.036832,27.433223,7.941217,28.485097,7.186639,28.399056,7.2898,28.74241,7.535486,28.771488,0.0,0.989127
872,48,8705,17520,0.496861,0.730023,0.672502,0.675762,0.992878,0.731279,0.674214,0.676319,0.995405,0.661473,0.737351,0.743205,0.989431,0.592466,0.752847,0.789692,0.941643,False,False,False,False,0.0,0.0,0.45502,1.004311,1.004311,1.004311,7.703733,7.118859,4.901267,11.317672,28.988954,29.735203,24.626014,7.703733,28.988954,7.656175,29.117906,7.740341,28.787966,7.641585,28.869164,7.545127,29.114976,7.125828,29.720566,6.870611,29.943006,6.968524,29.720351,0.0,0.746249
873,48,6869,15066,0.455927,0.527081,0.821648,0.841204,0.972485,0.539028,0.821607,0.832533,0.984277,0.449754,0.779009,0.881789,0.86985,0.376012,0.686491,0.900618,0.742757,False,False,True,False,0.995974,0.0,0.162864,1.326176,39.019886,1.326176,43.042171,10.97069,2.005693,11.822051,12.827473,26.581636,25.004929,11.467414,25.740591,11.255059,26.026698,11.621536,25.709182,11.53477,25.76674,13.054351,25.121942,10.986073,26.576624,11.166108,26.584791,11.842383,26.043414,37.69371,13.754163
874,48,11214,20256,0.553614,0.711049,0.778588,0.778588,1.0,0.711049,0.778588,0.778588,1.0,0.66405,0.833693,0.833693,1.0,0.616459,0.812142,0.850645,0.947209,False,False,True,False,1.0,0.0,0.350033,0.65299,11.467375,0.65299,11.34989,8.184829,3.387304,10.933833,24.734355,29.874436,27.04786,8.298199,29.7182,8.157868,29.85271,8.396528,29.592759,8.2537,29.738178,9.582278,28.631885,8.182658,29.87627,8.463647,29.65377,8.945991,29.217317,10.814385,5.140081
875,48,5325,15488,0.343815,0.491348,0.654304,0.672273,0.960751,0.706224,0.486835,0.486835,1.0,0.417097,0.68767,0.743344,0.901784,0.347947,0.649831,0.783077,0.792488,False,False,True,False,0.975007,0.0,0.500836,1.410509,17.697695,1.410509,32.118935,9.122629,4.82351,9.634491,16.150235,27.615798,23.267192,9.664163,26.948033,9.168576,27.209058,10.440501,26.83024,10.246572,26.932747,10.366948,27.008576,9.185226,27.596109,9.409328,27.693191,9.799061,27.482466,16.287186,11.465563
876,48,5533,14181,0.39017,0.459135,0.743738,0.788973,0.928429,0.68761,0.567429,0.567429,1.0,0.363021,0.623252,0.79662,0.741189,0.270855,0.46675,0.776621,0.539129,False,False,True,False,0.492137,0.0,0.372456,0.746377,10.963614,0.746377,15.235677,6.201518,3.730805,7.134044,17.493854,27.042302,24.507046,6.792337,26.58077,6.680342,26.652941,6.485451,26.472877,6.473221,26.491751,5.407434,26.764002,6.20435,27.033546,5.651606,27.192781,5.370384,27.096898,10.217237,9.548448
877,48,7284,14446,0.504223,0.593728,0.673984,0.744549,0.876716,0.621348,0.706549,0.75,0.924217,0.486917,0.66295,0.811487,0.783635,0.392081,0.615874,0.871292,0.677512,False,False,False,False,0.0,0.0,0.31332,0.737736,0.737736,0.737736,14.137562,14.232839,6.114865,15.33347,25.695608,25.735469,23.64111,14.137562,25.695608,13.969889,25.839757,13.957167,25.791272,13.872781,25.870326,17.222038,24.265726,14.227805,25.739166,14.936344,25.412445,15.964031,24.901155,0.0,0.039861
878,48,9965,19104,0.521619,0.756491,0.68894,0.689178,0.999498,0.757224,0.688273,0.688511,0.999498,0.692263,0.745841,0.749112,0.99418,0.626413,0.743541,0.781566,0.938585,False,False,False,False,0.0,0.0,0.491192,1.014444,1.014444,1.014444,14.560662,13.970429,15.387205,23.492691,22.524883,23.498763,16.650388,14.560662,22.524883,14.59816,22.652249,14.374678,22.715637,14.435992,22.735223,15.229537,23.061149,13.980532,23.491875,13.90577,23.89948,14.273524,23.735832,0.0,0.97388
879,48,8380,19110,0.438514,0.510623,0.858783,0.858783,1.0,0.516484,0.849037,0.849037,1.0,0.447776,0.766847,0.859063,0.877208,0.386499,0.657137,0.846466,0.746062,False,True,True,False,0.999907,0.0,0.858993,2.859459,2.455545,2.859459,2.488743,18.5107,0.989376,0.986038,38.353695,23.771729,43.066138,21.159029,22.498085,20.539936,23.032493,21.167501,22.396048,20.795029,22.623751,12.673111,24.728623,18.420326,23.795532,16.331425,24.393697,14.267502,24.726824,-0.403914,-14.581966
880,48,7376,14400,0.512222,0.620069,0.741243,0.777355,0.941025,0.631181,0.752901,0.778083,0.958785,0.542361,0.755404,0.836748,0.885982,0.468681,0.734832,0.886502,0.811144,False,False,True,False,0.996868,0.0,0.284311,0.492407,8.051206,0.492407,7.985629,6.911108,3.31492,7.757728,25.819869,28.506874,26.670587,7.081119,28.27738,6.811822,28.551828,7.360177,27.916916,7.173988,28.11784,8.552015,27.264697,6.904375,28.510523,7.282945,28.256944,7.847207,27.823751,7.558799,2.687005
881,48,6103,12582,0.485058,0.534812,0.876023,0.890474,0.981812,0.543236,0.876432,0.884126,0.990169,0.454459,0.809706,0.924974,0.866623,0.375775,0.697915,0.941624,0.729477,False,False,True,False,1.0,0.0,0.122087,1.411843,28.507795,1.411843,32.018024,6.241411,1.300767,5.452619,17.065386,31.347507,32.942036,6.893713,30.410628,6.529794,30.971412,6.99066,30.195485,6.863018,30.411437,6.837129,30.484885,6.249276,31.331345,6.216724,31.365963,6.408925,31.060386,27.095952,14.282121
882,48,9610,16416,0.585404,0.826937,0.707919,0.707919,1.0,0.827303,0.707606,0.707606,1.0,0.764072,0.76532,0.765686,0.999376,0.698221,0.768379,0.798813,0.952758,False,False,False,False,0.0,0.0,0.583309,0.995347,0.995347,0.995347,19.250746,18.438536,13.030268,20.057129,22.222472,22.678965,20.437729,19.250746,22.222472,18.756781,22.533211,19.570169,21.983601,19.166632,22.236656,20.743496,21.663252,18.444191,22.675855,18.70999,22.562233,19.511932,22.204306,0.0,0.456493
883,48,11345,19152,0.592366,0.740497,0.799958,0.799958,1.0,0.740497,0.799958,0.799958,1.0,0.671784,0.87959,0.880616,0.998678,0.601399,0.840969,0.906755,0.920582,False,False,True,False,0.957346,0.0,0.317151,0.50903,9.320866,0.50903,8.659321,3.398854,1.403996,4.426355,26.887376,36.600587,34.233353,3.630146,36.028023,3.536712,36.310345,3.132658,37.100494,3.145527,37.095488,3.562539,36.430985,3.368709,36.672602,3.327986,36.804581,3.402292,36.715261,8.811836,9.713211
884,48,11552,20976,0.550725,0.761299,0.723402,0.723402,1.0,0.765589,0.719347,0.719347,1.0,0.694651,0.78448,0.788141,0.994114,0.626287,0.758225,0.810459,0.921659,False,False,True,False,0.998302,0.0,0.464346,1.23182,69.648064,1.23182,69.785721,19.997749,12.078912,21.467134,9.328767,20.653067,17.70332,21.641563,20.114612,20.97002,20.359628,20.99798,20.308338,20.651028,20.415097,20.596117,20.20247,19.956429,20.659181,19.563711,20.735066,19.791321,20.573595,68.416244,11.3243
885,48,10979,19968,0.54983,0.748998,0.727043,0.730008,0.994444,0.75005,0.727521,0.729852,0.995628,0.695312,0.773775,0.781187,0.987886,0.641026,0.768218,0.807109,0.940978,False,False,False,False,0.0,0.0,0.445433,1.244707,1.244707,1.244707,9.161368,8.424477,4.546112,12.610529,27.369904,28.209475,22.926898,9.161368,27.369904,8.827458,27.735729,9.522512,27.147459,9.316422,27.365667,9.737408,26.68357,8.440568,28.196435,8.507362,28.136698,8.92935,27.580735,0.0,0.839571
886,48,6941,12714,0.545934,0.656127,0.809496,0.819588,0.985017,0.661554,0.803995,0.813459,0.985737,0.558204,0.789876,0.872904,0.892523,0.469561,0.711199,0.898827,0.773087,False,False,False,False,0.0,0.0,0.271436,1.097581,1.097581,1.097581,17.106037,16.522018,7.492638,17.47995,22.520686,22.860335,20.840713,17.106037,22.520686,16.605148,22.78679,17.347164,22.474135,16.848534,22.696393,19.679682,21.535503,16.527302,22.858686,17.062815,22.643941,18.142294,22.178566,0.0,0.339649
887,48,7024,14550,0.482749,0.539381,0.830625,0.859837,0.960706,0.561718,0.813268,0.833965,0.970387,0.452234,0.784833,0.909119,0.851651,0.371203,0.688868,0.938345,0.721526,False,False,False,False,0.0,0.0,0.180308,1.053326,1.053326,1.053326,24.419561,22.567863,6.891399,21.934273,19.392876,20.027342,18.939244,24.419561,19.392876,23.549829,19.68367,24.473377,19.355128,23.941534,19.504023,24.885345,19.26281,22.568432,20.023013,22.482773,20.062126,23.267179,19.791935,0.0,0.634466
888,48,5148,16005,0.321649,0.443986,0.626277,0.664087,0.916667,0.613621,0.523717,0.523877,0.999417,0.380381,0.632428,0.715013,0.845571,0.319088,0.570685,0.729587,0.723776,False,False,True,False,0.998987,0.0,0.429216,1.514445,10.495072,1.514445,12.732324,6.187451,1.510608,4.331909,22.173195,31.137104,34.039474,6.570254,30.351667,6.17243,30.648558,7.42625,29.784815,7.083592,30.033103,6.879047,30.894063,6.229992,31.107326,6.363183,31.316609,6.576988,31.239535,8.980627,8.963909
889,48,12237,21456,0.57033,0.755453,0.754626,0.754766,0.999755,0.755453,0.754626,0.754766,0.999755,0.692067,0.82201,0.822951,0.998611,0.626585,0.807885,0.853615,0.937812,False,False,True,False,1.0,0.0,0.430199,1.191308,6.475323,1.191308,7.895563,4.390101,2.630618,7.511999,28.584705,33.97072,29.422845,4.382991,33.660775,4.385361,33.826444,4.308273,33.605663,4.240691,33.842001,5.648335,32.134259,4.382638,33.985814,4.648961,33.69584,5.097219,33.028789,5.284015,5.386015
890,48,6782,16660,0.407083,0.506122,0.759454,0.778819,0.968298,0.517407,0.757617,0.770186,0.978915,0.440696,0.751271,0.825252,0.893394,0.377911,0.686613,0.845616,0.785019,False,False,True,False,1.0,0.0,0.200344,1.767193,28.963758,1.767193,37.502506,13.979897,3.353513,16.366116,14.577802,25.029348,22.328221,15.099675,24.168138,14.470215,24.631721,15.779859,23.890312,15.513713,24.067553,17.422392,23.320881,14.017547,25.013831,14.475769,24.867657,15.668043,24.248997,27.196565,10.451546
891,48,7549,14944,0.505153,0.624866,0.725981,0.760655,0.940919,0.634168,0.74001,0.76406,0.9592,0.548314,0.741482,0.818038,0.887932,0.475843,0.725924,0.867107,0.816797,False,False,True,False,1.0,0.0,0.294929,0.397566,9.558891,0.397566,9.837461,6.302292,2.942123,7.168543,26.074881,30.202289,28.363019,6.401422,30.104246,6.183115,30.297425,6.385305,30.224356,6.234821,30.342367,7.766017,28.866048,6.295889,30.211121,6.639246,29.916999,7.144567,29.450963,9.161325,4.127408
892,48,8157,14580,0.559465,0.577984,0.900309,0.93236,0.963222,0.587449,0.906945,0.928546,0.974991,0.497257,0.811523,0.952,0.846144,0.420988,0.698349,0.957641,0.720608,False,False,False,False,0.0,0.0,0.095283,0.902434,0.902434,0.902434,17.361366,17.638348,2.603664,21.658413,22.360611,22.5198,20.571801,17.361366,22.360611,17.350578,22.485088,17.036205,22.484197,16.797638,22.607823,24.134689,20.221992,17.620775,22.525589,19.118139,22.067263,21.368967,21.239065,0.0,0.159189
893,48,6780,12528,0.541188,0.56689,0.78386,0.858913,0.899705,0.577187,0.800437,0.86143,0.918732,0.485313,0.728262,0.891283,0.799263,0.407487,0.630539,0.900294,0.677876,False,False,True,False,1.0,0.0,0.173104,2.510902,34.035492,2.510902,43.664749,13.586136,2.543783,15.54646,14.079753,24.498836,22.402741,14.247739,23.929253,13.904326,24.228931,14.972026,23.599199,14.773599,23.755029,15.743462,22.864222,13.628073,24.482344,13.883776,24.28973,14.557571,23.705882,31.52459,10.419083
894,48,6810,13944,0.488382,0.645295,0.754885,0.755723,0.998532,0.651678,0.747691,0.748432,0.998678,0.544105,0.763258,0.821405,0.915125,0.454676,0.714919,0.864669,0.804993,False,False,False,False,0.0,0.0,0.319456,0.495888,0.495888,0.495888,19.128096,17.899952,9.127418,19.150465,22.482809,23.189312,20.627277,19.128096,22.482809,18.518894,22.809557,19.486881,22.345381,19.053158,22.592094,19.992853,22.390644,17.911062,23.183341,17.950758,23.236572,18.650906,22.952667,0.0,0.706503
895,48,9909,17280,0.573438,0.763079,0.744335,0.747384,0.99455,0.770544,0.739235,0.741344,0.996165,0.693287,0.79949,0.81177,0.981431,0.621759,0.772638,0.837863,0.908467,False,False,False,False,0.0,0.0,0.466829,1.023923,1.023923,1.023923,29.332626,29.669863,18.340931,37.029568,17.579802,17.881502,15.051941,29.332626,17.579802,29.428095,17.772387,29.832375,17.484566,29.817741,17.59745,35.858143,16.581501,29.687052,17.877919,31.030107,17.684847,33.115452,17.22845,0.0,0.3017
896,48,7668,15376,0.498699,0.602627,0.639462,0.712821,0.861372,0.632804,0.674334,0.720144,0.913798,0.489594,0.614535,0.768332,0.754304,0.391519,0.557224,0.813621,0.638758,False,False,False,False,0.0,0.0,0.350804,0.459869,0.459869,0.459869,9.746739,9.242175,4.759211,9.490306,27.697496,28.413334,26.543312,9.746739,27.697496,9.458746,27.950875,9.910667,27.543271,9.66871,27.727346,10.650844,27.483209,9.236916,28.417139,9.37863,28.487176,9.859459,28.149299,0.0,0.715838
897,48,9784,17088,0.572566,0.773876,0.739867,0.739867,1.0,0.775164,0.738638,0.738638,1.0,0.708801,0.807495,0.807629,0.999796,0.641678,0.801754,0.842043,0.943684,False,False,False,False,0.0,0.0,0.473439,0.893985,0.893985,0.893985,13.329279,13.287919,7.457101,14.599312,25.594005,25.637973,23.480978,13.329279,25.594005,12.984669,25.821141,13.481637,25.545595,13.181623,25.755966,16.21903,24.015029,13.275041,25.644899,13.965216,25.248878,14.970564,24.685665,0.0,0.043968
898,48,8681,15360,0.565169,0.788737,0.71655,0.71655,1.0,0.79056,0.714897,0.714897,1.0,0.724544,0.772707,0.775901,0.994701,0.658138,0.740137,0.790583,0.920631,False,False,True,False,0.999701,0.0,0.512951,1.725109,37.126217,1.725109,25.203394,17.390585,15.226082,17.83938,12.928184,21.563441,16.883764,19.346159,20.724373,18.772108,21.003017,18.744883,20.967737,18.436239,21.108725,19.128826,20.360126,17.35714,21.570376,17.041662,21.642998,17.628691,21.192741,35.401108,8.635257
899,48,11954,22800,0.524298,0.675088,0.758585,0.766372,0.986783,0.67943,0.76031,0.765219,0.991635,0.605833,0.825763,0.843698,0.974904,0.534956,0.781441,0.868574,0.886231,False,False,True,False,0.999355,0.0,0.334962,0.907308,34.2715,0.907308,34.529278,7.20498,5.289661,11.937203,13.933002,29.302249,22.526852,7.337739,28.702099,7.396938,28.873951,7.495204,28.243303,7.460794,28.38717,8.652501,27.77133,7.209386,29.294027,7.410462,29.209742,7.904858,28.652244,33.364192,15.369247
900,48,9101,16128,0.564298,0.751674,0.750722,0.750722,1.0,0.753844,0.748561,0.748561,1.0,0.690972,0.814231,0.815327,0.998352,0.628596,0.79552,0.840797,0.9366,False,False,True,False,1.0,0.0,0.433186,0.786633,53.786537,0.786633,50.686443,12.855987,10.207865,16.316229,10.629413,24.128769,19.560784,13.587884,23.282347,13.414936,23.576551,13.567154,23.289462,13.438231,23.437978,14.02388,23.827262,12.852544,24.128909,12.813097,24.378534,13.198513,24.269329,52.999904,13.499356
901,48,6361,18798,0.338387,0.456272,0.665329,0.695814,0.938217,0.742207,0.45592,0.45592,1.0,0.336312,0.590345,0.744701,0.740135,0.22912,0.449063,0.767588,0.51973,False,False,False,False,0.0,0.0,0.604889,1.580419,1.580419,1.580419,21.984385,22.023581,12.848302,29.788399,21.276197,21.38342,17.651253,21.984385,21.276197,21.965834,21.272929,22.505896,21.18605,22.536814,21.103253,26.639574,20.434366,22.050882,21.373652,22.979773,21.251713,24.559975,20.924799,0.0,0.107223
902,48,8522,16905,0.504111,0.440816,0.722078,0.898819,0.785966,0.683466,0.73758,0.73758,1.0,0.349542,0.612763,0.927907,0.643394,0.261284,0.473355,0.941137,0.487796,False,False,True,False,1.0,0.0,0.359895,0.656169,12.301045,0.656169,12.029258,11.86572,4.512585,12.245287,24.348873,27.516473,26.080702,12.444457,27.083735,11.865759,27.531656,12.549636,26.977303,12.186928,27.26147,13.902722,26.118678,11.863726,27.517645,12.224517,27.245348,12.925096,26.755295,11.644876,3.1676
903,48,7147,15035,0.475357,0.531759,0.877728,0.885303,0.990346,0.541004,0.86855,0.873248,0.993844,0.455604,0.813318,0.916496,0.878411,0.38284,0.704491,0.926511,0.746187,False,False,True,False,0.999746,0.0,0.130578,1.288413,15.493112,1.288413,18.834848,11.654167,2.333798,13.328156,18.631977,26.264565,23.20038,11.615316,26.40985,11.331327,26.601333,12.567138,25.679599,12.313138,25.867826,15.360711,23.367981,11.66536,26.258856,12.500443,25.482632,13.754069,24.465385,14.204699,7.632588
904,48,10087,18960,0.532015,0.729483,0.704168,0.714554,0.979776,0.732911,0.708191,0.71553,0.985724,0.654852,0.755304,0.779881,0.959948,0.57943,0.753453,0.824231,0.89769,False,False,False,False,0.0,0.0,0.43762,0.928998,0.928998,0.928998,12.767853,12.242523,5.486833,15.710849,24.768916,25.346251,22.767951,12.767853,24.768916,12.564456,25.01228,12.695813,24.685618,12.577509,24.825429,13.836985,24.420985,12.225902,25.346404,12.328542,25.348658,12.878358,25.017576,0.0,0.577335
905,48,6676,12000,0.556333,0.655583,0.815832,0.830558,0.97873,0.661917,0.811524,0.8245,0.980977,0.560583,0.78184,0.874238,0.880917,0.472083,0.709753,0.904325,0.767376,False,False,False,False,0.0,0.0,0.261833,1.00119,1.00119,1.00119,17.418663,17.383114,8.722953,23.09976,20.772777,21.192902,17.847279,17.418663,20.772777,17.329439,21.083934,17.294786,20.773506,17.377321,20.891541,21.251598,19.815264,17.382315,21.193734,18.20686,20.982467,19.52836,20.495959,0.0,0.420125
906,48,7103,13014,0.545797,0.714077,0.651657,0.696115,0.910742,0.731289,0.67136,0.701482,0.939885,0.608191,0.658714,0.753506,0.839645,0.514446,0.639496,0.803883,0.757708,False,False,True,False,1.0,0.0,0.478938,0.638583,20.184965,0.638583,20.138205,9.600122,6.778266,11.110798,19.767239,27.106412,23.855692,9.811816,26.75335,9.576141,27.00597,10.045239,26.717894,9.788681,26.941294,11.482613,25.958769,9.595429,27.108239,9.964005,26.941064,10.613825,26.539899,19.546382,7.339173
907,48,9254,17616,0.525318,0.714407,0.73532,0.73532,1.0,0.714464,0.735261,0.735261,1.0,0.63993,0.817675,0.819125,0.997839,0.564941,0.795792,0.855205,0.91971,False,False,True,False,0.999641,0.0,0.395121,1.03193,52.156422,1.03193,49.080795,3.042144,3.644981,5.700166,12.86008,35.570401,24.363104,3.563756,33.964011,3.368453,34.389231,3.565053,34.391447,3.434479,34.758082,3.204416,36.383378,3.043153,35.575172,2.901052,36.470426,2.955983,36.779912,51.124492,22.710321
908,48,7251,13186,0.549901,0.611861,0.882635,0.890183,0.990484,0.613909,0.880176,0.887461,0.99076,0.536099,0.818413,0.911727,0.888843,0.463294,0.724761,0.918972,0.774238,False,False,False,False,0.0,0.0,0.152317,0.982814,0.982814,0.982814,14.584563,14.483704,4.225892,18.304602,22.512775,23.212242,20.401542,14.584563,22.512775,14.451892,22.735046,14.684135,22.437033,14.531743,22.613676,20.251413,20.691546,14.498552,23.206256,15.777916,22.900162,17.708731,21.953695,0.0,0.699467
909,48,8524,18993,0.448797,0.516559,0.868821,0.868821,1.0,0.533723,0.84088,0.84088,1.0,0.445533,0.794043,0.888442,0.88198,0.37756,0.690543,0.894018,0.752112,False,False,True,False,0.999522,0.0,0.152068,0.964976,38.75098,0.964976,34.136204,7.43137,1.521763,6.840333,14.166945,29.736655,29.231732,8.924566,28.106193,8.709565,28.402632,8.331613,28.426685,8.322306,28.463593,5.814876,31.113549,7.398952,29.749561,6.373729,30.868749,5.735218,31.401095,37.786004,15.56971
910,48,5587,13076,0.427271,0.517131,0.697924,0.750665,0.908538,0.554221,0.698518,0.728301,0.944693,0.4132,0.643979,0.79678,0.770539,0.321352,0.553316,0.829843,0.624127,False,False,False,False,0.0,0.0,0.262118,2.875818,2.875818,2.875818,20.452717,19.294136,4.402546,18.031204,21.408652,21.851241,19.91869,20.452717,21.408652,19.775669,21.664737,21.527594,21.179175,21.149096,21.301753,20.33041,20.893021,19.365789,21.834486,19.320505,21.747764,19.621025,21.417179,0.0,0.442589
911,48,7010,14818,0.473073,0.654272,0.615102,0.656215,0.907561,0.685855,0.627773,0.651678,0.944793,0.534283,0.60886,0.713528,0.805849,0.425833,0.572238,0.768304,0.691583,False,False,True,False,0.997182,0.0,0.452357,1.62722,36.308487,1.62722,34.762959,21.63419,11.712687,21.994246,14.69169,21.754592,19.056034,22.096148,21.247626,21.3398,21.675183,22.69981,21.109602,22.211126,21.409098,26.927723,20.087143,21.678982,21.742337,22.816263,21.450465,24.612507,20.86354,34.681267,7.062902
912,48,7503,14976,0.501002,0.630409,0.668045,0.71878,0.904438,0.649038,0.695511,0.726852,0.941623,0.546074,0.672105,0.770726,0.840064,0.467949,0.656318,0.820491,0.76636,False,False,True,False,0.998929,0.0,0.346581,0.394977,13.889246,0.394977,13.354613,6.380648,3.08921,7.422853,23.166646,32.685318,30.195557,6.683726,32.312141,6.453285,32.607024,6.676174,32.302344,6.502466,32.542865,7.448221,31.273436,6.378071,32.684424,6.537429,32.449492,6.899684,31.957031,13.494269,9.518672
913,48,8442,16320,0.517279,0.72788,0.70321,0.706288,0.99384,0.728676,0.7043,0.706609,0.99538,0.665319,0.755503,0.764966,0.98389,0.600919,0.74298,0.793209,0.921464,False,False,True,False,1.0,0.0,0.409368,1.319963,54.538208,1.319963,66.257561,9.025586,3.892105,8.470189,10.943325,26.465014,23.685026,11.051963,24.594311,10.755745,24.927598,10.338703,24.967193,10.250731,25.069927,5.875306,29.727823,8.992577,26.479863,7.448472,28.046209,6.291558,29.310335,53.218245,15.521689
914,48,7401,19760,0.374545,0.533148,0.685556,0.692454,0.985678,0.541144,0.682693,0.686524,0.991893,0.465435,0.707965,0.74807,0.929604,0.401063,0.679746,0.782587,0.837995,False,False,False,False,0.0,0.0,0.27041,1.860183,1.860183,1.860183,15.023285,14.932171,6.136041,18.788227,24.947729,25.153031,21.189267,15.023285,24.947729,14.276944,25.288215,16.130928,24.643444,15.480161,24.936416,19.989595,23.162716,14.979868,25.140085,16.28298,24.677317,17.978382,23.986406,0.0,0.205302
915,48,6609,12501,0.528678,0.589313,0.730345,0.800733,0.892571,0.612431,0.764597,0.807341,0.93524,0.49964,0.718353,0.860391,0.813134,0.413007,0.667895,0.913035,0.71327,False,False,False,False,0.0,0.0,0.24983,0.738629,0.738629,0.738629,15.797145,16.859283,5.295599,28.165583,23.200971,23.302368,18.738878,15.797145,23.200971,15.7456,23.389594,16.108488,22.980619,15.991174,23.136897,26.017048,20.342788,16.885006,23.294352,19.399103,22.602923,22.527615,21.541713,0.0,0.101397
916,48,6327,16592,0.381328,0.397179,0.751458,0.840971,0.875929,0.648686,0.587847,0.587847,1.0,0.302314,0.61145,0.858054,0.680259,0.215405,0.434928,0.839675,0.474316,False,False,True,False,1.0,0.0,0.430395,1.985387,15.720994,1.985387,13.052105,10.023866,3.120734,7.477846,22.247168,28.463596,30.081425,10.71598,27.854307,10.001949,28.413244,11.924345,27.192503,11.475106,27.514413,12.207997,27.092824,10.088299,28.431038,10.480112,28.188497,11.198409,27.719216,13.735607,6.216428
917,48,6260,19106,0.327646,0.489584,0.666916,0.667843,0.997923,0.668376,0.490211,0.490211,1.0,0.426882,0.697598,0.726336,0.946326,0.366115,0.672133,0.761687,0.851118,False,False,False,False,0.0,0.0,0.50397,1.646245,1.646245,1.646245,12.039936,11.131843,6.391276,14.019329,28.219082,28.833245,22.155488,12.039936,28.219082,11.050054,28.797776,13.130831,27.681826,12.383067,28.100576,14.874866,26.782558,11.181256,28.808217,11.945368,28.404673,13.221831,27.682726,0.0,0.614163
918,48,7752,14849,0.522055,0.438548,0.675358,0.882985,0.741744,0.703818,0.741747,0.741747,1.0,0.337868,0.552085,0.905322,0.585913,0.242373,0.413398,0.922478,0.428277,False,False,False,False,0.0,0.0,0.379456,0.819689,0.819689,0.819689,8.562392,8.160518,5.715514,10.609477,27.195217,27.44004,22.96037,8.562392,27.195217,8.28126,27.373758,8.583936,26.904394,8.364121,27.064098,9.777433,25.929628,8.143704,27.44124,8.382224,27.180149,8.940618,26.645514,0.0,0.244823
919,48,7576,14694,0.515585,0.545733,0.731431,0.821549,0.869588,0.57173,0.770305,0.827521,0.917635,0.461413,0.688941,0.863717,0.772967,0.3807,0.625324,0.905792,0.668823,False,False,False,False,0.0,0.0,0.196123,0.550904,0.550904,0.550904,5.861096,4.928195,1.205535,5.712997,28.168512,30.024901,29.544142,5.861096,28.168512,5.534715,28.6347,5.594025,28.118083,5.564238,28.089754,5.56305,29.273822,4.913323,30.010342,4.682902,30.74547,4.895812,30.44468,0.0,1.856389
920,48,5713,13775,0.414737,0.543303,0.682218,0.715126,0.936811,0.579528,0.6676,0.686835,0.959741,0.449728,0.653659,0.759806,0.82391,0.362178,0.59779,0.802566,0.700858,False,False,True,False,1.0,0.0,0.298065,1.155214,49.436905,1.155214,62.426338,13.468872,6.257504,17.748409,11.732682,23.705412,20.534701,14.565261,22.458078,14.408309,22.707461,14.527102,22.318606,14.29074,22.54918,13.089445,24.504588,13.491919,23.692938,12.9619,24.429356,12.793279,24.732513,48.281691,11.97273
921,48,8523,14268,0.597351,0.628539,0.863123,0.903546,0.950722,0.636389,0.875053,0.904736,0.963862,0.535394,0.786054,0.931143,0.834565,0.445683,0.67609,0.944016,0.704329,False,False,True,False,1.0,0.0,0.149695,1.040963,50.075081,1.040963,51.132542,7.340529,2.194372,12.822519,12.316816,27.03558,21.705636,7.111463,26.74955,7.20122,26.683955,7.021354,26.823459,7.111737,26.699382,10.983457,24.603271,7.34315,27.031934,8.235519,26.685417,9.483085,25.784484,49.034118,14.718764
922,48,9286,17952,0.517268,0.665664,0.777071,0.777071,1.0,0.665887,0.776811,0.776811,1.0,0.60127,0.854451,0.857143,0.996339,0.535706,0.82779,0.890194,0.921925,False,False,True,False,1.0,0.0,0.299792,0.695553,9.819294,0.695553,12.363594,3.414531,1.675437,4.052804,22.344449,36.345141,33.020213,3.85401,34.752527,3.702563,35.266431,3.844246,34.629787,3.706188,35.175957,3.386245,36.867209,3.415536,36.337066,3.251813,37.087241,3.223993,37.296068,9.123741,14.000692
923,48,8592,17232,0.498607,0.716168,0.689917,0.692488,0.994646,0.718837,0.689539,0.691209,0.996508,0.654074,0.745277,0.752551,0.987197,0.590239,0.735387,0.781732,0.925396,False,False,False,False,0.0,0.0,0.441319,0.860417,0.860417,0.860417,18.971756,18.591364,11.654437,25.401031,20.654664,21.156791,17.351874,18.971756,20.654664,18.883574,20.856344,18.819445,20.605008,18.731882,20.735153,21.968615,19.974309,18.589502,21.153576,19.091209,21.081891,20.24321,20.659091,0.0,0.502127
924,48,8284,17856,0.463934,0.736447,0.622804,0.625551,0.992999,0.737175,0.623789,0.625921,0.994568,0.671651,0.679811,0.684232,0.990584,0.606015,0.726615,0.743,0.970546,False,False,False,False,0.0,0.0,0.494776,1.295689,1.295689,1.295689,6.971753,6.297562,3.931989,8.827016,27.896626,28.529436,24.483301,6.971753,27.896626,6.556575,27.971053,7.710808,27.604415,7.521487,27.678378,7.79909,27.800519,6.340697,28.513463,6.467528,28.675432,6.937068,28.413401,0.0,0.63281
925,48,9021,19728,0.457269,0.702758,0.622129,0.633078,0.972952,0.706052,0.626737,0.634791,0.980157,0.623783,0.668779,0.694539,0.947456,0.545519,0.714595,0.766122,0.913978,False,False,True,False,0.969646,0.0,0.442327,0.808101,9.760095,0.808101,10.227728,2.605624,2.164876,5.591693,24.92864,39.279773,29.292568,2.627499,39.118463,2.564609,39.339475,2.738019,38.537152,2.633817,38.835872,3.676643,36.571193,2.61246,39.245975,2.850423,38.632911,3.21376,37.671968,8.951994,14.351133
926,48,7417,13949,0.531723,0.520539,0.691014,0.826057,0.808683,0.562979,0.737201,0.825162,0.873669,0.41831,0.622032,0.870951,0.685183,0.32246,0.530704,0.918408,0.556964,False,False,True,False,1.0,0.0,0.210196,0.824046,26.848337,0.824046,17.254866,20.992809,14.038018,18.267538,15.412489,19.272622,16.859265,20.053751,18.909721,20.139095,19.194831,19.343086,19.153196,19.07766,19.32694,26.719698,17.957896,20.957306,19.278828,22.437643,19.067775,24.31657,18.603996,26.024291,3.860133
927,48,10044,18144,0.553571,0.795855,0.695568,0.695568,1.0,0.796572,0.694942,0.694942,1.0,0.736662,0.747667,0.749289,0.997113,0.675705,0.744135,0.776183,0.947431,False,False,False,False,0.0,0.0,0.544198,1.283621,1.283621,1.283621,20.745586,20.242102,19.32033,33.788132,19.966021,20.485774,14.927469,20.745586,19.966021,20.584461,20.206434,21.004879,19.828417,20.756439,20.028895,25.712399,19.065289,20.264669,20.478598,21.316341,20.344294,23.194279,19.835995,0.0,0.519753
928,48,5920,15520,0.381443,0.528286,0.591053,0.639712,0.88598,0.544588,0.619198,0.65026,0.928378,0.455155,0.585929,0.679077,0.810304,0.385825,0.528626,0.687709,0.695608,False,False,True,False,0.991042,0.0,0.297917,2.157882,25.834757,2.157882,25.867342,9.466441,3.373785,12.469369,18.040708,28.694315,23.667149,9.941329,28.180079,9.168525,28.707984,11.032151,27.640989,10.510811,27.994767,12.322016,27.017833,9.533559,28.663698,10.22973,28.321099,11.148311,27.745945,23.676875,10.653607
929,48,9664,19640,0.492057,0.545214,0.902503,0.902503,1.0,0.545825,0.901493,0.901493,1.0,0.479582,0.834375,0.921542,0.898179,0.41558,0.737088,0.926734,0.782699,False,False,True,False,0.997995,0.0,0.105353,0.592656,10.082331,0.592656,9.521661,3.801807,0.937817,4.498414,26.719615,36.546539,34.763391,3.797358,36.516493,3.787424,36.561145,3.674221,36.572498,3.642453,36.657951,4.894316,34.694916,3.791977,36.564124,4.015556,36.191665,4.397213,35.528466,9.489675,9.826924
930,48,7011,12376,0.5665,0.583791,0.897122,0.931765,0.960205,0.596154,0.914704,0.931689,0.980459,0.492566,0.794496,0.951936,0.827699,0.403038,0.666528,0.962109,0.684496,False,False,True,False,0.99795,0.0,0.090028,0.542777,19.467102,0.542777,16.68692,7.810584,1.616341,13.152237,19.291379,27.43058,22.303967,8.466268,26.328843,8.277279,26.756686,8.515142,26.172183,8.419531,26.576902,9.414587,26.32927,7.806352,27.430764,7.993154,27.588862,8.571959,27.174113,18.924325,8.139201
931,48,6654,12555,0.529988,0.693031,0.68053,0.714631,0.934476,0.705536,0.696784,0.719124,0.957319,0.602947,0.701028,0.774373,0.880974,0.520669,0.697902,0.829432,0.814848,False,False,False,False,0.0,0.0,0.416031,0.530814,0.530814,0.530814,11.69993,11.350215,5.637858,13.478809,26.749028,26.991821,24.186363,11.69993,26.749028,11.445497,26.919043,11.650786,26.821395,11.360034,27.066202,12.812043,26.009416,11.353872,26.995433,11.581905,26.852119,12.087316,26.50868,0.0,0.242793
932,48,12805,21600,0.592824,0.756898,0.783228,0.783228,1.0,0.756898,0.783228,0.783228,1.0,0.687176,0.862194,0.862427,0.999688,0.615648,0.836817,0.89427,0.9287,False,False,True,False,1.0,0.0,0.402047,0.980671,26.558764,0.980671,26.721827,8.590108,3.837559,10.383054,17.959859,28.871666,26.745962,8.756319,28.519816,8.663881,28.749577,8.564207,28.63492,8.552232,28.724928,9.908968,27.717045,8.585526,28.875727,8.779696,28.722855,9.226838,28.315177,25.578093,10.911807
933,48,7752,17249,0.449417,0.639863,0.69729,0.699375,0.995743,0.640965,0.699006,0.699891,0.998194,0.577657,0.74852,0.76114,0.978328,0.515914,0.713418,0.779076,0.89435,False,False,True,False,1.0,0.0,0.340213,1.661437,8.074445,1.661437,8.097567,6.47635,1.8542,5.077959,27.925335,31.483609,33.085117,6.684985,31.243452,5.957215,31.893496,8.186103,30.172349,7.644307,30.601024,9.618765,28.490627,6.544419,31.435105,7.401445,30.603345,8.431287,29.575483,6.413008,3.558274
934,48,6944,14112,0.492063,0.560587,0.877291,0.877512,0.999712,0.562854,0.873757,0.873977,0.999712,0.477891,0.829702,0.920374,0.893865,0.399731,0.7235,0.936536,0.760801,False,False,False,False,0.0,0.0,0.139648,0.624674,0.624674,0.624674,8.086165,8.051556,1.604678,8.545938,30.200961,30.457672,29.660382,8.086165,30.200961,8.101143,30.281045,8.179963,29.90089,8.165754,29.982757,9.145641,29.366547,8.060772,30.441802,8.218174,30.327727,8.578101,29.945469,0.0,0.256711
935,48,9228,17784,0.518893,0.612686,0.846577,0.846733,0.999783,0.619152,0.837737,0.837889,0.999783,0.522998,0.814967,0.894527,0.901604,0.438484,0.733985,0.924211,0.780993,False,False,True,False,0.998364,0.0,0.208041,0.625877,44.514141,0.625877,26.93881,16.941122,6.326788,19.699249,14.434999,23.201887,20.389619,16.803967,23.12984,16.522287,23.313598,17.18574,22.916457,16.909189,23.063695,24.261234,20.198822,16.951525,23.194643,18.710518,22.478444,21.242054,21.403954,43.888264,8.766888
936,48,9133,17088,0.534469,0.743329,0.719021,0.719021,1.0,0.74368,0.718681,0.718681,1.0,0.674274,0.792658,0.792658,1.0,0.604284,0.796436,0.835464,0.944597,False,False,False,False,0.0,0.0,0.449151,1.084643,1.084643,1.084643,9.636994,9.323187,5.123696,11.790977,28.263915,28.592953,25.54154,9.636994,28.263915,9.378079,28.554376,9.741852,28.112653,9.564765,28.327998,11.232016,26.930691,9.315559,28.59667,9.665317,28.287068,10.321143,27.700198,0.0,0.329038
937,48,8003,15314,0.522594,0.583127,0.754715,0.815566,0.910034,0.598603,0.779275,0.820334,0.939648,0.506661,0.742235,0.865447,0.83906,0.434831,0.706074,0.911248,0.758216,False,False,True,False,0.997538,0.0,0.216113,0.380021,9.182055,0.380021,8.632221,4.006914,1.624493,5.704069,26.890666,35.571597,31.876598,4.037902,35.364059,3.983381,35.61236,3.893707,35.547417,3.813445,35.786142,4.800825,34.330803,3.991378,35.604776,4.158191,35.36193,4.437961,34.918805,8.802034,8.680931
938,48,11489,21744,0.528376,0.754553,0.69529,0.697324,0.995822,0.757726,0.693719,0.695193,0.996954,0.682211,0.759088,0.765741,0.988685,0.609042,0.765184,0.80956,0.933153,False,False,False,False,0.0,0.0,0.482789,1.286624,1.286624,1.286624,12.897148,12.172948,12.46956,19.081266,23.552131,24.197298,17.232662,12.897148,23.552131,12.650564,23.795275,12.980619,23.617198,12.848406,23.657048,14.345432,22.77943,12.17495,24.197382,12.383381,24.127953,13.115821,23.608596,0.0,0.645167
939,48,5626,14070,0.399858,0.495593,0.733966,0.764807,0.94792,0.718763,0.556314,0.556314,1.0,0.424591,0.72619,0.816873,0.867401,0.35629,0.656907,0.841412,0.749733,False,False,True,False,0.999645,0.0,0.510658,2.321609,42.626953,2.321609,63.199963,10.004325,3.276093,8.194277,10.696252,27.192135,27.225137,10.864676,26.338095,10.172829,26.786379,11.600071,26.145806,11.188826,26.406189,10.968243,26.774576,10.058123,27.167228,10.143974,27.299989,10.461784,27.160299,40.305344,16.495883
940,48,8977,18240,0.49216,0.537336,0.724176,0.804714,0.878579,0.564912,0.757932,0.806774,0.926033,0.468805,0.686844,0.834639,0.795032,0.403893,0.630487,0.85788,0.704021,False,False,False,False,0.0,0.0,0.212026,0.540178,0.540178,0.540178,8.891798,8.327393,3.82108,9.788608,25.712017,26.354699,24.251585,8.891798,25.712017,8.656307,25.986343,8.856745,25.655599,8.644907,25.832602,9.513758,25.176367,8.315213,26.354171,8.340314,26.322211,8.725892,25.897455,0.0,0.642682
941,48,9125,18336,0.497655,0.747491,0.653582,0.658398,0.988932,0.749836,0.655497,0.658739,0.992548,0.678229,0.70902,0.719283,0.980274,0.607548,0.73383,0.769928,0.939945,False,False,True,False,1.0,0.0,0.508631,1.380777,22.382803,1.380777,21.741405,6.294575,4.63283,10.784037,16.337152,30.500989,24.353813,6.52347,29.744012,6.297023,30.037714,6.831416,29.509198,6.625534,29.700593,8.579799,28.36834,6.309991,30.48528,6.776475,30.273134,7.558466,29.481391,21.002026,14.163837
942,48,8242,19149,0.430414,0.54431,0.778974,0.784131,0.991628,0.555173,0.768128,0.771235,0.994783,0.473132,0.758691,0.823841,0.905605,0.404042,0.695924,0.847486,0.795559,False,False,False,False,0.0,0.0,0.221968,1.194951,1.194951,1.194951,13.24998,13.242376,5.250573,22.805265,25.175119,25.629377,19.634109,13.24998,25.175119,12.728262,25.58963,12.986694,25.125453,12.795923,25.273316,21.957575,21.589719,13.249251,25.62641,15.496886,24.652465,18.503479,23.16514,0.0,0.454258
943,48,11376,21360,0.532584,0.70014,0.737676,0.747442,0.982595,0.706273,0.740349,0.746189,0.989539,0.63015,0.789982,0.814339,0.96352,0.558661,0.755592,0.840694,0.881857,False,False,True,False,0.9999,0.0,0.382712,1.297676,72.1063,1.297676,73.617584,13.992118,8.139757,20.333685,9.318198,23.070599,19.15169,15.224566,22.103061,15.351031,22.228707,14.690254,22.320306,14.769808,22.388685,13.249092,23.532836,13.990916,23.069968,13.140999,23.64115,12.821056,23.810924,70.808624,13.752401
944,48,9278,20244,0.458309,0.526329,0.870765,0.870765,1.0,0.541691,0.84607,0.84607,1.0,0.455493,0.824899,0.906843,0.901272,0.389103,0.739152,0.925606,0.785837,False,False,True,False,1.0,0.0,0.153839,0.666697,17.082497,0.666697,18.381836,8.327513,2.730561,10.524754,20.673548,28.688117,25.371914,7.836136,28.720428,7.899045,28.799089,7.893332,28.581725,7.897859,28.681622,11.887619,25.765705,8.308867,28.701315,9.214163,28.008309,10.414709,26.955072,16.4158,8.014569
945,48,10098,19344,0.522022,0.721929,0.718908,0.720659,0.996633,0.724359,0.717726,0.718955,0.997623,0.659326,0.779889,0.785087,0.991582,0.593414,0.773549,0.819845,0.931967,False,False,True,False,1.0,0.0,0.424832,1.067597,38.729397,1.067597,47.249454,10.773321,6.51013,14.535749,12.838418,24.430953,21.591659,11.444741,23.694418,11.325477,23.94574,11.1462,23.982609,11.095002,24.095514,12.672245,23.592619,10.763187,24.433145,10.904865,24.537468,11.553212,24.231449,37.6618,11.592535
946,48,6949,14670,0.473688,0.463463,0.824068,0.913517,0.893798,0.719973,0.655887,0.656694,0.998129,0.382277,0.726285,0.942047,0.760253,0.306612,0.600308,0.954647,0.617931,False,False,False,False,0.0,0.0,0.469499,1.341925,1.341925,1.341925,36.532497,35.30695,16.667961,44.590782,16.964772,17.491786,14.34615,36.532497,16.964772,36.121506,17.197468,36.157482,17.085328,36.12841,17.160682,39.71032,16.559539,35.323597,17.489341,35.768311,17.466233,37.277451,17.134626,0.0,0.527014
947,48,6176,15066,0.40993,0.585955,0.586214,0.628115,0.89783,0.635404,0.584406,0.606811,0.940576,0.467676,0.554615,0.669458,0.763763,0.367915,0.482667,0.688255,0.617714,False,False,False,False,0.0,0.0,0.421935,1.81706,1.81706,1.81706,19.126944,18.05802,7.589726,15.266731,23.121741,23.812944,23.050459,19.126944,23.121741,18.686205,23.33641,19.726307,22.87019,19.517433,22.968654,20.596827,23.165256,18.111021,23.793818,18.345045,23.923554,19.202343,23.698632,0.0,0.691203
948,48,7012,12987,0.539925,0.644568,0.730371,0.775654,0.925984,0.659275,0.750478,0.779841,0.952225,0.55879,0.743098,0.838225,0.867513,0.479171,0.728258,0.896192,0.795351,False,False,False,False,0.0,0.0,0.314477,0.547727,0.547727,0.547727,19.161581,19.517778,6.608201,23.298014,21.844898,22.18508,20.333174,19.161581,21.844898,19.425081,21.959709,18.084379,22.105927,18.360477,22.214849,23.161865,20.770608,19.500523,22.193047,20.231983,22.034945,21.499525,21.524788,0.0,0.340182
949,48,11302,19584,0.577104,0.772314,0.743091,0.74486,0.996815,0.773999,0.742739,0.743964,0.997788,0.702768,0.80805,0.813921,0.991152,0.631281,0.792939,0.846558,0.926031,False,False,True,False,0.999759,0.0,0.46583,1.334823,48.299564,1.334823,48.019966,14.38356,7.443492,17.818085,12.514261,23.222312,20.165294,15.161564,22.45333,15.080693,22.618366,15.097771,22.592185,15.026544,22.705479,15.336224,22.646127,14.394768,23.21775,14.1979,23.441502,14.467853,23.232355,46.964741,10.708051
950,48,6505,17352,0.374885,0.40589,0.734921,0.814852,0.882244,0.646496,0.579872,0.579872,1.0,0.310858,0.600834,0.827957,0.686549,0.220378,0.429026,0.810931,0.47671,False,False,True,False,0.999908,0.0,0.387388,0.682247,30.134077,0.682247,25.259697,7.692544,3.91712,13.850013,16.687954,27.711876,21.842829,6.91422,27.996026,7.195542,27.932712,6.492237,28.006283,6.535793,28.077042,11.212605,25.110697,7.671894,27.717999,8.559211,27.068236,9.766641,26.148776,29.45183,11.023922
951,48,6975,13775,0.506352,0.553321,0.705656,0.792312,0.865806,0.579456,0.745478,0.800301,0.915842,0.464537,0.677411,0.844038,0.774337,0.382214,0.627227,0.896106,0.676416,False,False,False,False,0.0,0.0,0.227206,0.581176,0.581176,0.581176,9.496058,9.698065,2.071373,12.04994,26.98385,27.711641,25.171163,9.496058,26.98385,9.425281,27.343905,8.906524,27.138771,8.93233,27.30565,15.554887,25.395915,9.68368,27.723102,11.110538,27.419234,13.174146,26.554868,0.0,0.727791
952,48,7447,11925,0.624486,0.660545,0.897709,0.920274,0.973412,0.662642,0.899159,0.919641,0.975829,0.564109,0.825841,0.953025,0.860884,0.473878,0.722062,0.971863,0.737478,False,False,True,False,1.0,0.0,0.141804,0.918639,14.453699,0.918639,15.425719,9.418513,2.001861,10.395775,21.688127,26.586716,25.739656,8.95139,26.427581,8.995882,26.662775,8.824449,26.381671,8.904704,26.475293,11.742984,25.293416,9.423347,26.590246,10.077929,26.312039,10.864598,25.8621,13.53506,4.898589
953,48,6718,15120,0.444312,0.712302,0.600732,0.609378,0.976928,0.716005,0.604977,0.610844,0.98437,0.644378,0.646923,0.663656,0.962489,0.578373,0.678571,0.714808,0.930485,False,False,False,False,0.0,0.0,0.495834,1.017615,1.017615,1.017615,5.484469,5.299593,5.323217,10.857348,31.716382,32.37809,24.510599,5.484469,31.716382,5.542473,31.635573,5.721345,31.693453,5.651037,31.702424,6.293292,31.354116,5.308574,32.368078,5.426218,32.578819,5.77399,32.19714,0.0,0.661708
954,48,6948,13608,0.510582,0.524618,0.919995,0.945511,0.971503,0.532113,0.910205,0.933711,0.973086,0.447163,0.813161,0.960559,0.841249,0.370811,0.686445,0.967499,0.702648,False,False,True,False,1.0,0.0,0.072072,0.667918,65.91732,0.667918,68.959602,12.622865,1.741642,14.821819,8.896111,23.595936,21.594228,12.927701,23.403448,12.873681,23.398554,12.862598,23.226298,12.856361,23.253286,15.527202,22.340472,12.612022,23.597224,13.087651,23.457371,14.128142,23.011643,65.249402,14.699825
955,48,7027,14849,0.473231,0.545087,0.783557,0.820731,0.945354,0.567513,0.769812,0.797674,0.956596,0.461782,0.738978,0.860435,0.839619,0.38447,0.654456,0.882466,0.716949,False,False,False,False,0.0,0.0,0.217975,1.046408,1.046408,1.046408,28.497368,29.576918,9.171525,36.812107,18.203682,18.228133,15.847549,28.497368,18.203682,28.937527,18.21908,28.91898,18.050549,29.040985,18.091395,37.960297,16.287442,29.595703,18.221131,31.512215,17.834503,34.360611,17.148792,0.0,0.024451
956,48,8426,20286,0.41536,0.551316,0.753398,0.753398,1.0,0.563048,0.737699,0.737699,1.0,0.481712,0.711625,0.774253,0.897935,0.414966,0.645886,0.785222,0.784477,False,False,True,False,0.873356,0.0,0.245447,0.648623,36.555958,0.648623,37.713547,11.201005,7.702445,17.172007,10.554725,24.3456,18.823387,11.329219,23.691264,11.072633,23.957369,11.247725,23.65556,11.209115,23.696685,18.28511,21.120846,11.207215,24.342746,12.959846,23.784441,15.42175,22.572379,35.907335,13.790875
957,48,11105,21840,0.508471,0.671154,0.724085,0.738163,0.974336,0.676236,0.731513,0.740131,0.984331,0.600824,0.78179,0.81009,0.957226,0.530357,0.753052,0.841406,0.877623,False,False,True,False,0.997951,0.0,0.345133,0.885297,10.624375,0.885297,11.983251,3.401861,1.763546,6.737206,24.204713,34.590165,26.768559,3.668978,33.822145,3.58163,34.055673,3.567012,33.706537,3.456071,34.118756,3.652169,34.87179,3.385502,34.596649,3.330152,34.941934,3.421882,35.04013,9.739078,10.385452
958,48,6798,14210,0.478395,0.515341,0.881044,0.903182,0.972933,0.534131,0.868086,0.880896,0.983525,0.435538,0.799252,0.932138,0.848632,0.358269,0.684233,0.948733,0.710503,False,False,True,False,1.0,0.0,0.12075,1.264706,30.772575,1.264706,26.537806,16.160685,3.436949,15.877758,14.864926,23.022507,22.31544,16.926205,22.315532,16.529617,22.63463,17.28577,22.131642,16.990341,22.333492,18.13759,21.995995,16.176424,23.017492,16.382025,23.027246,17.020153,22.659575,29.507869,8.157581
959,48,5714,13552,0.421635,0.56095,0.751644,0.751644,1.0,0.561098,0.751447,0.751447,1.0,0.483692,0.790833,0.826545,0.948197,0.408205,0.748717,0.87039,0.842667,False,False,False,False,0.0,0.0,0.232585,0.704049,0.704049,0.704049,8.465815,7.642807,1.863145,7.98034,29.339497,30.142213,28.893234,8.465815,29.339497,8.092404,29.594365,9.0014,28.883711,8.854509,28.973883,8.512951,29.535482,7.6718,30.118535,7.604655,30.291014,7.887002,30.082692,0.0,0.802716
960,48,8339,16560,0.503563,0.758213,0.662159,0.66295,0.998201,0.760809,0.660297,0.660925,0.998561,0.694686,0.720243,0.722184,0.996283,0.630012,0.721886,0.754337,0.943758,False,False,False,False,0.0,0.0,0.518428,1.19361,1.19361,1.19361,15.358316,16.121758,16.996311,33.960228,22.384262,22.522007,15.827648,15.358316,22.384262,15.193708,22.571489,15.355918,22.334526,15.108366,22.489764,23.626854,20.087867,16.10253,22.523924,18.128353,21.988853,20.701084,21.120181,0.0,0.137745
961,48,8539,17568,0.486054,0.570583,0.846513,0.848962,0.996604,0.578893,0.838542,0.839036,0.999297,0.494023,0.7986,0.880862,0.895304,0.422643,0.714715,0.896162,0.779248,False,False,False,False,0.0,0.0,0.179754,0.727877,0.727877,0.727877,12.000664,11.861615,3.945398,13.491431,24.679725,25.318132,23.127087,12.000664,24.679725,11.938283,24.924099,12.093142,24.621008,12.026662,24.779793,15.1102,23.940431,11.872584,25.316523,12.519889,25.249875,13.631144,24.749389,0.0,0.638407
962,48,10951,19536,0.560555,0.697328,0.77468,0.787418,0.979545,0.706644,0.775897,0.783484,0.987672,0.619932,0.827127,0.862026,0.953338,0.541923,0.76918,0.884481,0.855082,False,False,True,False,1.0,0.0,0.348049,1.119084,43.022793,1.119084,40.993942,17.467995,7.4245,26.517487,12.983351,21.435174,17.830681,17.592093,21.116913,17.724104,21.26394,17.861565,20.906658,17.766232,21.072353,20.509787,20.211549,17.466534,21.434302,17.897482,21.290116,18.91255,20.856842,41.903709,8.451823
963,48,5493,15283,0.359419,0.487862,0.692237,0.710435,0.964318,0.7562,0.475296,0.475296,1.0,0.412812,0.694716,0.766841,0.880757,0.341229,0.635308,0.797699,0.757328,False,False,True,False,1.0,0.0,0.606231,1.683861,53.788731,1.683861,47.064629,11.418958,7.393905,13.771466,12.069464,26.522511,22.61324,12.119667,25.869468,11.864859,26.108419,12.929183,25.504926,12.837551,25.523812,12.819953,25.822269,11.455975,26.503964,11.466776,26.589357,11.947084,26.343765,52.10487,14.453047
964,48,8130,16752,0.485315,0.804083,0.603563,0.603563,1.0,0.804919,0.602937,0.602937,1.0,0.754596,0.642626,0.642829,0.999508,0.704453,0.658705,0.670706,0.973555,False,False,False,False,0.0,0.0,0.620854,1.162917,1.162917,1.162917,26.070356,24.998688,19.085325,30.418245,20.168785,20.573815,17.064939,26.070356,20.168785,25.265232,20.440017,26.485157,20.028753,25.948708,20.228472,29.430874,19.407207,25.015743,20.567024,25.711029,20.411857,27.240427,20.00473,0.0,0.40503
965,48,4669,12717,0.367146,0.498624,0.68529,0.70604,0.958878,0.68664,0.534524,0.534585,0.999786,0.420382,0.724643,0.787131,0.901264,0.344499,0.674995,0.832458,0.781109,False,False,False,False,0.0,0.0,0.498633,1.858847,1.858847,1.858847,10.00921,9.477047,3.032596,10.483187,27.679681,28.08989,26.663987,10.00921,27.679681,9.519097,27.968301,10.999785,27.273374,10.800029,27.371778,11.116798,27.374506,9.537731,28.063024,9.867566,27.981298,10.401942,27.743294,0.0,0.410209
966,48,7895,16422,0.480758,0.440628,0.665309,0.835406,0.765674,0.699123,0.687658,0.687658,1.0,0.343076,0.572774,0.874512,0.624066,0.251614,0.456759,0.912633,0.477644,False,False,True,False,1.0,0.0,0.419608,0.665963,15.321801,0.665963,8.549419,5.986362,7.683124,9.219379,22.549359,31.66254,23.959873,5.588178,31.698577,5.767279,31.629362,5.281022,31.81644,5.42757,31.676472,9.001183,28.852714,5.993329,31.657574,6.788009,31.058581,7.817986,30.046565,14.655838,9.113181
967,48,10732,19296,0.556177,0.774772,0.71786,0.71786,1.0,0.776119,0.716613,0.716613,1.0,0.703825,0.789431,0.78978,0.999441,0.630027,0.781384,0.825862,0.93552,False,False,False,False,0.0,0.0,0.491709,0.80309,0.80309,0.80309,14.12865,13.181016,9.732524,17.741894,23.088721,23.846623,20.08378,14.12865,23.088721,14.087153,23.23774,13.930519,23.21753,13.862654,23.329948,14.169431,23.067274,13.178967,23.849894,12.918251,24.04092,13.200491,23.750658,0.0,0.757902
968,48,7718,14123,0.546484,0.579905,0.91432,0.927717,0.984452,0.585499,0.91484,0.923691,0.989635,0.495362,0.828508,0.952973,0.863825,0.416271,0.711606,0.961558,0.732444,False,False,False,False,0.0,0.0,0.098517,0.824044,0.824044,0.824044,14.543491,14.06798,1.893521,15.753131,22.080478,22.61928,21.226818,14.543491,22.080478,14.389004,22.240166,14.17673,22.433327,14.050056,22.464789,16.731104,21.827226,14.067591,22.622007,14.435994,22.676831,15.334024,22.392664,0.0,0.538802
969,48,7575,16080,0.471082,0.726617,0.628668,0.636255,0.981386,0.730286,0.633658,0.638082,0.989175,0.656405,0.675136,0.692279,0.96462,0.58694,0.714502,0.751218,0.935974,False,False,True,False,0.999882,0.0,0.467607,0.813874,29.382677,0.813874,31.893818,3.376062,2.615403,6.186007,16.972483,35.088433,28.0202,3.251397,35.088429,3.256414,35.197306,3.455798,34.833221,3.350231,35.019127,4.819538,32.29101,3.378834,35.082918,3.714411,34.427034,4.212453,33.423054,28.568803,18.11595
970,48,7610,15104,0.50384,0.533302,0.637913,0.757418,0.801708,0.579648,0.698143,0.768475,0.8841,0.408236,0.562436,0.804249,0.651643,0.294889,0.448607,0.838797,0.490933,False,False,False,False,0.0,0.0,0.269682,0.613335,0.613335,0.613335,16.022865,15.493517,5.675429,16.12339,23.842907,24.365235,22.769008,16.022865,23.842907,15.815812,24.088404,16.126982,23.761028,16.003153,23.871252,19.500088,22.626324,15.489312,24.36762,16.148314,24.160414,17.543451,23.528471,0.0,0.522328
971,48,4836,13775,0.351071,0.519927,0.633715,0.649818,0.962366,0.528131,0.641279,0.650447,0.978495,0.442323,0.693893,0.734778,0.925765,0.367768,0.670096,0.784248,0.821547,False,False,True,False,1.0,0.0,0.284372,3.526457,6.989671,3.526457,9.127723,14.246346,2.483536,8.458988,27.083348,26.196757,28.301913,14.384685,25.959601,13.448304,26.41989,16.183348,25.36454,15.562724,25.629953,17.884892,24.699558,14.324166,26.171023,15.361663,25.775568,16.533981,25.272619,3.463214,-0.886591
972,48,10138,19920,0.508936,0.817721,0.608166,0.613543,0.985796,0.821335,0.608925,0.612982,0.989248,0.765863,0.636633,0.647483,0.974354,0.71255,0.653326,0.677399,0.948412,False,False,False,False,0.0,0.0,0.646289,0.949192,0.949192,0.949192,36.827251,35.775135,26.37661,42.486847,16.218936,16.592023,13.182697,36.827251,16.218936,36.095745,16.443358,36.755966,16.193638,36.644703,16.277389,41.609356,15.456058,35.777206,16.588491,36.70517,16.448575,38.681561,16.050168,0.0,0.373087
973,48,7266,15120,0.480556,0.554563,0.850875,0.85808,0.990228,0.563624,0.838379,0.844872,0.990917,0.47705,0.809649,0.898101,0.89155,0.402579,0.728767,0.924758,0.774704,False,False,False,False,0.0,0.0,0.168322,0.746414,0.746414,0.746414,16.441692,16.033949,5.373016,20.981512,22.72814,23.107241,19.583644,16.441692,22.72814,16.279062,22.91538,16.845858,22.411206,16.627901,22.530717,19.942747,21.206674,16.047253,23.101934,16.716763,22.810803,18.071888,22.126988,0.0,0.379101
974,48,7948,15221,0.522173,0.54773,0.68512,0.794171,0.83304,0.584456,0.738108,0.804069,0.899975,0.454307,0.641776,0.840202,0.731002,0.36903,0.575494,0.882143,0.623427,False,False,False,False,0.0,0.0,0.238966,0.684403,0.684403,0.684403,16.124056,16.57398,7.059764,22.642048,22.350911,22.373284,19.271446,16.124056,22.350911,16.151485,22.399414,16.060057,22.306978,16.144773,22.29636,21.095957,20.695351,16.567102,22.371247,17.703741,22.029378,19.238802,21.440922,0.0,0.022373
975,48,5402,12582,0.429344,0.640916,0.626132,0.642981,0.95983,0.662057,0.624128,0.633493,0.97686,0.520903,0.63445,0.708117,0.859126,0.416627,0.603254,0.764021,0.741392,False,False,False,False,0.0,0.0,0.423259,1.820474,1.820474,1.820474,22.018204,19.316179,8.707428,18.749475,21.589328,22.797375,20.749376,22.018204,21.589328,20.81587,22.02609,22.891891,21.398581,22.314327,21.593291,20.005369,22.75314,19.349871,22.786382,18.66136,23.218964,18.88023,23.205572,0.0,1.208047
976,48,7926,16660,0.47575,0.531813,0.886491,0.890293,0.995206,0.543577,0.872533,0.873785,0.99836,0.455282,0.81288,0.916941,0.877492,0.382713,0.708109,0.929893,0.748044,False,False,True,False,0.999771,0.0,0.130868,0.954164,60.307266,0.954164,53.966396,13.042981,2.809289,14.408865,11.511288,24.1788,22.890342,13.536294,23.294046,13.4055,23.478168,13.390361,23.506664,13.389394,23.536155,15.494995,23.733942,13.045925,24.178008,13.383422,24.493242,14.216923,24.329247,59.353102,12.667512
977,48,9447,16944,0.557542,0.689507,0.755858,0.778567,0.962845,0.696176,0.765248,0.780688,0.974807,0.60157,0.823753,0.870303,0.939028,0.514754,0.762099,0.90094,0.831798,False,False,True,False,0.999867,0.0,0.342804,1.133831,10.121427,1.133831,10.07004,2.060619,2.155751,8.161074,25.765617,39.482417,23.872885,2.488374,38.161051,2.298119,38.630293,2.350552,37.877884,2.196747,38.379465,2.291062,38.64581,2.041353,39.502758,1.93677,39.851064,2.022864,39.512824,8.987596,13.7168
978,48,5997,15066,0.398049,0.561861,0.592907,0.635913,0.897615,0.604872,0.596745,0.619664,0.941637,0.448427,0.567478,0.683393,0.769885,0.3484,0.511153,0.724709,0.634317,False,False,False,False,0.0,0.0,0.380417,2.350939,2.350939,2.350939,18.339615,15.947251,6.523762,14.895559,22.869005,24.011,22.711213,18.339615,22.869005,17.527319,23.217028,19.003613,22.687504,18.505253,22.874671,15.545829,24.402186,15.989272,23.997223,14.992607,24.519444,14.84131,24.667218,0.0,1.141995
979,48,8575,16656,0.514829,0.700408,0.735042,0.735042,1.0,0.703951,0.731343,0.731343,1.0,0.636287,0.804518,0.806567,0.996851,0.571266,0.781739,0.834157,0.925598,False,False,True,False,1.0,0.0,0.382131,0.724622,66.931114,0.724622,59.707329,10.091506,8.070949,17.229971,8.660688,25.223119,18.798449,10.654733,24.097001,10.974966,24.134668,10.384529,24.173058,10.487813,24.199103,9.289601,26.665531,10.089485,25.215553,9.462002,26.122713,9.111915,26.660873,66.206492,16.562431
980,48,11025,19008,0.580019,0.762731,0.759115,0.759691,0.999002,0.763415,0.759041,0.759355,0.999456,0.696181,0.824733,0.828535,0.994467,0.628104,0.799828,0.854762,0.925624,False,False,True,False,1.0,0.0,0.436177,0.998455,52.888096,0.998455,59.730824,7.784671,7.091778,11.02198,11.210588,28.066613,21.724484,8.182706,26.929488,7.967498,27.378938,8.010582,26.99965,7.940408,27.079427,9.162751,26.99141,7.772003,28.068579,7.962267,28.24395,8.434165,27.838952,51.889641,16.856025
981,48,7375,14508,0.50834,0.567411,0.869102,0.88156,0.984,0.578026,0.859705,0.868829,0.987932,0.483113,0.812728,0.920103,0.874441,0.405225,0.720628,0.944208,0.752678,False,False,False,False,0.0,0.0,0.154213,0.796159,0.796159,0.796159,20.646463,19.201717,5.628767,19.067209,21.584639,22.406051,21.19787,20.646463,21.584639,19.697943,22.067794,20.853966,21.451847,20.248903,21.733056,21.893244,21.48772,19.213198,22.40024,19.406193,22.403367,20.329176,22.077861,0.0,0.821412
982,48,10805,19584,0.551726,0.714052,0.772669,0.772669,1.0,0.714154,0.772558,0.772558,1.0,0.64711,0.8526,0.8526,1.0,0.577921,0.841895,0.893444,0.935863,False,False,True,False,1.0,0.0,0.352546,0.709724,7.501272,0.709724,7.596329,5.48638,1.915138,5.110474,28.491332,32.243909,32.893188,6.126299,30.96097,5.815394,31.456252,6.259016,30.592471,6.03631,30.988614,5.667376,32.352683,5.488447,32.235724,5.334876,32.704932,5.361592,32.743414,6.791548,3.752577
983,48,7477,19824,0.377169,0.507314,0.696401,0.71572,0.962686,0.515688,0.702578,0.714467,0.976862,0.451019,0.696951,0.754166,0.901832,0.397044,0.654771,0.771567,0.812224,False,False,True,False,1.0,0.0,0.232283,1.044896,27.096083,1.044896,28.132362,7.823994,2.586755,12.047033,17.32245,29.220311,24.317421,8.111408,28.739703,7.917035,29.030509,8.461192,28.48264,8.293567,28.642461,9.600731,27.8583,7.849405,29.203122,8.13731,29.031883,8.74241,28.553966,26.051187,11.897861
984,48,10133,16848,0.601436,0.737832,0.782306,0.796718,0.977401,0.748813,0.782977,0.791852,0.985888,0.659425,0.839699,0.872727,0.956874,0.579119,0.792699,0.901404,0.867956,False,False,True,False,0.999702,0.0,0.390618,1.269446,45.984314,1.269446,50.503933,12.497746,8.817176,21.987698,11.671589,23.63518,18.01953,13.097404,23.069253,12.966545,23.290297,12.902037,23.059605,12.852396,23.211403,14.482944,22.510943,12.490642,23.634137,12.668969,23.600654,13.349978,23.196503,44.714868,11.963591
985,48,8031,16626,0.483039,0.731324,0.614296,0.631878,0.956668,0.744136,0.620186,0.631264,0.972482,0.645736,0.629363,0.675205,0.902627,0.568387,0.628867,0.71418,0.840369,False,False,True,False,0.998022,0.0,0.529029,1.063487,44.08691,1.063487,49.67588,21.83709,14.747993,20.374674,12.737602,21.457713,19.223734,23.471548,20.686737,22.090607,21.226847,24.564022,20.273259,23.635786,20.643687,26.011166,20.080465,21.862906,21.451952,22.490765,21.301356,23.875607,20.810784,43.023423,8.720111
986,48,7678,14850,0.517037,0.547609,0.925231,0.934333,0.989581,0.564108,0.905638,0.910827,0.993748,0.467744,0.837648,0.959689,0.868195,0.391178,0.718965,0.971079,0.734697,False,False,False,False,0.0,0.0,0.104016,0.903142,0.903142,0.903142,20.996788,19.933186,3.552844,19.504385,21.708257,22.131045,21.607122,20.996788,21.708257,20.182947,22.072046,20.84931,21.73346,20.259182,21.983846,23.171877,20.938089,19.929365,22.128007,20.3619,21.932748,21.471825,21.517453,0.0,0.422788
987,48,10490,20544,0.510611,0.791959,0.644745,0.644745,1.0,0.793954,0.643124,0.643124,1.0,0.726976,0.701238,0.701707,0.999047,0.659171,0.725569,0.746197,0.963298,False,False,False,False,0.0,0.0,0.575094,1.072177,1.072177,1.072177,20.222656,20.224722,12.939924,27.170988,19.610141,19.701227,16.469855,20.222656,19.610141,19.744392,19.755913,20.992596,19.39552,20.706165,19.484518,25.538767,18.50783,20.246298,19.69514,21.584238,19.445572,23.390976,19.036065,0.0,0.091086
988,48,8594,18993,0.452482,0.53625,0.838735,0.841041,0.996742,0.547044,0.823806,0.825313,0.997789,0.465066,0.779718,0.864372,0.888411,0.396883,0.695606,0.877952,0.770072,False,False,True,False,1.0,0.0,0.172132,1.098888,36.78841,1.098888,21.443682,9.078156,2.905921,6.149872,11.807601,24.866368,24.142528,10.58665,23.018743,10.359592,23.293704,9.7615,23.498538,9.735824,23.527698,7.116322,26.891987,9.037313,24.869657,7.982624,26.302968,7.228376,27.122115,35.689522,13.058767
989,48,8331,17908,0.465211,0.580243,0.623764,0.692137,0.863282,0.622962,0.648228,0.686985,0.919938,0.46549,0.580859,0.734645,0.735086,0.355149,0.505071,0.775157,0.591766,False,False,False,False,0.0,0.0,0.363893,0.946956,0.946956,0.946956,17.219862,19.137678,12.48613,24.073301,22.466978,22.274992,17.677642,17.219862,22.466978,17.287361,22.630126,17.708559,22.148212,17.683752,22.225503,32.268475,18.454357,19.133518,22.276356,22.868162,21.222512,27.368023,19.858444,0.0,-0.191986
990,48,7023,13916,0.504671,0.557057,0.882405,0.893447,0.986188,0.570997,0.862511,0.872389,0.987043,0.474634,0.814889,0.926419,0.87128,0.394941,0.710012,0.945779,0.74014,False,False,False,False,0.0,0.0,0.147106,0.773006,0.773006,0.773006,26.457735,25.475201,4.883457,26.296217,20.210737,20.562263,19.593254,26.457735,20.210737,25.656509,20.48884,26.906687,20.054872,26.446201,20.226399,29.688879,19.333497,25.479092,20.561702,26.140491,20.365723,27.596991,19.935749,0.0,0.351526
991,48,8446,19152,0.440998,0.730576,0.597579,0.599843,0.993725,0.731673,0.599074,0.600442,0.996211,0.662228,0.655229,0.659465,0.990291,0.592419,0.711223,0.725013,0.973952,False,False,True,False,1.0,0.0,0.518401,1.14372,10.284637,1.14372,10.888902,6.822165,4.251074,8.304325,25.467331,31.430298,27.958338,6.994238,31.280168,6.862657,31.398521,7.363288,30.925557,7.17014,31.103985,8.406662,29.794121,6.838701,31.413466,7.113387,31.109411,7.641132,30.540931,9.140917,5.962967
992,48,10664,19056,0.559614,0.760758,0.7356,0.7356,1.0,0.760758,0.7356,0.7356,1.0,0.6928,0.806935,0.807302,0.999437,0.623531,0.793636,0.839589,0.935484,False,False,False,False,0.0,0.0,0.456387,1.203924,1.203924,1.203924,9.774913,9.394443,6.631594,11.447018,27.988782,28.442541,24.269642,9.774913,27.988782,9.445674,28.29165,10.183546,27.550867,9.86928,27.82668,11.170012,27.230243,9.41129,28.42861,9.713179,28.270914,10.314734,27.848771,0.0,0.453759
993,48,9862,20400,0.483431,0.700245,0.661872,0.673224,0.975157,0.70451,0.66591,0.674019,0.982255,0.630588,0.709364,0.733131,0.956297,0.560833,0.718538,0.778516,0.903164,False,False,True,False,0.736193,0.0,0.416303,0.755615,26.327734,0.755615,41.446899,8.616406,4.85867,13.723889,13.695313,26.510911,22.120481,8.643682,25.756454,8.754411,25.838788,8.295174,25.836069,8.322686,25.844462,9.62266,25.74079,8.626141,26.494863,8.687961,26.718473,8.981174,26.437829,25.572119,12.815598
994,48,11068,19536,0.566544,0.703522,0.788123,0.795693,0.988074,0.707207,0.789186,0.794441,0.991688,0.623771,0.858536,0.881503,0.970546,0.542434,0.798522,0.90771,0.869082,False,False,True,False,1.0,0.0,0.333727,1.208117,39.084633,1.208117,42.764156,9.466119,4.370611,12.394862,11.810623,25.709712,22.627914,9.609957,25.429136,9.603,25.598674,9.691905,25.358572,9.65712,25.40737,11.047163,24.292628,9.459764,25.712295,9.697175,25.494395,10.2166,24.992253,37.876516,13.899089
995,48,8335,17325,0.481097,0.506955,0.919704,0.933736,0.983923,0.520808,0.895806,0.90901,0.984043,0.437807,0.824642,0.948583,0.863227,0.371198,0.70883,0.952418,0.734853,False,False,True,False,0.999221,0.0,0.087653,0.666296,38.633038,0.666296,37.882225,3.617357,1.194772,4.982123,14.97708,31.444057,27.837561,3.713897,31.362342,3.611358,31.310926,3.594441,30.825457,3.443711,31.244062,4.89774,29.301423,3.605119,31.442247,3.874545,31.069751,4.317616,30.291696,37.966742,16.466977
996,48,12098,21168,0.571523,0.803477,0.708299,0.709548,0.99752,0.803949,0.708485,0.709484,0.998016,0.735072,0.770339,0.773458,0.994793,0.663171,0.768814,0.809232,0.938998,False,False,False,False,0.0,0.0,0.52591,1.218853,1.218853,1.218853,14.273323,13.302667,11.775414,17.113297,22.06094,22.977244,18.774909,14.273323,22.06094,13.860665,22.337439,14.734887,21.982946,14.44765,22.139155,14.986637,22.421344,13.332975,22.967404,13.403097,23.216057,13.955337,23.015129,0.0,0.916304
997,48,9651,17952,0.5376,0.770276,0.697932,0.697932,1.0,0.770499,0.69773,0.69773,1.0,0.700312,0.765271,0.766306,0.998239,0.628342,0.776976,0.811348,0.948296,False,False,True,False,0.999759,0.0,0.492832,1.21909,39.577,1.21909,40.914207,12.095673,7.343613,17.307188,14.121591,25.027363,20.823471,13.219563,24.181098,12.802266,24.474637,13.820744,23.855813,13.571685,24.042178,14.043311,24.148048,12.117121,25.017466,12.228716,25.150025,12.914827,24.830069,38.35791,10.905772
998,48,7497,15097,0.496589,0.527721,0.927459,0.933978,0.99253,0.541962,0.908582,0.912246,0.995598,0.444327,0.829127,0.959899,0.858877,0.365304,0.70448,0.975159,0.717354,False,False,False,False,0.0,0.0,0.094342,0.83443,0.83443,0.83443,15.476813,16.793652,3.20171,19.765461,22.870827,22.738108,20.855817,15.476813,22.870827,15.900983,22.925301,14.790805,22.939653,15.163132,22.930673,22.968388,20.177538,16.800409,22.73785,18.44978,22.113387,20.522476,21.208642,0.0,-0.132719
999,48,6972,12447,0.560135,0.684904,0.687207,0.740411,0.905336,0.704427,0.711986,0.746578,0.938898,0.577167,0.698177,0.810134,0.834768,0.481883,0.678747,0.874291,0.752151,False,False,False,False,0.0,0.0,0.405662,0.769802,0.769802,0.769802,16.103365,15.807755,8.065084,18.483793,23.746809,24.074031,21.437045,16.103365,23.746809,16.080082,23.85088,15.890944,23.81311,15.821811,23.894987,18.621246,22.796394,15.79738,24.074893,16.19846,23.943999,17.175224,23.488329,0.0,0.327222
1000,48,10486,19248,0.544784,0.769846,0.707653,0.707653,1.0,0.769846,0.707653,0.707653,1.0,0.7048,0.772831,0.772888,0.999905,0.637157,0.776372,0.810747,0.948217,False,False,True,False,1.0,0.0,0.485391,1.212204,30.608194,1.212204,26.666189,9.568917,5.149852,11.027974,16.256662,27.903163,24.988481,10.735044,26.723381,10.13243,27.244432,11.25596,26.40818,10.79328,26.761488,10.478098,27.32222,9.577977,27.896499,9.419448,28.155284,9.69019,27.942117,29.39599,11.646501
1001,48,11356,19152,0.592941,0.820123,0.721674,0.722226,0.998943,0.820437,0.721399,0.72195,0.998943,0.76133,0.770927,0.774364,0.994276,0.700345,0.75145,0.792291,0.935805,False,False,False,False,0.0,0.0,0.559261,0.962374,0.962374,0.962374,25.781672,26.695961,19.964811,25.982212,17.712804,18.021256,15.457689,25.781672,17.712804,25.949249,17.878457,25.048286,17.89749,25.496771,17.873985,35.286251,16.273186,26.719267,18.017163,28.770605,17.738831,31.63928,17.114341,0.0,0.308452
1002,48,8748,18954,0.461538,0.545637,0.845871,0.845871,1.0,0.552918,0.834733,0.834733,1.0,0.476206,0.795716,0.87259,0.90032,0.410467,0.720054,0.889332,0.790924,False,False,True,False,0.99951,0.0,0.167744,0.738716,37.247402,0.738716,37.582306,6.891785,4.120191,7.05346,14.146728,27.902468,24.463625,7.472489,26.799559,7.133554,27.239043,7.717764,26.332198,7.524577,26.622067,8.015471,27.344137,6.895671,27.889787,7.032122,28.150717,7.40775,27.948161,36.508686,13.75574
1003,48,7178,14094,0.509295,0.526536,0.921933,0.943673,0.97562,0.535121,0.922926,0.936754,0.984257,0.452533,0.826954,0.962057,0.854834,0.379594,0.709374,0.971776,0.724296,False,False,True,False,1.0,0.0,0.068537,0.632688,26.221273,0.632688,24.105276,5.548946,0.999566,5.429321,17.767249,31.444968,30.874972,6.312947,29.718744,6.11043,30.096204,6.327621,29.669951,6.214498,29.816404,5.066082,33.381297,5.546531,31.442145,5.154685,32.641121,4.979567,33.385453,25.588585,13.677719
1004,48,8568,16128,0.53125,0.769903,0.676252,0.681807,0.988095,0.773313,0.676761,0.680885,0.99113,0.700645,0.727502,0.740442,0.976541,0.628906,0.73491,0.781426,0.92507,False,False,False,False,0.0,0.0,0.525,0.985053,0.985053,0.985053,29.21339,29.090609,17.250353,31.618504,18.040373,18.42121,15.902671,29.21339,18.040373,29.385426,18.155325,28.844227,17.981573,29.170012,18.01063,33.228371,17.606597,29.108427,18.416099,29.742491,18.402914,31.091192,18.116962,0.0,0.380837
1005,48,8698,15408,0.564512,0.72339,0.749141,0.762516,0.977121,0.729361,0.754003,0.762591,0.985284,0.648884,0.810751,0.837267,0.962405,0.574117,0.771763,0.863893,0.878593,False,False,True,False,1.0,0.0,0.394784,1.073373,37.597466,1.073373,40.021843,9.623208,7.142027,17.082472,13.822544,26.796294,20.070731,10.267571,26.269859,10.000843,26.598887,10.054648,26.345823,9.754541,26.713524,11.728443,25.161386,9.623783,26.796412,9.866751,26.571105,10.587836,25.984962,36.524093,12.97375
1006,48,5316,13468,0.394713,0.449436,0.629731,0.725756,0.826373,0.718295,0.546317,0.547447,0.996238,0.369468,0.620277,0.791801,0.741159,0.297297,0.552557,0.828422,0.623965,False,False,True,False,0.999877,0.0,0.527969,2.171942,37.362938,2.171942,37.321167,10.624781,5.201464,10.056997,14.103563,27.285362,25.068558,11.630236,26.577616,10.804176,27.070244,12.370517,26.246175,11.912967,26.520347,12.132995,26.403721,10.665726,27.266173,10.853586,27.206464,11.344307,26.904378,35.190996,13.181799
1007,48,5659,19803,0.285765,0.510983,0.551578,0.554304,0.991165,0.51265,0.552686,0.554374,0.994522,0.443872,0.626773,0.633333,0.983743,0.379134,0.646492,0.688599,0.913589,False,False,True,False,0.994132,0.0,0.316035,3.271517,20.255114,3.271517,20.107794,15.175119,2.064055,6.532662,20.934182,26.356103,30.207447,16.377157,25.790688,14.305413,26.532835,19.068916,25.044652,17.39259,25.579903,19.05855,24.892264,15.268422,26.330794,16.374565,25.962429,17.606762,25.469255,16.983597,5.421921
1008,48,10023,17088,0.586552,0.738062,0.794719,0.794719,1.0,0.738354,0.794404,0.794404,1.0,0.666608,0.876775,0.878237,0.998104,0.59375,0.839901,0.907451,0.918587,False,False,False,False,0.0,0.0,0.367021,1.02477,1.02477,1.02477,14.063288,13.685158,5.474168,16.680168,24.956496,25.300037,22.988923,14.063288,24.956496,13.750707,25.213988,14.12162,24.908728,13.905252,25.085941,15.888423,24.006556,13.684492,25.302003,14.054607,25.098267,14.812798,24.642446,0.0,0.343541
1009,48,10985,18912,0.580848,0.820061,0.699423,0.703076,0.992626,0.823128,0.699328,0.701934,0.99472,0.757667,0.745914,0.754763,0.984524,0.692893,0.74066,0.782204,0.933091,False,False,False,False,0.0,0.0,0.582187,1.256003,1.256003,1.256003,22.090517,21.064999,17.630293,28.610226,19.776445,20.286605,15.984483,22.090517,19.776445,21.885359,19.956278,22.554817,19.604491,22.479471,19.708577,23.293917,19.189915,21.079563,20.283335,21.065422,20.245171,21.775148,19.852557,0.0,0.51016
1010,48,11435,20112,0.568566,0.731802,0.769606,0.772795,0.994666,0.733194,0.771021,0.772955,0.996764,0.682926,0.816804,0.823881,0.989593,0.633005,0.800477,0.843924,0.939571,False,False,False,False,0.0,0.0,0.382966,1.075372,1.075372,1.075372,10.909285,10.874042,7.677462,22.19006,25.244091,25.689861,18.876391,10.909285,25.244091,10.828976,25.452285,11.040548,25.09982,10.923888,25.236126,15.348462,22.856787,10.891678,25.681693,11.866433,25.167926,13.385338,24.124746,0.0,0.44577
1011,48,10197,18480,0.551786,0.735877,0.749835,0.749835,1.0,0.737229,0.748459,0.748459,1.0,0.669751,0.81726,0.820231,0.995587,0.602435,0.791233,0.846313,0.923997,False,False,False,False,0.0,0.0,0.413498,0.955209,0.955209,0.955209,12.6413,11.871596,10.941648,19.266941,24.366367,25.306339,18.243511,12.6413,24.366367,12.659573,24.534496,12.974012,24.105651,12.867837,24.281259,12.850904,25.004872,11.887058,25.300556,11.668563,25.681878,11.981759,25.572888,0.0,0.939972
1012,48,8655,15984,0.541479,0.766079,0.701677,0.703797,0.995725,0.766829,0.701546,0.703435,0.996187,0.708271,0.753357,0.758149,0.991681,0.649149,0.756924,0.790189,0.947314,False,False,True,False,0.999181,0.0,0.490517,1.161368,41.503525,1.161368,49.766685,18.863161,10.399464,22.672174,13.163011,21.163021,18.610031,18.862778,20.654067,18.516233,20.934679,19.390217,20.455117,18.948507,20.716085,23.70672,19.821737,18.907337,21.152514,20.056999,21.007354,21.665627,20.531601,40.342157,8.00001
1013,48,4584,12402,0.369618,0.51016,0.647192,0.677572,0.935209,0.523786,0.665164,0.681342,0.965532,0.428641,0.68396,0.756396,0.877182,0.350911,0.631252,0.794577,0.754363,False,False,True,False,1.0,0.0,0.261064,2.120662,23.294491,2.120662,26.781487,11.655396,3.210838,10.009671,15.191537,24.217301,21.765304,12.226004,24.12194,11.377545,24.452938,12.868237,24.001408,12.371365,24.321811,14.369183,22.546503,11.694081,24.207911,12.328753,23.773011,13.223677,23.203142,21.173829,9.025764
1014,48,8030,18432,0.435655,0.696452,0.611351,0.616733,0.985928,0.698296,0.613229,0.617279,0.989415,0.632975,0.661914,0.672409,0.976961,0.56901,0.707672,0.731693,0.955666,False,False,False,False,0.0,0.0,0.446549,0.789496,0.789496,0.789496,9.544582,9.146617,6.521214,15.527522,24.279867,24.942701,19.379511,9.544582,24.279867,9.640348,24.316085,9.770444,24.064083,9.667705,24.191441,9.95027,24.806961,9.166044,24.935442,9.067372,25.259559,9.324865,25.213561,0.0,0.662834
1015,48,6942,13122,0.529035,0.539171,0.914368,0.94629,0.964419,0.544353,0.922342,0.946101,0.973495,0.459305,0.809796,0.962834,0.835926,0.380887,0.688826,0.97439,0.701527,False,False,True,False,1.0,0.0,0.062136,0.880313,11.451996,0.880313,8.014165,7.207913,1.223463,8.721262,24.983562,30.800654,28.93635,6.949438,30.958863,7.180928,30.711429,6.411649,31.584815,6.507779,31.487024,8.472775,29.5051,7.175934,30.830726,7.427543,30.631117,7.87045,30.165939,10.571683,5.817092
1016,48,10818,18528,0.583873,0.775853,0.75073,0.751513,0.998613,0.776069,0.751008,0.751582,0.998983,0.727332,0.798357,0.800312,0.99695,0.67908,0.789812,0.820696,0.95452,False,False,False,False,0.0,0.0,0.463294,1.565067,1.565067,1.565067,18.438898,17.417915,10.788846,25.25285,22.563666,23.001497,19.181355,18.438898,22.563666,18.194151,22.705574,18.638226,22.368339,18.44124,22.47887,22.348433,20.871307,17.443459,22.990704,18.07016,22.692982,19.827417,21.916939,0.0,0.437831
1017,48,6924,13860,0.499567,0.558658,0.837049,0.863102,0.965194,0.561616,0.84034,0.862795,0.96996,0.476768,0.779824,0.897246,0.856297,0.397258,0.684967,0.917726,0.72978,False,False,False,False,0.0,0.0,0.153979,0.81757,0.81757,0.81757,11.374398,11.233391,2.428056,13.644858,26.978628,27.18782,24.522494,11.374398,26.978628,11.41166,26.998856,11.330445,26.979215,11.203495,27.104412,12.932361,26.012735,11.224966,27.187239,11.458069,27.061559,12.033266,26.645123,0.0,0.209192
1018,48,6564,13920,0.471552,0.533046,0.797429,0.836119,0.945155,0.553448,0.788418,0.816459,0.958257,0.449641,0.752494,0.879693,0.838818,0.371408,0.669607,0.910251,0.716941,False,False,False,False,0.0,0.0,0.19168,1.062307,1.062307,1.062307,27.153971,27.100498,6.887937,31.436268,19.771321,19.84949,17.822311,27.153971,19.771321,27.923117,19.659324,26.819469,19.840604,27.381882,19.751921,29.521685,18.877993,27.145643,19.838053,27.188046,19.749403,28.003605,19.412318,0.0,0.078169
1019,48,10489,18720,0.56031,0.717842,0.759856,0.76879,0.984937,0.721741,0.76328,0.768929,0.990466,0.653365,0.823874,0.839097,0.978454,0.587179,0.800738,0.868996,0.910668,False,False,True,False,1.0,0.0,0.377961,1.004009,37.887985,1.004009,36.841801,4.896622,2.631677,7.646741,13.583759,29.220038,24.435332,5.080656,28.769252,4.887438,29.008925,5.191597,28.333383,5.09235,28.440663,6.231353,27.70114,4.893698,29.21292,5.161566,29.022397,5.614994,28.481344,36.883976,15.636279
1020,48,10677,21120,0.50554,0.790294,0.636059,0.637469,0.996535,0.79446,0.633702,0.634722,0.997471,0.725379,0.68724,0.691188,0.991758,0.660038,0.6996,0.726901,0.949049,False,False,False,False,0.0,0.0,0.586613,1.289732,1.289732,1.289732,26.89888,25.615435,16.522551,28.585182,19.446737,19.978449,17.643494,26.89888,19.446737,26.286816,19.691505,27.012114,19.388611,26.571852,19.553594,28.543692,19.093314,25.627798,19.97326,25.807968,19.956088,26.791296,19.644285,0.0,0.531712
1021,48,5049,13608,0.371032,0.501102,0.667322,0.696583,0.94078,0.514256,0.677154,0.695056,0.963359,0.42328,0.694998,0.769444,0.877798,0.348251,0.652541,0.815573,0.765498,False,False,True,False,0.998832,0.0,0.248277,2.734315,24.202322,2.734315,31.273651,12.959266,2.353974,11.933848,15.688528,25.972812,24.849971,13.923087,25.350988,13.049515,25.67499,15.009969,25.135805,14.4251,25.379277,15.23021,25.431424,13.025153,25.94947,13.526705,25.998317,14.274312,25.817882,21.468007,10.284284
1022,48,9731,16944,0.574304,0.733357,0.783116,0.783116,1.0,0.734419,0.781983,0.781983,1.0,0.669795,0.843302,0.849766,0.99106,0.60517,0.807616,0.870782,0.917583,False,False,False,False,0.0,0.0,0.375849,1.041268,1.041268,1.041268,8.033158,7.6803,4.638523,10.683109,27.575332,28.030535,24.342299,8.033158,27.575332,7.919912,27.847618,7.857534,27.582397,7.785668,27.681423,8.794608,26.578725,7.67941,28.035584,7.765115,27.849212,8.137773,27.32911,0.0,0.455203
1023,48,7311,19068,0.383417,0.552339,0.676501,0.683631,0.984817,0.568806,0.663491,0.667712,0.990562,0.485945,0.678514,0.723182,0.916564,0.424533,0.64594,0.746881,0.826973,False,False,False,False,0.0,0.0,0.303139,1.582773,1.582773,1.582773,17.3999,17.700359,10.152732,25.926138,22.258828,22.427929,17.429833,17.3999,22.258828,16.868599,22.542082,17.347559,22.404711,16.94702,22.582742,24.726942,20.258937,17.725117,22.420949,19.611317,21.923323,21.96471,21.159681,0.0,0.169101
1024,48,8174,16625,0.491669,0.473444,0.836863,0.928726,0.894299,0.679579,0.720141,0.721544,0.997309,0.403609,0.738988,0.942623,0.773795,0.336602,0.625738,0.947105,0.648397,False,False,False,False,0.0,0.0,0.368595,0.759397,0.759397,0.759397,8.557826,8.110391,3.128229,10.354294,28.093758,28.781846,26.380816,8.557826,28.093758,8.451676,28.30878,8.521898,27.732665,8.473983,27.868841,9.395115,28.086106,8.107658,28.777206,8.190849,28.901367,8.652108,28.650733,0.0,0.688088
1025,48,5322,10450,0.509282,0.595024,0.613084,0.705372,0.824126,0.635502,0.656008,0.713597,0.890455,0.467847,0.562988,0.752301,0.691094,0.353493,0.482895,0.794802,0.551672,False,False,False,False,0.0,0.0,0.37071,1.082943,1.082943,1.082943,24.285858,25.533884,11.498505,27.457973,19.179423,18.936869,16.966682,24.285858,19.179423,24.729612,19.113043,24.123011,19.170137,24.620756,19.081952,31.351622,17.509134,25.569586,18.92642,27.117687,18.569507,29.061193,18.083872,0.0,-0.242554
1026,48,5899,12350,0.477652,0.46,0.720654,0.853723,0.822173,0.712713,0.670189,0.670189,1.0,0.363158,0.613926,0.880713,0.669605,0.274413,0.484417,0.894364,0.513816,False,False,False,False,0.0,0.0,0.447683,1.616907,1.616907,1.616907,20.090919,18.705091,7.987909,21.386055,21.317902,21.935472,19.434113,20.090919,21.317902,19.722891,21.470456,20.375656,21.309525,20.174776,21.373793,19.112957,22.074818,18.734983,21.926197,18.314913,22.199733,18.453354,22.253096,0.0,0.61757
1027,48,5292,10080,0.525,0.519742,0.901932,0.953235,0.943689,0.537401,0.910616,0.942219,0.964475,0.418948,0.755535,0.96969,0.77381,0.31994,0.584853,0.974574,0.593915,False,False,False,False,0.0,0.0,0.065372,0.946672,0.946672,0.946672,12.620497,12.911123,1.644667,13.816768,25.792349,25.854835,25.133358,12.620497,25.792349,12.835664,25.771809,12.210947,25.955709,12.376417,25.904692,14.668493,25.024342,12.907597,25.854988,13.297241,25.746352,13.899912,25.453031,0.0,0.062486
1028,48,10436,20208,0.516429,0.799782,0.640738,0.64268,0.995305,0.801861,0.640596,0.64194,0.996742,0.754256,0.673706,0.678126,0.990418,0.707344,0.685409,0.703582,0.963683,False,False,False,False,0.0,0.0,0.592612,1.190101,1.190101,1.190101,20.393797,19.486488,18.962751,30.234987,20.754288,21.450005,16.008213,20.393797,20.754288,20.334612,20.935207,20.585186,20.69662,20.483902,20.799367,22.560656,19.975993,19.500416,21.443591,19.730261,21.420567,20.764469,20.878263,0.0,0.695717
1029,48,10235,18000,0.568611,0.780722,0.722187,0.724756,0.995115,0.783056,0.721503,0.723448,0.996287,0.714722,0.778017,0.785698,0.987592,0.646167,0.768665,0.817041,0.928481,False,False,False,False,0.0,0.0,0.501223,1.402061,1.402061,1.402061,21.12125,20.895065,13.832754,28.197231,19.907303,20.258801,16.80206,21.12125,19.907303,20.611008,20.195379,21.217815,19.975832,20.92506,20.116552,27.581209,18.134591,20.912685,20.254318,22.461651,19.848515,24.736427,19.08964,0.0,0.351498
1030,48,6227,11825,0.526596,0.608964,0.704926,0.771004,0.891601,0.629598,0.732387,0.77636,0.928216,0.498689,0.697326,0.844667,0.799904,0.403552,0.645325,0.904023,0.692789,False,False,True,False,1.0,0.0,0.28921,0.565083,24.339466,0.565083,25.502222,11.905305,3.412826,15.193994,18.121215,26.362388,24.208641,12.397356,25.841974,12.133826,26.160564,12.395161,25.638044,12.489696,25.702673,14.39591,24.860546,11.918848,26.355435,12.332263,26.160441,13.224881,25.626931,23.774383,8.241173
1031,48,5008,12325,0.406329,0.499067,0.792323,0.801983,0.985024,0.733144,0.554228,0.554228,1.0,0.390832,0.659068,0.810255,0.779353,0.285112,0.47465,0.780592,0.547724,False,True,True,False,0.706164,0.0,0.765478,0.825839,2.021594,0.825839,2.954673,2.86242,2.023552,2.964923,28.673663,33.824385,28.661307,2.915335,33.763431,2.761914,33.900369,3.241746,33.786436,3.151025,33.949028,3.612087,32.92474,2.90615,33.793656,3.014577,33.604885,3.246073,33.307848,1.195755,5.150722
1032,48,4628,13748,0.336631,0.426753,0.738446,0.759843,0.963267,0.684827,0.491556,0.491556,1.0,0.327029,0.631033,0.785142,0.762748,0.232834,0.457372,0.767573,0.530899,False,False,True,False,0.974671,0.0,0.513487,2.309942,13.567544,2.309942,13.165154,8.418612,2.690022,6.509219,20.208995,29.466501,29.96293,9.164218,28.850551,8.19663,29.455184,10.614376,28.349816,10.034644,28.678021,11.03198,27.704044,8.493589,29.439595,9.136848,29.087903,10.005978,28.479433,11.257602,9.257506
1033,48,4376,10604,0.412674,0.556771,0.644274,0.682249,0.920475,0.584402,0.647141,0.670324,0.949269,0.438985,0.602946,0.729753,0.77628,0.331479,0.518084,0.766145,0.615402,False,False,True,False,1.0,0.0,0.326268,2.128131,31.316046,2.128131,38.273232,13.471663,7.469278,13.347959,13.998997,23.865022,20.548308,14.634445,23.331338,13.811243,23.707164,15.296313,23.221197,14.572974,23.547943,14.964199,22.870609,13.506551,23.854626,13.63216,23.745751,14.081201,23.402704,29.187915,9.866025
1034,48,5767,16558,0.348291,0.51232,0.654668,0.664623,0.977631,0.521379,0.655743,0.660605,0.988902,0.442505,0.68933,0.729221,0.926478,0.376012,0.658783,0.765018,0.825906,False,False,True,False,0.999259,0.0,0.268557,3.21311,24.844069,3.21311,27.205942,17.840414,2.699379,13.514248,18.041983,23.983745,25.310158,18.784578,23.450732,17.573839,23.838912,20.205248,23.104137,19.411247,23.337808,21.120802,23.139781,17.903706,23.967262,18.5917,23.881258,19.673199,23.592054,21.630959,5.941762
1035,48,6645,14550,0.456701,0.457457,0.71118,0.830529,0.831904,0.700481,0.651982,0.651982,1.0,0.360893,0.60735,0.856027,0.676448,0.26921,0.481762,0.876691,0.51678,False,False,False,False,0.0,0.0,0.432005,1.126924,1.126924,1.126924,17.71076,17.317432,7.673245,27.963682,21.130674,21.768452,17.27219,17.71076,21.130674,17.414848,21.436707,18.110107,21.129941,17.79669,21.35405,23.365688,20.026444,17.34141,21.76356,18.629597,21.581132,20.728718,20.947008,0.0,0.637778
1036,48,5470,10318,0.530142,0.726982,0.635687,0.672044,0.921572,0.739678,0.651166,0.677018,0.944607,0.624733,0.64336,0.723705,0.852834,0.527137,0.630643,0.775694,0.771298,False,False,True,False,1.0,0.0,0.507838,0.736111,20.488312,0.736111,18.208836,10.966971,12.92973,14.624071,18.356648,25.869784,20.626104,11.174528,25.693691,11.067154,25.8566,11.371298,25.451281,11.257892,25.631762,12.828702,24.628933,10.970323,25.865086,11.26752,25.637978,11.917976,25.206283,19.752201,7.513136
1037,48,7265,15168,0.478969,0.471585,0.638223,0.785265,0.773159,0.756725,0.63295,0.63295,1.0,0.346849,0.53901,0.833872,0.603854,0.23688,0.40049,0.86418,0.427392,False,False,True,False,0.999747,0.0,0.527268,0.706019,35.08149,0.706019,34.301857,9.530626,6.425914,12.81872,15.577635,28.375101,23.887193,9.909658,27.880148,9.605414,28.208301,10.086671,27.711395,9.903969,27.933931,11.641156,26.893608,9.533517,28.369186,9.903373,28.167093,10.640239,27.639061,34.375471,12.797466
1038,48,10347,18768,0.551311,0.754156,0.73103,0.73103,1.0,0.755328,0.729896,0.729896,1.0,0.684729,0.796762,0.800482,0.994201,0.61477,0.774507,0.827873,0.923166,False,False,False,False,0.0,0.0,0.453628,1.232158,1.232158,1.232158,19.325312,17.848909,9.44397,19.454269,21.858728,22.538444,20.6553,19.325312,21.858728,18.513063,22.193778,19.189009,21.812134,18.703907,22.076617,21.124706,21.393863,17.832705,22.548638,18.238813,22.512521,19.391998,22.095784,0.0,0.679716
1039,48,10567,22512,0.469394,0.74116,0.630002,0.631286,0.996782,0.744847,0.627568,0.628578,0.997445,0.67564,0.684221,0.688494,0.99101,0.609053,0.696102,0.726716,0.942936,False,False,False,False,0.0,0.0,0.520218,1.003098,1.003098,1.003098,20.356424,18.70635,19.427933,25.465916,20.838472,21.687263,15.876263,20.356424,20.838472,20.280054,20.999345,20.434813,20.840382,20.477777,20.884533,19.479418,21.038988,18.722218,21.681996,18.101763,21.943025,18.31551,21.704788,0.0,0.848791
1040,48,6896,15252,0.452137,0.530357,0.818127,0.833601,0.977813,0.54701,0.804286,0.814216,0.985064,0.446892,0.771576,0.876174,0.866009,0.370705,0.680503,0.898833,0.736949,False,False,False,False,0.0,0.0,0.185376,1.248724,1.248724,1.248724,20.368088,20.789202,6.518789,25.105183,20.667781,20.889555,18.571514,20.368088,20.667781,20.404148,20.784761,20.102861,20.887503,20.19939,20.907293,26.560276,19.409444,20.814482,20.882507,22.167683,20.645554,24.129738,20.124127,0.0,0.221774
1041,48,4768,14152,0.336914,0.412309,0.809694,0.813025,0.994966,0.644785,0.522521,0.522521,1.0,0.321297,0.67536,0.825819,0.787542,0.232193,0.490377,0.806452,0.555789,False,False,True,False,0.499147,0.0,0.352728,0.447322,1.914038,0.447322,1.636815,1.199035,0.757282,1.68757,36.161422,45.275023,41.836481,1.337318,44.905085,1.223993,45.270626,1.155831,44.794845,1.090045,44.992844,1.196449,44.081711,1.201832,45.242708,1.074664,45.144044,1.089416,44.684278,1.466716,9.113601
1042,48,5719,12906,0.443127,0.502015,0.794087,0.833308,0.944046,0.530141,0.795711,0.813505,0.973247,0.414303,0.752891,0.88891,0.831089,0.333101,0.649053,0.91719,0.689456,False,False,False,False,0.0,0.0,0.176708,1.684755,1.684755,1.684755,14.655826,13.996853,3.568573,15.450836,23.137738,24.013787,22.216937,14.655826,23.137738,14.482718,23.328533,15.913621,22.52661,15.63356,22.71448,15.285889,24.001407,14.030483,24.00296,14.06423,24.381336,14.459462,24.380145,0.0,0.876049
1043,48,6868,14326,0.479408,0.601075,0.796333,0.796888,0.999126,0.601843,0.795318,0.795871,0.999126,0.511797,0.840332,0.884343,0.944089,0.430755,0.777884,0.924485,0.830664,False,False,True,False,1.0,0.0,0.233441,1.289264,7.557209,1.289264,12.260872,7.066783,1.207205,6.617987,18.243324,26.604295,25.739357,7.360027,26.067471,6.914046,26.33467,8.684188,25.471149,8.473452,25.516246,9.664191,25.310373,7.120996,26.589662,7.76723,26.475639,8.608766,26.016262,6.267945,8.360971
1044,48,7690,16252,0.473173,0.546579,0.852767,0.858719,0.991938,0.5587,0.840228,0.843282,0.995709,0.473603,0.807471,0.893075,0.893888,0.405673,0.712795,0.901562,0.772952,False,False,True,False,1.0,0.0,0.165382,1.153586,42.983727,1.153586,51.454834,12.752016,4.063147,13.904768,11.677299,23.726582,21.968466,13.670872,23.018583,12.968964,23.51998,14.151972,22.760229,13.694885,23.003969,16.415735,22.151176,12.777113,23.716448,13.447681,23.506049,14.670958,22.94561,41.830141,12.049283
1045,48,5928,11800,0.502373,0.677203,0.651519,0.687148,0.926282,0.691949,0.66054,0.686589,0.945682,0.581271,0.671066,0.748651,0.866228,0.493051,0.671077,0.81076,0.795715,False,False,True,False,1.0,0.0,0.433072,0.95067,45.952202,0.95067,41.102058,20.134897,10.544561,20.479082,13.462542,20.781849,18.936284,20.386358,20.416915,20.098234,20.625153,20.103014,20.599978,19.967949,20.68074,23.257591,20.076061,20.139677,20.784006,20.783627,20.737085,21.853464,20.49111,45.001532,7.319307
1046,48,7348,14912,0.492758,0.459026,0.755256,0.892184,0.831111,0.671674,0.733626,0.733626,1.0,0.381438,0.68098,0.928446,0.718699,0.308812,0.575873,0.948534,0.594447,False,False,True,False,1.0,0.0,0.349154,0.538648,9.818042,0.538648,10.521593,8.558111,3.220871,8.736164,25.74186,29.888575,28.332956,8.935039,29.604777,8.535293,29.931728,9.269053,29.297724,8.868218,29.618592,9.971693,28.574724,8.559971,29.890602,8.830339,29.621649,9.320087,29.161414,9.279394,4.146715
1047,48,4246,13020,0.326114,0.41321,0.777983,0.7829,0.991992,0.652458,0.499823,0.499823,1.0,0.326959,0.659446,0.793751,0.795808,0.247389,0.503625,0.776467,0.589025,False,False,True,False,0.978459,0.0,0.458856,2.350885,10.726996,2.350885,11.508164,8.288742,1.238926,2.813236,23.83121,29.743927,37.072032,8.956587,29.22689,8.081645,29.75133,10.710865,28.475934,10.091145,28.82921,9.582666,29.034561,8.367561,29.71198,8.718166,29.569469,9.126237,29.339862,8.376111,5.912717
1048,48,10019,17760,0.564133,0.715484,0.788463,0.788463,1.0,0.715597,0.788339,0.788339,1.0,0.642455,0.877596,0.877826,0.999701,0.569088,0.846083,0.912635,0.920651,False,False,True,False,0.978039,0.0,0.328898,0.527408,7.475434,0.527408,7.48561,3.447716,1.635706,3.820408,28.554512,36.775203,34.577913,3.698905,36.406376,3.518082,36.739621,3.540739,36.610389,3.433044,36.822958,4.037296,35.110266,3.432013,36.805159,3.503643,36.497509,3.718402,35.897542,6.948026,8.220691
1049,48,10589,19881,0.532619,0.6639,0.762205,0.779529,0.971669,0.670339,0.76567,0.778195,0.979413,0.596248,0.751717,0.812468,0.909529,0.527589,0.697101,0.825436,0.817641,False,False,False,False,0.0,0.0,0.31554,0.940128,0.940128,0.940128,19.386375,18.593981,10.00635,27.31284,19.196326,20.052161,16.526932,19.386375,19.196326,19.299305,19.362271,19.43265,19.013351,19.327101,19.104267,20.910347,19.949899,18.607517,20.045703,18.74461,20.41494,19.514936,20.380219,0.0,0.855835
1050,48,4044,10626,0.380576,0.538396,0.682171,0.692187,0.979228,0.559853,0.666611,0.671878,0.988378,0.420478,0.644513,0.746643,0.824926,0.314323,0.542511,0.777545,0.642186,False,False,True,False,1.0,0.0,0.295199,3.045731,17.498228,3.045731,20.614079,13.328387,4.593031,12.091989,17.302693,25.98121,24.317724,15.346521,24.551494,14.338939,24.829131,16.727993,24.505935,16.219007,24.64248,13.148451,26.657299,13.397791,25.957698,12.837125,26.784688,12.647626,27.054968,14.452497,8.678517
1051,48,4519,11496,0.393093,0.431541,0.751339,0.819794,0.899978,0.685282,0.573623,0.573623,1.0,0.330376,0.650854,0.863349,0.725603,0.238518,0.501758,0.884756,0.536844,False,False,False,False,0.0,0.0,0.479289,3.102193,3.102193,3.102193,16.632736,15.603821,3.85758,10.083795,23.605634,23.934416,24.491308,16.632736,23.605634,15.46109,24.007131,18.496422,23.01823,17.772221,23.225985,17.325884,23.11716,15.6587,23.917189,16.037989,23.727888,16.5693,23.457634,0.0,0.328782
1052,48,7124,14181,0.502362,0.621606,0.672332,0.726943,0.899495,0.645794,0.691636,0.726905,0.934447,0.515126,0.676037,0.796715,0.816957,0.4243,0.650465,0.860728,0.726979,False,False,False,False,0.0,0.0,0.353266,0.947286,0.947286,0.947286,18.521757,17.396267,9.681923,23.161146,21.385935,22.16689,18.429335,18.521757,21.385935,18.104904,21.654926,18.991251,21.315643,18.731472,21.433474,19.790474,21.69099,17.418959,22.161027,17.598867,22.351769,18.417555,22.183688,0.0,0.780955
1053,48,5232,12896,0.405707,0.590105,0.624336,0.64862,0.943425,0.608871,0.625746,0.641365,0.962538,0.483173,0.596518,0.68737,0.818616,0.385236,0.532682,0.713567,0.677561,False,False,False,False,0.0,0.0,0.36678,1.866867,1.866867,1.866867,18.219547,16.985346,7.958638,17.623789,22.721648,23.215068,20.726113,18.219547,22.721648,17.308487,23.031305,19.095821,22.514281,18.454893,22.756864,19.366844,22.594202,17.049694,23.197716,17.34614,23.175386,18.150993,22.965846,0.0,0.49342
1054,48,6353,15221,0.417384,0.526838,0.785563,0.788502,0.995278,0.536167,0.777152,0.777723,0.999056,0.45089,0.782814,0.845549,0.913427,0.378293,0.711802,0.874609,0.792696,False,False,True,False,0.999436,0.0,0.200609,2.960119,29.413847,2.960119,32.964008,10.468597,0.97677,4.226245,15.795391,26.291698,33.077414,11.403169,25.49767,10.625793,26.002351,12.626896,25.047595,11.946692,25.505889,10.965319,25.836502,10.510048,26.272574,10.521539,26.335154,10.65995,26.182548,26.453728,10.496307
1055,48,6303,17538,0.359391,0.369198,0.760783,0.852664,0.875932,0.645456,0.556802,0.556802,1.0,0.259893,0.596971,0.890742,0.644138,0.158228,0.374205,0.890811,0.392194,False,False,True,False,0.999822,0.0,0.435603,1.437205,20.673668,1.437205,31.165001,10.06838,3.686278,10.364959,16.715091,26.076698,24.550799,10.392617,25.747904,9.939341,25.884081,11.186419,25.549899,10.84198,25.661485,12.214078,25.522519,10.119255,26.060007,10.587763,26.055894,11.304564,25.870966,19.236463,9.361607
1056,48,7554,14430,0.523493,0.523285,0.919802,0.958416,0.958035,0.528898,0.927157,0.957285,0.96717,0.449342,0.816746,0.973319,0.835451,0.377339,0.696333,0.979982,0.706381,False,False,True,False,1.0,0.0,0.047411,0.691003,16.85544,0.691003,11.791986,5.418322,0.876818,6.13516,18.496314,31.741755,30.971912,5.549952,30.930804,5.52246,31.138985,4.777425,31.622303,4.797503,31.685244,5.788324,30.713927,5.358044,31.776719,5.353058,31.922174,5.485085,31.530759,16.164437,13.245441
1057,48,7698,14094,0.54619,0.599475,0.839695,0.872293,0.957392,0.608912,0.836228,0.863901,0.963107,0.516887,0.806269,0.918051,0.868797,0.440471,0.720401,0.937983,0.75643,False,False,False,False,0.0,0.0,0.182458,1.119502,1.119502,1.119502,32.748421,33.731316,6.658797,41.259243,16.863296,16.910493,14.707789,32.748421,16.863296,32.527714,17.000631,34.106003,16.606832,33.676929,16.724703,43.602928,15.010104,33.777042,16.902284,36.332207,16.479132,39.703125,15.814992,0.0,0.047197
1058,48,7133,13862,0.514572,0.598831,0.735717,0.788098,0.917146,0.613981,0.759334,0.793326,0.946586,0.517818,0.740998,0.848565,0.853918,0.442649,0.712792,0.899935,0.774148,False,False,False,False,0.0,0.0,0.260366,0.596423,0.596423,0.596423,14.247862,14.670873,7.574528,35.364315,24.651323,24.743829,17.584083,14.247862,24.651323,14.250152,24.721321,14.29006,24.528014,14.286041,24.56851,23.29394,21.765695,14.714333,24.722401,16.928501,24.068941,19.961214,22.997226,0.0,0.092506
1059,48,7727,13554,0.57009,0.624096,0.913239,0.913347,0.999871,0.624096,0.913239,0.913347,0.999871,0.533717,0.873873,0.964473,0.902938,0.450199,0.759863,0.978532,0.772745,False,False,True,False,1.0,0.0,0.12545,0.963732,8.767519,0.963732,8.928735,6.129589,1.266747,5.980545,26.964706,31.151367,31.518309,6.577369,30.37913,6.39692,30.676072,6.80333,30.007996,6.688365,30.22274,6.714767,30.552205,6.134852,31.135423,6.107028,31.279259,6.285579,31.074359,7.803787,4.186661
1060,48,8145,15552,0.523727,0.764146,0.674386,0.678812,0.990424,0.772634,0.670478,0.673435,0.993493,0.688529,0.72457,0.739727,0.972498,0.612011,0.715521,0.774007,0.904481,False,False,False,False,0.0,0.0,0.529634,1.199721,1.199721,1.199721,20.332066,20.117701,17.891588,31.500143,21.251567,21.60997,16.665412,20.332066,21.251567,20.903868,21.192403,20.087948,21.134273,20.578228,21.063271,23.518396,20.56911,20.125271,21.603876,20.495642,21.62456,21.692696,21.25012,0.0,0.358403
1061,48,7766,13473,0.576412,0.659319,0.809674,0.838568,0.959181,0.668893,0.818359,0.837883,0.972315,0.557931,0.786441,0.895038,0.86634,0.463297,0.701859,0.925505,0.743884,False,False,False,False,0.0,0.0,0.255476,1.190293,1.190293,1.190293,25.714138,24.685038,8.177151,30.501202,17.910094,18.448639,16.466633,25.714138,17.910094,25.314962,18.110845,26.118937,17.784941,25.88484,17.877597,28.159584,17.615195,24.696497,18.444757,25.115376,18.466711,26.308739,18.170562,0.0,0.538545
1062,48,7629,17604,0.433367,0.639173,0.56235,0.603982,0.890811,0.683424,0.567033,0.591306,0.932494,0.495115,0.547675,0.663607,0.75816,0.366394,0.481688,0.709612,0.599948,False,False,False,False,0.0,0.0,0.492832,1.498947,1.498947,1.498947,36.766418,35.812035,19.753685,34.482021,18.041523,18.331786,16.126123,36.766418,18.041523,35.544502,18.342707,37.38961,17.866602,36.456371,18.090119,42.759953,16.883306,35.846245,18.323732,37.241577,18.039788,39.602264,17.536794,0.0,0.290263
1063,48,8978,17676,0.50792,0.646017,0.590657,0.66328,0.843618,0.691389,0.626563,0.668194,0.909557,0.530889,0.5536,0.697251,0.728781,0.420627,0.498083,0.733961,0.607819,False,False,False,False,0.0,0.0,0.463785,0.727715,0.727715,0.727715,25.835709,24.208286,18.110754,23.248608,20.147551,20.804125,17.459401,25.835709,20.147551,24.962946,20.49471,25.585135,20.246018,25.069466,20.424497,29.045444,19.101158,24.210552,20.804208,24.785957,20.620768,26.437847,20.001919,0.0,0.656574
1064,48,8140,16626,0.489595,0.523878,0.858593,0.893685,0.956265,0.538313,0.863076,0.884581,0.972604,0.452243,0.784705,0.91568,0.845823,0.38506,0.685247,0.923618,0.726413,False,False,False,False,0.0,0.0,0.121259,0.988019,0.988019,0.988019,11.605897,10.98448,3.382198,13.105815,24.712799,25.53411,22.590099,11.605897,24.712799,11.410933,25.006609,11.836528,24.482966,11.78538,24.586795,13.572195,24.560757,10.998444,25.5276,11.355815,25.623835,12.238329,25.271589,0.0,0.821311
1065,48,6121,13978,0.437902,0.619402,0.601886,0.641372,0.907205,0.65181,0.608957,0.632752,0.94184,0.496709,0.6059,0.709924,0.805261,0.388968,0.57423,0.775428,0.688776,False,False,False,False,0.0,0.0,0.424717,1.156845,1.156845,1.156845,20.626368,18.353428,10.25158,20.071285,21.521832,22.621274,19.852577,20.626368,21.521832,19.930676,21.854107,20.65534,21.539883,20.53281,21.612991,18.541687,22.841766,18.392855,22.60604,17.578936,23.079082,17.603659,23.164523,0.0,1.099442
1066,48,6141,11784,0.52113,0.4176,0.684996,0.913839,0.732291,0.714952,0.728902,0.728902,1.0,0.310166,0.550982,0.95212,0.566683,0.217498,0.402966,0.975419,0.4071,False,False,False,False,0.0,0.0,0.404572,0.677536,0.677536,0.677536,15.12289,14.464365,5.8437,15.731314,25.183554,25.577409,23.810241,15.12289,25.183554,14.719101,25.45639,15.327362,25.067227,15.002008,25.273527,16.372524,24.43148,14.470282,25.572669,14.686805,25.418171,15.336753,25.018558,0.0,0.393855
1067,48,6269,12428,0.504425,0.57298,0.694508,0.770678,0.875419,0.599855,0.724771,0.773575,0.919923,0.47562,0.657368,0.81729,0.770617,0.38542,0.592827,0.85929,0.656564,False,False,True,False,0.999838,0.0,0.273583,1.32489,82.186775,1.32489,94.302704,22.684639,10.693078,29.537779,7.330105,20.870337,16.919401,23.151274,20.514201,22.895943,20.731403,23.305365,20.452217,23.2607,20.542679,27.310364,19.360856,22.693253,20.866154,23.54937,20.639756,25.120859,20.105053,80.861885,13.540232
1068,48,7085,15283,0.463587,0.53445,0.84997,0.857982,0.989132,0.545835,0.840052,0.844282,0.994072,0.457436,0.80531,0.898155,0.886239,0.385003,0.712758,0.917233,0.76175,False,False,False,False,0.0,0.0,0.15699,1.487233,1.487233,1.487233,13.786074,11.901011,2.407172,10.808374,23.831402,25.172073,24.822765,13.786074,23.831402,13.292778,24.251707,14.039897,23.756352,13.829028,23.924401,11.095366,25.932161,11.91889,25.163989,11.125711,25.836968,10.841684,26.122241,0.0,1.340671
1069,48,8949,18241,0.490598,0.528918,0.92755,0.92755,1.0,0.535771,0.915686,0.915686,1.0,0.456883,0.834129,0.943125,0.87831,0.387479,0.717457,0.946661,0.747681,False,False,True,False,1.0,0.0,0.082544,0.380722,4.310303,0.380722,4.271874,2.307334,0.563495,2.744478,33.825009,41.362335,39.59706,2.480538,40.76047,2.423883,40.965045,2.160986,41.691233,2.129661,41.820715,2.748426,40.042045,2.2883,41.434363,2.310165,41.409894,2.47808,40.896677,3.929581,7.537326
1070,48,7237,14490,0.499448,0.642167,0.74053,0.756368,0.972502,0.676674,0.712936,0.723406,0.980102,0.532298,0.744457,0.827175,0.881581,0.435887,0.699436,0.883154,0.770761,False,False,False,False,0.0,0.0,0.373914,1.077301,1.077301,1.077301,48.174751,45.89024,20.062733,48.979641,15.459905,15.930463,13.893652,48.174751,15.459905,46.932755,15.76283,48.176086,15.415047,47.145409,15.660127,51.71162,14.68572,45.893925,15.929351,46.367279,15.77684,48.347427,15.336276,0.0,0.470558
1071,48,7050,11784,0.598269,0.671164,0.742052,0.805664,0.90383,0.689749,0.766527,0.810285,0.934184,0.563476,0.729846,0.86988,0.819291,0.462322,0.684821,0.932452,0.720567,False,False,False,False,0.0,0.0,0.325306,0.867131,0.867131,0.867131,18.970543,18.899527,8.84481,24.397873,21.983559,22.242148,19.302297,18.970543,21.983559,18.980568,22.104271,19.324018,21.82488,19.288748,21.942229,22.729692,20.766986,18.906809,22.238894,19.694374,22.021042,21.014515,21.499471,0.0,0.258589
1072,48,5479,17208,0.318398,0.396095,0.77982,0.790346,0.983209,0.64255,0.495523,0.495523,1.0,0.294514,0.638496,0.810971,0.750137,0.197583,0.433484,0.789706,0.490053,False,False,True,False,1.0,0.0,0.466024,2.133316,3.090204,2.133316,2.58928,6.900651,1.641771,2.384073,33.530236,31.789142,35.164854,7.219079,31.425194,6.202592,32.151225,9.139319,30.401325,8.446796,30.851115,9.905031,29.859328,6.993247,31.744262,7.906005,31.192706,8.86725,30.550169,0.956888,-1.741094
1073,48,8218,18603,0.441757,0.54502,0.810534,0.810534,1.0,0.553674,0.797864,0.797864,1.0,0.471698,0.768999,0.841823,0.898881,0.402677,0.701766,0.864771,0.78827,False,False,False,False,0.0,0.0,0.200481,1.003242,1.003242,1.003242,13.416849,13.186704,6.027058,16.37207,25.470076,26.041163,22.031663,13.416849,25.470076,13.180336,25.658912,13.90322,25.105123,13.581691,25.335904,16.842054,24.226401,13.208932,26.030825,13.914253,25.857219,15.155148,25.192343,0.0,0.571087
1074,48,11730,20784,0.564376,0.742157,0.757719,0.758898,0.997954,0.742254,0.757621,0.7588,0.997954,0.678839,0.775266,0.799773,0.961978,0.618072,0.760206,0.826249,0.904859,False,False,False,False,0.0,0.0,0.410316,0.966534,0.966534,0.966534,22.311281,21.220148,11.299352,21.867292,21.446106,21.925241,19.925066,22.311281,21.446106,21.505541,21.785963,22.746149,21.26792,22.200825,21.50165,24.470133,20.712485,21.233561,21.921437,21.676386,21.759797,22.76894,21.3344,0.0,0.479135
1075,48,3846,10010,0.384216,0.479421,0.700433,0.74203,0.925897,0.73956,0.519519,0.519519,1.0,0.381419,0.694076,0.82242,0.816433,0.289011,0.589012,0.863464,0.649506,False,False,True,False,0.987184,0.0,0.55889,0.940461,26.953548,0.940461,43.372074,10.75819,6.417478,16.377535,13.257945,25.184457,21.733868,11.198821,24.452629,11.178107,24.695761,10.979546,24.581961,11.042035,24.561513,11.588923,24.991741,10.743543,25.177877,10.688334,25.406118,10.960738,25.339646,26.013087,11.926512
1076,48,7293,17185,0.424382,0.570614,0.57131,0.634,0.852461,0.622229,0.597903,0.629384,0.922803,0.435205,0.544058,0.695949,0.713698,0.316962,0.474025,0.752157,0.561772,False,False,True,False,1.0,0.0,0.398403,1.553107,25.570528,1.553107,18.078478,12.459299,7.828751,11.88697,18.771113,26.533911,23.405618,13.052059,26.128576,12.293524,26.631372,13.628366,25.795189,13.189131,26.095877,16.178984,24.519259,12.480552,26.523408,13.267609,26.071887,14.563005,25.367538,24.017421,7.762798
1077,48,9230,17040,0.541667,0.768603,0.704742,0.704742,1.0,0.769131,0.704258,0.704258,1.0,0.70311,0.766994,0.768467,0.997508,0.636268,0.768614,0.804556,0.94507,False,False,False,False,0.0,0.0,0.492318,1.196671,1.196671,1.196671,14.431997,13.556338,7.660563,16.461321,23.180765,24.070227,21.115982,14.431997,23.180765,14.316541,23.414211,14.815096,22.974549,14.888913,23.024145,14.603322,23.732937,13.594908,24.057223,13.427194,24.358022,13.702637,24.240239,0.0,0.889462
1078,48,7289,16728,0.435736,0.499223,0.826249,0.847324,0.970778,0.73643,0.591688,0.591688,1.0,0.425992,0.766328,0.877631,0.858005,0.355811,0.672477,0.894489,0.730416,False,False,False,False,0.0,0.0,0.529505,1.033372,1.033372,1.033372,17.299812,16.532675,10.825865,24.113688,22.450392,23.12753,17.620491,17.299812,22.450392,17.004025,22.677378,17.200348,22.420604,17.033703,22.568972,21.681484,20.552741,16.536654,23.125899,17.483879,22.789891,19.223167,21.822435,0.0,0.677138
1079,48,7203,17568,0.410007,0.503131,0.725874,0.763322,0.936693,0.524362,0.73282,0.753582,0.963765,0.427368,0.702268,0.808338,0.842566,0.357411,0.626493,0.827043,0.72095,False,False,True,False,1.0,0.0,0.218717,1.443994,33.405243,1.443994,41.669674,11.392198,4.097379,14.86862,13.750252,25.533374,22.253695,13.182008,23.707879,13.04239,23.993958,13.305706,23.74133,13.09894,23.893778,9.982693,26.449476,11.425055,25.52211,10.291037,26.730403,9.662965,27.117447,31.961249,11.783122
1080,48,4275,10120,0.422431,0.656522,0.613566,0.624925,0.971228,0.674802,0.60811,0.614878,0.982222,0.543083,0.620936,0.681041,0.875556,0.439526,0.589758,0.727518,0.756959,False,False,False,False,0.0,0.0,0.448589,2.963616,2.963616,2.963616,18.846394,17.268694,8.505275,16.272125,22.888501,23.574981,20.960294,18.846394,22.888501,17.686707,23.324552,21.023235,22.297885,20.358362,22.501898,18.609356,22.990078,17.324835,23.559622,17.366783,23.579253,17.788382,23.380426,0.0,0.68648
1081,48,5658,10472,0.540298,0.772059,0.639389,0.662956,0.947331,0.784186,0.647856,0.664028,0.963768,0.648873,0.684659,0.744812,0.894486,0.54173,0.703141,0.824608,0.826794,False,False,False,False,0.0,0.0,0.569796,0.736117,0.736117,0.736117,17.74349,17.12908,11.07222,20.890244,23.301104,23.724114,20.889357,17.74349,23.301104,17.302698,23.613832,18.020443,23.073894,17.606516,23.312754,19.188347,22.839863,17.134382,23.722453,17.412514,23.619965,18.117239,23.314652,0.0,0.42301
1082,48,7038,13257,0.530889,0.563551,0.924271,0.932807,0.990196,0.579317,0.908207,0.912109,0.995311,0.476201,0.824156,0.955489,0.857062,0.390586,0.694548,0.966976,0.711424,False,False,True,False,0.998231,0.0,0.108378,0.763199,23.943024,0.763199,21.83267,12.62101,2.644369,13.9946,16.589623,25.580611,24.06439,12.909492,25.317735,12.780099,25.544914,12.84721,25.234331,12.808516,25.353935,15.122667,23.936358,12.616795,25.57856,13.061996,25.273731,13.923842,24.695179,23.179825,8.990988
1083,48,6564,12480,0.525962,0.560256,0.695772,0.795481,0.847349,0.588462,0.732436,0.800654,0.895795,0.467628,0.636748,0.826594,0.734918,0.38149,0.557129,0.851082,0.617307,False,False,False,False,0.0,0.0,0.246957,0.856096,0.856096,0.856096,15.130104,14.841509,5.505804,17.948202,23.505093,23.892584,21.395249,15.130104,23.505093,14.795247,23.790887,15.575665,23.272947,15.413315,23.423132,18.159151,22.470927,14.855119,23.88757,15.54743,23.661699,16.675655,23.160566,0.0,0.387491
1084,48,5556,9723,0.571429,0.632727,0.845232,0.871749,0.965263,0.667387,0.817016,0.834643,0.974802,0.520313,0.794287,0.92884,0.845752,0.418595,0.679637,0.957002,0.701044,False,False,False,False,0.0,0.0,0.257499,1.12487,1.12487,1.12487,33.299076,31.861832,10.933765,32.058674,18.065954,18.466071,17.376367,33.299076,18.065954,32.265179,18.406097,33.544338,17.978559,32.561733,18.282939,36.619511,17.14411,31.86375,18.46511,32.431126,18.243286,34.064613,17.781231,0.0,0.400117
1085,48,4100,9900,0.414141,0.592222,0.556476,0.607539,0.86878,0.626263,0.571799,0.604355,0.913902,0.469293,0.514459,0.639475,0.724634,0.356667,0.4371,0.657321,0.566098,False,False,True,False,0.997759,0.0,0.417069,2.892241,28.922586,2.892241,40.405041,8.471382,4.607529,6.849594,13.476711,27.124229,27.237604,9.591951,26.421329,8.858618,26.859016,10.494634,25.965227,10.033659,26.246412,8.792439,26.825281,8.499431,27.10798,8.34187,27.188248,8.417968,27.088805,26.030345,13.647518
1086,48,6827,13068,0.522421,0.550505,0.915437,0.931471,0.981544,0.557698,0.912602,0.924122,0.986524,0.465947,0.809217,0.94876,0.846199,0.383685,0.683395,0.958716,0.704116,False,False,True,False,0.998237,0.0,0.085563,0.598408,24.239332,0.598408,27.950686,8.415605,2.661059,8.686099,17.612596,26.033854,23.45451,9.190079,24.730083,9.048532,25.124096,9.233387,24.419145,9.185538,24.590201,10.52141,23.486362,8.420683,26.021744,8.538059,25.94814,9.253454,24.944229,23.640924,8.421258
1087,48,8291,17723,0.46781,0.6267,0.614885,0.664986,0.890845,0.66315,0.63718,0.663745,0.9409,0.502737,0.595492,0.720539,0.774334,0.384134,0.544181,0.78158,0.64178,False,False,False,False,0.0,0.0,0.417409,1.034245,1.034245,1.034245,14.971817,14.943634,8.640055,18.824911,24.657261,24.760539,21.261322,14.971817,24.657261,14.479355,24.949359,15.579142,24.292901,15.23817,24.487552,23.086599,21.36262,14.963093,24.749716,16.903751,23.889852,19.759539,22.67373,0.0,0.103278
1088,48,6160,11904,0.517473,0.718414,0.638125,0.670136,0.930357,0.729503,0.648418,0.672386,0.94789,0.607275,0.653371,0.731913,0.858929,0.506552,0.63756,0.787065,0.770455,False,False,False,False,0.0,0.0,0.495125,0.828401,0.828401,0.828401,23.57987,22.734253,15.582347,26.863365,20.423378,20.75253,17.502422,23.57987,20.423378,23.108116,20.64795,24.390205,20.165853,23.848972,20.401981,25.663582,19.821035,22.744698,20.750721,23.128084,20.631749,24.136202,20.306732,0.0,0.329152
1089,48,5099,10971,0.464771,0.603227,0.689789,0.722726,0.938027,0.618084,0.698842,0.72069,0.958423,0.499499,0.663888,0.770255,0.827809,0.402242,0.604318,0.811919,0.702687,False,False,False,False,0.0,0.0,0.318971,1.542291,1.542291,1.542291,12.11767,10.731255,4.336512,12.42662,23.377431,24.979538,22.995423,12.11767,23.377431,11.92528,23.700348,12.068314,23.654205,11.962672,23.827905,9.504086,26.058719,10.756946,24.96839,9.956528,25.972257,9.49611,26.40156,0.0,1.602107
1090,48,6320,15040,0.420213,0.48238,0.772888,0.815713,0.936392,0.648138,0.647155,0.64762,0.998892,0.413165,0.739143,0.857258,0.84288,0.346742,0.654238,0.874784,0.721835,False,False,True,False,0.999885,0.0,0.388417,1.034365,12.045259,1.034365,13.992511,3.462236,1.202026,3.57616,22.914019,33.673082,33.304598,3.885074,32.921464,3.547468,33.581487,3.999736,32.34337,3.781698,32.824436,4.18692,32.431384,3.472679,33.645347,3.568565,33.445075,3.814346,33.02244,11.010894,10.759063
1091,48,6855,12662,0.541384,0.699258,0.692415,0.725887,0.937564,0.710867,0.70623,0.729141,0.957403,0.595562,0.720775,0.799629,0.87965,0.501027,0.71527,0.867591,0.802918,False,False,False,False,0.0,0.0,0.417427,0.55215,0.55215,0.55215,15.139266,15.006418,8.581252,16.677996,24.089148,24.21681,21.553953,15.139266,24.089148,14.949769,24.264469,15.554826,23.80713,15.395477,23.954542,17.395964,22.88071,15.006613,24.218052,15.472259,23.942037,16.31077,23.477545,0.0,0.127662
1092,48,6180,11950,0.517155,0.529791,0.896181,0.933976,0.956796,0.537573,0.902778,0.930884,0.967638,0.445439,0.78729,0.951907,0.819903,0.363264,0.653725,0.958074,0.672977,False,False,True,False,0.998787,0.0,0.07591,0.714905,17.986713,0.714905,18.407982,6.569471,1.040035,7.464779,21.684646,31.035287,29.508681,6.966505,30.168189,6.871629,30.480356,6.533226,30.401883,6.494498,30.54629,7.392503,30.312059,6.567314,31.026797,6.588188,31.193711,6.879126,30.931189,17.271808,9.350641
1093,48,8771,17797,0.492836,0.5438,0.904904,0.905559,0.999202,0.547339,0.899251,0.899805,0.999316,0.473619,0.827454,0.923953,0.887926,0.405574,0.723324,0.929759,0.765135,False,False,True,False,1.0,0.0,0.1078,0.640852,20.97426,0.640852,24.193213,10.166078,2.191262,10.989853,18.640943,25.242693,24.243931,10.285258,25.149716,10.025159,25.34192,10.456542,24.946727,10.293391,25.082659,12.807243,23.941606,10.164291,25.238018,10.760042,24.942569,11.66298,24.496145,20.333408,6.60175
1094,48,6888,13311,0.517467,0.527458,0.910052,0.943883,0.962108,0.547818,0.900295,0.921284,0.975319,0.440538,0.797069,0.964529,0.821138,0.355571,0.657775,0.974224,0.669425,False,False,False,False,0.0,0.0,0.089211,0.635892,0.635892,0.635892,16.628,16.2033,2.157559,19.826946,23.473097,23.700274,21.655255,16.628,23.473097,16.674507,23.491945,16.471689,23.523508,16.472706,23.539078,18.190041,22.781898,16.204607,23.699905,16.320799,23.636397,17.010792,23.312395,0.0,0.227177
1095,48,7124,15004,0.474807,0.524527,0.870276,0.886531,0.979366,0.537123,0.867068,0.874922,0.989753,0.447014,0.791348,0.910989,0.857664,0.373234,0.680401,0.92,0.723189,False,False,True,False,0.999239,0.0,0.126142,1.585956,46.657444,1.585956,41.970428,9.802779,1.871404,10.292158,13.574228,26.965839,24.804133,9.752808,26.831866,9.399635,27.203785,10.114121,26.512245,9.841896,26.770421,14.133961,23.459636,9.827297,26.950743,10.838013,26.03606,12.27901,24.786254,45.071488,13.391611
1096,48,5877,17532,0.335216,0.470169,0.607285,0.647216,0.907776,0.625713,0.535734,0.535734,1.0,0.411305,0.614806,0.691028,0.847882,0.354438,0.571893,0.707918,0.748511,False,False,True,False,1.0,0.0,0.429086,1.713371,16.997768,1.713371,20.884182,7.622993,3.263235,9.531564,18.745478,30.696865,26.531731,7.114174,30.748919,6.620101,31.275367,8.444218,29.891372,8.083489,30.200988,11.984118,27.310516,7.694458,30.658339,8.98962,29.657443,10.423005,28.494037,15.284397,11.951387
1097,48,9312,19320,0.481988,0.579607,0.679221,0.740847,0.890893,0.603778,0.707113,0.744878,0.933097,0.490735,0.671826,0.79654,0.810997,0.410714,0.633858,0.843226,0.718535,False,False,True,False,0.9995,0.0,0.294165,0.489841,31.595524,0.489841,29.825243,7.531322,3.536471,9.608319,17.220452,30.226917,26.987336,7.695268,29.899037,7.511312,30.224688,7.485109,30.172506,7.349978,30.440192,9.929661,27.678635,7.525558,30.234815,8.021335,29.690654,8.849478,28.771828,31.105683,13.006465
1098,48,7349,14700,0.499932,0.577483,0.631102,0.721875,0.833855,0.611293,0.678311,0.734698,0.898354,0.468571,0.606704,0.780488,0.731528,0.36932,0.564589,0.849328,0.627432,False,False,False,False,0.0,0.0,0.322541,0.539246,0.539246,0.539246,15.131039,15.589241,6.912166,16.285391,23.23719,23.413719,21.426279,15.131039,23.23719,15.475574,23.153573,14.49517,23.584624,14.807638,23.43329,19.329161,22.667982,15.570826,23.423912,16.397787,23.427438,17.711617,23.15972,0.0,0.176529
1099,48,7154,13833,0.517169,0.609774,0.723303,0.775697,0.914593,0.625605,0.744812,0.779755,0.943249,0.533868,0.711276,0.81828,0.844702,0.460927,0.681581,0.8601,0.766564,False,False,True,False,0.99985,0.0,0.283426,0.571792,13.345012,0.571792,13.842606,10.473721,6.676648,11.331329,20.569634,23.894358,21.409448,10.590113,23.758218,10.457227,23.95052,10.490868,23.796941,10.373078,23.998338,12.285295,22.745279,10.475771,23.897217,10.822151,23.656328,11.39535,23.259289,12.77322,3.324724
1100,48,6364,10971,0.580075,0.672865,0.80607,0.831076,0.964016,0.677696,0.813034,0.83228,0.972344,0.581169,0.846912,0.916248,0.917976,0.491751,0.780588,0.955514,0.810025,False,False,True,False,1.0,0.0,0.220968,0.403951,3.329716,0.403951,3.060601,2.574586,1.034947,6.690185,32.847443,36.141765,24.569539,2.86916,35.495181,2.66101,36.045632,2.419128,36.323377,2.407501,36.508065,2.746857,34.575286,2.54845,36.152487,2.519904,35.907766,2.586424,35.347631,2.925765,3.294322
1101,48,5579,12200,0.457295,0.468443,0.700135,0.813823,0.833662,0.709672,0.644375,0.644375,1.0,0.371311,0.606643,0.842605,0.684173,0.281803,0.486972,0.85893,0.529306,False,False,True,False,0.999849,0.0,0.458239,1.545084,45.383526,1.545084,55.409691,15.525722,6.856517,15.029336,12.081855,23.18923,21.960654,17.185099,22.194249,16.585171,22.565083,17.978012,21.970141,17.747387,22.133863,16.332258,23.342845,15.577762,23.173225,15.187369,23.543175,15.445898,23.604508,43.838442,11.107375
1102,48,5605,14880,0.37668,0.546774,0.622889,0.64823,0.940946,0.596573,0.600575,0.612144,0.969492,0.422648,0.573489,0.689299,0.773417,0.311089,0.469769,0.706632,0.583586,False,False,False,False,0.0,0.0,0.369596,2.575022,2.575022,2.575022,18.274635,17.021351,7.045786,14.845793,23.094582,23.695623,21.717074,18.274635,23.094582,17.29545,23.4779,19.46286,22.844519,18.744633,23.122586,20.32798,22.291433,17.087303,23.67839,17.650967,23.512646,18.734404,23.018439,0.0,0.601041
1103,48,5886,13514,0.435548,0.4576,0.740447,0.830369,0.872409,0.683439,0.637289,0.637289,1.0,0.371541,0.661386,0.864768,0.737683,0.290588,0.550237,0.886937,0.591743,False,False,True,False,1.0,0.0,0.428815,1.510007,100.062492,1.510007,75.48069,7.869068,4.086349,7.545645,6.376488,27.164847,25.845942,8.574754,26.05496,8.148261,26.466998,9.182693,25.82879,8.917884,25.998084,8.670914,27.106082,7.905482,27.14733,7.926606,27.520917,8.177031,27.506722,98.552485,20.788359
1104,48,8512,19446,0.437725,0.519284,0.842027,0.842444,0.999413,0.523707,0.83492,0.83533,0.999413,0.453975,0.798009,0.871772,0.904135,0.39242,0.720819,0.886122,0.794408,False,False,True,False,0.999909,0.0,0.1531,1.007682,25.897232,1.007682,27.864857,9.869909,3.23965,11.236255,16.475634,26.196418,23.476084,10.368852,25.812841,10.165492,25.900321,10.552867,25.558153,10.392309,25.685255,11.89368,25.128405,9.872611,26.188448,10.110628,26.134336,10.801222,25.755132,24.88955,9.720784
1105,48,8234,16236,0.507145,0.537201,0.94405,0.94405,1.0,0.544038,0.932186,0.932186,1.0,0.467726,0.843896,0.953911,0.879767,0.400283,0.726186,0.953685,0.752733,False,False,True,False,1.0,0.0,0.074731,0.711614,9.574815,0.711614,9.319286,7.529552,1.377781,8.854101,26.499732,31.079858,29.393201,7.260262,31.176251,7.350943,31.180902,7.12327,31.35947,7.132864,31.368963,9.77937,29.074169,7.52769,31.083844,8.060602,30.632859,8.830621,29.926324,8.863201,4.580126
1106,48,5077,13980,0.363162,0.465665,0.681225,0.721198,0.924759,0.747926,0.485559,0.485559,1.0,0.347425,0.612401,0.776817,0.743155,0.247711,0.472414,0.791221,0.539689,False,False,False,False,0.0,0.0,0.60137,2.22805,2.22805,2.22805,12.104589,11.323879,5.498184,10.62642,26.644897,27.276359,26.463752,12.104589,26.644897,11.645722,26.886776,12.777624,26.378982,12.412842,26.575433,12.258092,26.973325,11.371283,27.255683,11.404176,27.401311,11.680717,27.300539,0.0,0.631462
1107,48,5015,14268,0.351486,0.505747,0.651945,0.66893,0.962512,0.553406,0.615895,0.623227,0.981256,0.389193,0.605591,0.71781,0.794816,0.286585,0.491481,0.733676,0.598205,False,False,False,False,0.0,0.0,0.320545,4.708599,4.708599,4.708599,20.17029,18.25231,4.337476,11.350814,23.215755,23.804352,24.754977,20.17029,23.215755,18.808441,23.617515,22.075972,22.823699,21.12323,23.078453,20.918379,22.859999,18.329477,23.786422,18.513725,23.701594,19.423264,23.376787,0.0,0.588597
1108,48,5449,12298,0.44308,0.506261,0.785987,0.825249,0.942925,0.522199,0.806299,0.825132,0.972472,0.422589,0.748973,0.877237,0.836667,0.342739,0.646057,0.899881,0.696091,False,False,True,False,1.0,0.0,0.163382,1.573174,40.339611,1.573174,64.232033,5.761363,2.600477,8.618891,10.806559,30.516131,23.978583,6.245183,29.650293,6.001407,30.080483,6.532758,29.412779,6.352419,29.689991,6.445036,29.164813,5.791338,30.491281,5.791522,30.444731,6.000917,29.963325,38.766437,19.709572
1109,48,7566,16762,0.451378,0.520105,0.843541,0.854669,0.9848,0.532096,0.837998,0.842695,0.993391,0.450125,0.791677,0.884957,0.882501,0.382472,0.693771,0.892996,0.756675,False,False,False,False,0.0,0.0,0.152566,1.666195,1.666195,1.666195,16.988369,15.76434,2.914202,16.154022,23.516941,24.223756,23.014413,16.988369,23.516941,16.402061,23.839183,17.744999,23.264262,17.309719,23.475256,17.677328,23.280656,15.795444,24.213454,15.810512,24.235579,16.427217,23.899625,0.0,0.706815
1110,48,7876,15035,0.523844,0.553109,0.944051,0.945527,0.998349,0.554639,0.941451,0.942919,0.998349,0.477419,0.845305,0.960713,0.875571,0.404124,0.727588,0.967084,0.746064,False,False,True,False,1.0,0.0,0.063277,0.630162,16.050892,0.630162,16.541603,1.453741,0.661172,1.865202,23.1618,44.107699,42.48893,1.8903,42.281358,1.73561,43.000143,1.518199,43.669276,1.443668,44.048321,1.583841,43.496063,1.426062,44.209855,1.287456,44.817529,1.341925,44.534697,15.42073,20.945899
1111,48,6114,15680,0.389923,0.514541,0.665923,0.702652,0.927216,0.529847,0.689154,0.708233,0.962381,0.443622,0.653175,0.742381,0.844619,0.37602,0.594107,0.759159,0.73209,False,False,True,False,1.0,0.0,0.250157,1.680187,55.6567,1.680187,51.237434,8.959002,2.170151,9.066787,12.147563,25.783429,25.457367,10.000654,24.173324,9.559426,24.2827,10.396194,24.311263,9.883982,24.707537,8.71797,28.240694,8.993839,25.770376,8.596172,27.179938,8.469687,28.14671,53.976513,13.635866
1112,48,5980,18642,0.320781,0.444641,0.691642,0.703824,0.975585,0.716983,0.447404,0.447404,1.0,0.327755,0.603236,0.744517,0.760702,0.216876,0.440293,0.757853,0.512375,False,False,True,False,1.0,0.0,0.562549,2.848865,8.67417,2.848865,12.18311,16.279877,5.991339,10.568618,22.125863,25.138623,23.8179,17.295151,24.700792,15.543033,25.166302,19.458862,24.179309,18.145763,24.523157,20.921572,23.735593,16.362541,25.11859,17.567335,24.82934,19.09515,24.351653,5.825305,3.01276
1113,48,6552,13392,0.489247,0.532183,0.482336,0.624526,0.679335,0.633289,0.605747,0.668671,0.865537,0.328778,0.409547,0.722916,0.485806,0.199522,0.305961,0.808757,0.329823,False,False,False,False,0.0,0.0,0.409211,0.678704,0.678704,0.678704,17.71978,16.686914,8.4423,14.797976,23.893225,24.500911,23.192516,17.71978,23.893225,16.95233,24.304074,18.383141,23.578675,17.718966,23.890941,19.37673,23.285945,16.704468,24.492955,17.0639,24.358009,17.993742,23.929526,0.0,0.607686
1114,48,5692,10971,0.518822,0.583174,0.747615,0.808378,0.908644,0.605779,0.756549,0.799579,0.933591,0.476529,0.688834,0.851951,0.782502,0.377358,0.594551,0.885507,0.644062,False,False,False,False,0.0,0.0,0.251184,2.222138,2.222138,2.222138,16.191263,16.068283,7.82282,20.922113,20.356197,21.038086,18.031892,16.191263,20.356197,16.086906,20.524698,16.255329,20.435319,16.12579,20.553568,20.081694,19.823597,16.111502,21.028454,16.99262,21.061808,18.319338,20.61835,0.0,0.681889
1115,48,9584,19760,0.48502,0.564929,0.858551,0.858551,1.0,0.57166,0.848442,0.848442,1.0,0.500962,0.795337,0.871906,0.900563,0.438866,0.712249,0.875692,0.792362,False,False,True,False,0.999902,0.0,0.151435,0.545303,61.545303,0.545303,62.458126,6.744435,4.598729,14.299145,10.80036,26.015313,17.911334,5.415554,26.948707,5.554049,26.974243,5.597941,26.306434,5.564483,26.449959,12.608514,20.383083,6.703047,26.01339,8.430022,24.133441,10.40025,22.162647,61.0,15.214953
1116,48,6051,15252,0.396735,0.511146,0.738481,0.754489,0.972071,0.526292,0.732464,0.741497,0.983639,0.431025,0.748131,0.821874,0.89291,0.355888,0.681412,0.857038,0.768799,False,False,True,False,1.0,0.0,0.225084,2.160236,33.836105,2.160236,53.204758,15.229494,3.134659,13.910428,11.842767,24.304636,22.738182,16.723516,23.356111,15.869113,23.745588,17.35939,23.355958,16.758938,23.605786,16.121964,23.484488,15.286784,24.289542,15.064121,24.434009,15.250317,24.140072,31.675869,12.461869
1117,48,6896,13688,0.503799,0.54062,0.928504,0.930135,0.998115,0.551943,0.910245,0.911449,0.99855,0.456604,0.831174,0.95472,0.865284,0.373027,0.699278,0.967293,0.716212,False,False,False,False,0.0,0.0,0.098498,0.839959,0.839959,0.839959,22.738012,23.979506,3.566941,27.083914,20.230443,20.06074,18.615633,22.738012,20.230443,23.152311,20.227567,22.532047,20.281834,22.941029,20.277954,30.07966,18.43368,23.983469,20.064487,25.608082,19.673091,27.666811,19.109741,0.0,-0.169703
1118,48,8421,19149,0.439762,0.440545,0.594495,0.745021,0.746348,0.695232,0.62485,0.627807,0.992519,0.356677,0.545187,0.787848,0.638998,0.282887,0.469626,0.816319,0.525116,False,False,True,False,1.0,0.0,0.461503,1.496209,52.19606,1.496209,41.541821,16.811424,15.024888,23.255314,11.490522,21.262767,16.296182,16.180223,21.02023,15.920714,21.18419,16.91913,20.69788,16.727467,20.775374,26.345722,18.903182,16.835688,21.253908,19.415073,20.792965,22.689507,19.947254,50.699851,9.772245
1119,48,4377,14477,0.302342,0.440699,0.664397,0.673041,0.981037,0.707122,0.427567,0.427567,1.0,0.316916,0.578345,0.715998,0.750514,0.205222,0.408742,0.717604,0.487092,False,False,False,False,0.0,0.0,0.57198,1.884917,1.884917,1.884917,9.738786,9.536821,5.157789,7.642297,28.89428,28.984781,26.385899,9.738786,28.89428,8.866271,29.263953,11.168761,28.400787,10.60658,28.622233,12.998172,27.179383,9.612977,28.956673,10.602239,28.4705,11.739395,27.860859,0.0,0.090501
1120,48,5828,11184,0.521102,0.456098,0.733936,0.906881,0.793754,0.723176,0.720574,0.720574,1.0,0.356044,0.628756,0.95103,0.649794,0.267525,0.496183,0.977607,0.501887,False,False,False,False,0.0,0.0,0.421397,0.657829,0.657829,0.657829,16.98204,16.611645,7.251556,19.011152,23.892991,24.196632,21.997923,16.98204,23.892991,16.843456,24.061422,16.91375,23.875769,16.735357,24.042471,17.988218,23.568988,16.598661,24.201518,16.749428,24.160297,17.226492,23.940336,0.0,0.303641
1121,48,5901,11616,0.508006,0.693354,0.655201,0.68587,0.936113,0.70928,0.665097,0.68552,0.957126,0.59134,0.678717,0.751638,0.874936,0.498623,0.680029,0.817162,0.802067,False,False,True,False,1.0,0.0,0.450569,0.70627,32.044796,0.70627,29.330734,15.592159,8.536658,15.50997,15.800481,22.444899,20.508521,16.328588,21.743451,15.794724,22.175601,16.651527,21.622344,16.151838,21.990236,17.470768,21.723985,15.59617,22.441413,15.810992,22.448049,16.409874,22.194972,31.338526,6.644418
1122,48,7373,19600,0.376173,0.531173,0.670173,0.685429,0.967856,0.547296,0.664521,0.673627,0.980062,0.46301,0.681112,0.734325,0.903838,0.398571,0.647678,0.764081,0.809575,False,False,True,False,0.999755,0.0,0.285352,1.807039,58.551949,1.807039,59.101856,17.249695,8.463946,21.349022,11.035252,23.063906,17.897143,16.409016,22.982429,16.090872,23.260861,17.252361,22.8007,16.993851,22.964048,26.852932,19.668536,17.29929,23.052543,19.808399,22.189208,23.067995,20.976234,56.74491,12.028654
1123,47,6402,11784,0.543279,0.664885,0.734527,0.769496,0.941737,0.674983,0.743291,0.76955,0.956107,0.56984,0.756427,0.841251,0.882381,0.478785,0.745001,0.911379,0.803187,False,False,True,False,1.0,0.0,0.327202,0.325282,7.483401,0.325282,9.318754,6.03551,3.115075,6.883422,24.115699,29.139893,26.748791,6.232323,28.669541,6.109289,29.046832,6.079558,28.72177,6.012652,28.987196,6.94585,28.313003,6.026606,29.145348,6.171353,29.049174,6.484224,28.759617,7.158119,5.024194
1124,48,5096,11247,0.453099,0.658842,0.61139,0.640351,0.931122,0.676536,0.617853,0.637666,0.952119,0.541656,0.604705,0.692055,0.827316,0.434338,0.56295,0.735926,0.705455,False,False,False,False,0.0,0.0,0.447244,1.294044,1.294044,1.294044,16.112507,14.938644,14.566792,21.549124,22.373276,23.096143,17.978259,16.112507,22.373276,16.050039,22.518796,16.242674,22.347348,16.108843,22.424515,15.413069,23.268482,14.958857,23.092607,14.535975,23.442295,14.732274,23.505431,0.0,0.722867
1125,48,5275,9765,0.540195,0.708756,0.731157,0.744257,0.976493,0.713671,0.73158,0.742287,0.980664,0.601126,0.778363,0.831005,0.924739,0.501178,0.768829,0.903147,0.837915,False,False,False,False,0.0,0.0,0.390423,1.343653,1.343653,1.343653,15.15981,14.020537,7.325018,17.489479,23.021579,24.134843,20.652468,15.15981,23.021579,14.412891,23.504936,15.319874,23.196036,14.910774,23.463088,14.826035,24.574744,14.035514,24.128923,13.973018,24.553855,14.239874,24.714342,0.0,1.113264
1126,48,5537,11675,0.474261,0.659443,0.625246,0.661385,0.919632,0.682655,0.629706,0.654831,0.942568,0.536017,0.632978,0.730585,0.825718,0.427152,0.605002,0.795468,0.716453,False,False,False,False,0.0,0.0,0.447703,1.1198,1.1198,1.1198,37.815907,35.218712,17.775768,40.781952,15.98882,16.757169,14.466676,37.815907,15.98882,37.600986,16.166364,37.475048,15.950946,37.575943,16.034549,32.927757,17.393787,35.250195,16.750598,33.627655,17.183019,32.769852,17.408706,0.0,0.768349
1127,48,5423,16626,0.326176,0.449056,0.701069,0.711492,0.979532,0.705461,0.462358,0.462358,1.0,0.332732,0.606305,0.747469,0.762493,0.223505,0.432221,0.742196,0.508575,False,False,True,False,1.0,0.0,0.546996,1.633045,15.031599,1.633045,16.825127,7.066875,4.549139,9.483988,19.444015,29.724393,25.538049,7.595919,29.014043,7.199336,29.268843,8.27703,28.819586,7.952855,29.013563,8.754686,29.205895,7.113283,29.70317,7.35835,29.846587,7.92833,29.667215,13.398554,10.280378
1128,48,8090,16796,0.481662,0.512086,0.931382,0.935821,0.994932,0.521672,0.915871,0.919425,0.995797,0.439569,0.829825,0.950427,0.867367,0.36979,0.705546,0.952504,0.731273,False,False,False,False,0.0,0.0,0.080634,0.560763,0.560763,0.560763,8.078327,9.290277,2.114213,12.307746,24.727473,25.29019,21.970175,8.078327,24.727473,8.187598,24.966965,7.73218,24.719841,7.811743,24.787709,15.308941,22.532475,9.272723,25.285549,11.016028,24.835881,13.031727,23.810608,0.0,0.562717
1129,48,5969,13659,0.437001,0.519731,0.761423,0.795746,0.94639,0.539864,0.75289,0.77719,0.960127,0.442346,0.71782,0.830685,0.840844,0.368402,0.635836,0.849762,0.716368,False,False,False,False,0.0,0.0,0.213134,1.404595,1.404595,1.404595,19.122746,17.255766,7.164153,23.046854,21.753854,22.809017,19.067469,19.122746,21.753854,18.880493,21.94277,19.205114,21.732533,19.00095,21.87117,18.990116,22.107132,17.270676,22.803582,16.800358,23.166252,17.351482,22.899203,0.0,1.055163
1130,48,6327,10902,0.580352,0.551734,0.709182,0.851372,0.809388,0.588149,0.757588,0.856363,0.867868,0.447257,0.621039,0.88023,0.678363,0.350211,0.515989,0.9044,0.545756,False,False,True,False,1.0,0.0,0.201311,1.329545,52.27774,1.329545,52.729362,13.319214,6.437814,15.188926,11.323814,22.853763,20.779738,14.376482,22.206938,14.166377,22.425298,14.96349,21.876406,14.608187,22.140837,13.661504,22.537703,13.32954,22.846563,12.962173,23.020691,13.067858,22.909715,50.948195,11.529949
1131,48,5436,10384,0.523498,0.465909,0.694261,0.870194,0.774467,0.727176,0.719905,0.719905,1.0,0.363155,0.58033,0.896579,0.621965,0.265312,0.448197,0.920145,0.466336,False,False,False,False,0.0,0.0,0.427243,1.099973,1.099973,1.099973,14.432549,13.759198,6.547561,16.376135,23.88789,24.415234,21.894262,14.432549,23.88789,14.513858,23.967233,14.5195,23.920136,14.500613,23.997911,13.656733,24.004029,13.772566,24.40996,13.341673,24.576682,13.254292,24.432242,0.0,0.527344
1132,48,5831,10948,0.532609,0.511874,0.830772,0.925946,0.889899,0.539551,0.846468,0.910953,0.922826,0.419072,0.714497,0.946382,0.744641,0.329284,0.58057,0.961442,0.594409,False,False,True,False,0.999805,0.0,0.102795,1.419321,45.142792,1.419321,48.915909,7.043274,2.769201,11.132339,11.137528,27.814282,23.098523,7.379809,27.217025,7.310638,27.480406,8.022066,26.354657,7.897559,26.614664,8.498656,25.909114,7.055965,27.812106,7.210941,27.595167,7.71017,26.895832,43.723471,16.676754
1133,48,9548,19600,0.487143,0.533316,0.647122,0.751746,0.823,0.572653,0.702344,0.763542,0.89757,0.432143,0.597765,0.795868,0.706012,0.338776,0.52243,0.836596,0.581797,False,False,True,False,1.0,0.0,0.256367,0.408675,17.543839,0.408675,18.269375,5.779675,3.599549,8.728913,21.505638,29.945052,25.191951,5.613566,29.781479,5.659754,29.635978,5.370793,29.815104,5.378474,29.944821,8.376309,27.161316,5.784178,29.936141,6.415619,29.470155,7.301599,28.440116,17.135164,8.439414
1134,48,4602,10902,0.422124,0.526509,0.698752,0.741115,0.924381,0.549624,0.705958,0.731642,0.952629,0.433132,0.69898,0.812368,0.833551,0.342506,0.620214,0.85458,0.693394,False,False,False,False,0.0,0.0,0.254762,2.764286,2.764286,2.764286,16.146675,14.187962,5.553069,14.282921,24.113673,25.086131,22.176703,16.146675,24.113673,14.946256,24.620723,17.397581,23.703852,16.641315,24.018769,15.787339,24.261885,14.238737,25.069541,14.127843,25.158743,14.666087,24.866295,0.0,0.972458
1135,48,8858,15221,0.581959,0.639183,0.878423,0.893411,0.98126,0.642665,0.880739,0.892353,0.985437,0.564023,0.825345,0.918695,0.890382,0.49412,0.742447,0.927935,0.787875,False,False,False,False,0.0,0.0,0.165331,0.896328,0.896328,0.896328,15.768872,14.84308,3.534339,17.189396,23.965992,24.533998,22.694459,15.768872,23.965992,15.34466,24.229322,15.785542,23.902574,15.476819,24.114329,17.707911,23.038703,14.856665,24.527834,15.148642,24.387071,16.142921,23.850168,0.0,0.568006
1136,48,8078,18620,0.433835,0.487594,0.612348,0.7177,0.806635,0.778733,0.557103,0.557103,1.0,0.375081,0.556635,0.771191,0.666749,0.276155,0.463847,0.814664,0.518569,False,False,False,False,0.0,0.0,0.60719,0.797066,0.797066,0.797066,13.665552,13.076834,14.265162,21.717876,24.718569,25.360855,18.568003,13.665552,24.718569,13.435586,24.962687,13.647561,24.618332,13.589337,24.731474,17.037262,23.601207,13.085582,25.355842,13.812907,25.204411,15.195139,24.559163,0.0,0.642286
1137,48,5489,9807,0.559702,0.560824,0.908144,0.950909,0.952815,0.57459,0.92991,0.951198,0.976498,0.444784,0.752847,0.969968,0.770814,0.329561,0.568243,0.977723,0.575697,False,False,True,False,0.999768,0.0,0.063687,0.820442,14.158098,0.820442,12.860266,6.430679,1.14482,15.148296,23.214021,31.679762,21.903183,6.406449,31.602262,6.552803,31.554112,6.105423,31.914169,6.212182,31.830013,6.923058,30.819662,6.428493,31.6834,6.451023,31.598692,6.628833,31.292614,13.337656,8.465741
1138,48,8136,17115,0.475372,0.416418,0.733841,0.906412,0.794002,0.646743,0.735026,0.735026,1.0,0.337891,0.639844,0.939132,0.667527,0.264154,0.523471,0.961955,0.534538,False,False,True,False,1.0,0.0,0.325537,0.698704,11.196941,0.698704,6.887455,6.989184,2.654787,10.171337,24.387844,31.038479,26.972379,6.413102,31.561548,6.676704,31.218276,6.270608,31.507504,6.339438,31.366481,9.362873,28.863138,6.989676,31.029685,7.610456,30.507018,8.423796,29.745079,10.498237,6.650635
1139,48,8507,17244,0.493331,0.591858,0.778633,0.802665,0.962972,0.597541,0.782695,0.801533,0.970848,0.514904,0.766331,0.849533,0.886682,0.442821,0.700695,0.871006,0.781827,False,False,False,False,0.0,0.0,0.233833,1.547633,1.547633,1.547633,14.333098,13.718271,3.694365,17.825594,24.237817,24.816962,21.288772,14.333098,24.237817,13.581599,24.68492,15.158928,23.974011,14.621606,24.271142,18.576387,22.385532,13.758317,24.800835,14.746013,24.34383,16.39677,23.469856,0.0,0.579145
1140,48,6279,11270,0.557143,0.569476,0.87299,0.922094,0.942507,0.590062,0.880308,0.910226,0.964007,0.472138,0.766408,0.945875,0.801561,0.379148,0.632678,0.956939,0.651218,False,False,False,False,0.0,0.0,0.119415,0.807387,0.807387,0.807387,12.592982,11.716303,3.541374,12.987631,23.969642,25.018168,23.02147,12.592982,23.969642,12.455858,24.241263,12.504486,24.024074,12.260817,24.275731,11.895684,25.228162,11.728035,25.007822,11.383341,25.489781,11.424483,25.569959,0.0,1.048526
1141,48,7122,13891,0.512706,0.540422,0.934541,0.941388,0.992277,0.541286,0.935616,0.941216,0.993682,0.463178,0.837852,0.960522,0.867734,0.387157,0.716797,0.970435,0.7328,False,False,True,False,1.0,0.0,0.06515,0.832915,5.357463,0.832915,3.978096,2.084012,0.88275,2.383553,33.022695,41.595287,39.851834,2.313676,40.891131,2.239259,41.125271,2.189319,41.049288,2.148273,41.178553,2.472012,40.244967,2.08785,41.569308,2.07643,41.540147,2.217635,41.048207,4.524548,8.572592
1142,48,7856,15190,0.517182,0.671231,0.682699,0.718321,0.932281,0.6842,0.700112,0.723083,0.956594,0.585451,0.702826,0.777353,0.879964,0.508492,0.698278,0.829363,0.815428,False,False,False,False,0.0,0.0,0.387783,0.488047,0.488047,0.488047,8.803038,8.779277,5.536133,11.294212,29.121611,29.272389,25.373352,8.803038,29.121611,8.658774,29.302603,8.834521,29.117021,8.751019,29.197734,10.891463,27.487777,8.784581,29.268002,9.24109,28.90037,9.953709,28.272466,0.0,0.150778
1143,48,7682,15360,0.50013,0.689128,0.627785,0.665564,0.917079,0.708659,0.64179,0.666789,0.944806,0.580599,0.648461,0.732227,0.850039,0.488542,0.640843,0.790378,0.772065,False,False,False,False,0.0,0.0,0.467179,0.341018,0.341018,0.341018,13.244381,13.050899,9.21846,16.908964,25.54341,25.834872,21.289482,13.244381,25.54341,13.006725,25.766766,13.497049,25.343111,13.311898,25.514284,15.483468,24.48182,13.058102,25.829112,13.541352,25.604144,14.370564,25.130036,0.0,0.291462
1144,48,7979,16524,0.482873,0.666243,0.679165,0.697611,0.962527,0.672295,0.688008,0.700333,0.97506,0.58291,0.717811,0.764016,0.922296,0.507928,0.726458,0.820803,0.863391,False,False,True,False,0.992744,0.0,0.385138,0.387712,13.354632,0.387712,13.575469,10.000334,4.82282,11.723859,23.247329,29.233587,26.421141,10.429461,28.838556,10.051678,29.20392,10.539792,28.780543,10.271212,29.006931,11.952709,27.634834,9.997076,29.235753,10.317751,28.941265,10.99507,28.374813,12.96692,5.986258
1145,48,7899,14973,0.52755,0.556869,0.943853,0.94555,0.998101,0.558338,0.941373,0.943062,0.998101,0.477125,0.844861,0.964306,0.872136,0.400387,0.720406,0.970475,0.736549,False,False,True,False,0.98855,0.0,0.066016,0.486382,5.232542,0.486382,5.375491,2.525721,0.639902,2.940077,31.759059,40.44025,38.968101,2.640841,40.058225,2.569439,40.327431,2.439634,40.53534,2.36473,40.801133,3.362999,38.044203,2.525383,40.435645,2.66346,39.977071,2.956197,39.116359,4.74616,8.681191
1146,48,6665,14490,0.459972,0.527605,0.823627,0.845389,0.969692,0.544859,0.81027,0.825459,0.977794,0.452588,0.785203,0.886856,0.872618,0.379227,0.69265,0.905551,0.746587,False,False,False,False,0.0,0.0,0.172907,1.939766,1.939766,1.939766,15.138835,13.306827,2.537338,12.469418,23.918249,25.255551,24.546866,15.138835,23.918249,14.578395,24.373795,15.302075,23.848626,14.915129,24.125137,12.893224,25.059237,13.337034,25.244629,12.629007,25.720296,12.393148,25.648925,0.0,1.337302
1147,48,6803,18204,0.373709,0.522303,0.691135,0.701094,0.979862,0.538838,0.681717,0.686512,0.989857,0.453307,0.707303,0.755817,0.916801,0.38909,0.666387,0.78399,0.816258,False,False,False,False,0.0,0.0,0.269099,2.071953,2.071953,2.071953,16.130041,14.893822,6.53317,15.967564,23.569634,24.493037,20.865565,16.130041,23.569634,15.490715,23.895007,17.89049,22.783477,17.291489,23.070028,16.853643,23.970874,14.939928,24.479376,15.050958,24.708563,15.693616,24.523838,0.0,0.923403
1148,48,6090,13514,0.450644,0.607444,0.649441,0.685833,0.924466,0.628903,0.657464,0.680904,0.950246,0.504292,0.647517,0.744241,0.832841,0.412461,0.614841,0.796735,0.729228,False,False,False,False,0.0,0.0,0.364628,1.080101,1.080101,1.080101,23.459278,21.812042,14.600755,27.650957,19.64147,20.713952,16.73078,23.459278,19.64147,23.460701,19.795689,23.856649,19.516017,24.043514,19.515229,21.960262,21.042988,21.8237,20.709158,21.005199,21.312082,20.965189,21.436327,0.0,1.072482
1149,48,6162,14787,0.416717,0.601948,0.613259,0.643299,0.929244,0.639075,0.610149,0.626032,0.960078,0.47677,0.590657,0.695887,0.79617,0.363698,0.523432,0.737263,0.64346,False,False,True,False,0.998029,0.0,0.40858,2.101526,32.230572,2.101526,33.240669,23.307747,14.758068,24.427134,14.532589,21.046629,16.839146,25.583305,20.234093,24.54598,20.580656,26.666018,19.999917,25.954559,20.219255,26.88732,19.811274,23.35919,21.037008,23.479174,21.040649,24.698042,20.591285,30.129046,6.51404
1150,48,6358,12528,0.507503,0.527618,0.865094,0.909985,0.946052,0.546775,0.875604,0.900146,0.969802,0.448436,0.773171,0.929512,0.821327,0.370769,0.659828,0.941658,0.687952,False,False,True,False,1.0,0.0,0.110535,1.181632,24.470556,1.181632,18.610518,5.735242,1.603674,6.488047,17.678817,30.687124,27.898353,6.024274,30.087345,5.803345,30.337215,6.302191,29.54984,6.215424,29.611401,6.848904,30.06695,5.739436,30.668666,5.927073,30.742126,6.310947,30.526546,23.288924,13.008307
1151,48,5931,15035,0.39448,0.523911,0.713789,0.7301,0.969651,0.539209,0.709658,0.718762,0.982465,0.446558,0.722517,0.789991,0.894284,0.374393,0.665946,0.820927,0.779127,False,False,False,False,0.0,0.0,0.25011,1.844537,1.844537,1.844537,16.72242,15.598213,5.194786,17.745798,23.757138,24.456762,21.498401,16.72242,23.757138,16.079695,24.095221,16.903952,23.751466,16.553589,23.91455,17.689878,23.504772,15.621368,24.449249,15.841736,24.454476,16.499016,24.11681,0.0,0.699624
1152,48,7772,14720,0.527989,0.598709,0.70997,0.781346,0.886001,0.625543,0.736729,0.782255,0.926788,0.497826,0.689227,0.840748,0.792717,0.407269,0.636202,0.892911,0.688755,False,False,True,False,0.991077,0.0,0.285262,0.458165,13.961763,0.458165,14.726583,11.014796,4.924247,13.314891,20.006134,25.12124,22.223283,10.507505,25.106186,10.589895,25.296083,10.781909,24.694805,10.802796,24.883824,14.196689,22.779774,11.018743,25.122477,11.830073,24.556118,12.908089,23.731056,13.503598,5.115106
1153,45,6405,12025,0.53264,0.582037,0.693707,0.784398,0.857143,0.604906,0.726057,0.791037,0.898361,0.46237,0.657202,0.853417,0.740827,0.360832,0.580232,0.909196,0.615925,False,False,True,False,1.0,0.0,0.269217,0.537129,10.022954,0.537129,9.557794,6.885558,2.837782,7.037262,25.481,31.105719,29.683216,6.93453,30.974798,6.82623,31.175089,6.852615,31.127264,6.815352,31.186789,7.987562,29.900825,6.879417,31.110025,7.110695,30.851635,7.488265,30.433132,9.485825,5.624719
1154,48,5577,11472,0.48614,0.499826,0.696311,0.809731,0.832526,0.724983,0.670554,0.670554,1.0,0.403591,0.640469,0.860691,0.714542,0.314679,0.544034,0.896676,0.58042,False,False,False,False,0.0,0.0,0.461238,0.630987,0.630987,0.630987,7.425259,7.746996,5.908962,8.354791,27.954276,27.934664,24.46458,7.425259,27.954276,7.498416,28.075751,7.150977,28.101821,7.263523,28.095978,9.338115,26.750199,7.734804,27.938737,8.157433,27.651128,8.70474,27.243435,0.0,-0.019612
1155,48,6931,11832,0.585784,0.610801,0.849993,0.900097,0.938537,0.628972,0.875147,0.901371,0.967826,0.49738,0.760198,0.940527,0.798586,0.391058,0.623771,0.959585,0.6406,False,False,False,False,0.0,0.0,0.148133,0.577229,0.577229,0.577229,10.051604,9.88852,1.653064,16.901457,26.587764,27.041813,21.455566,10.051604,26.587764,10.086519,26.708745,10.092579,26.420418,10.108306,26.514813,11.577069,25.928297,9.900784,27.039722,10.100707,27.004439,10.664935,26.60376,0.0,0.454049
1156,48,7816,13014,0.600584,0.607115,0.863308,0.921655,0.931679,0.617873,0.87679,0.921278,0.947799,0.512448,0.778173,0.950517,0.811029,0.425004,0.6638,0.962755,0.681295,False,False,True,False,0.999808,0.0,0.120816,0.784148,36.46537,0.784148,33.18718,9.617238,2.169937,13.920718,15.362943,24.58451,21.638147,9.667435,24.196727,9.659801,24.415046,9.522092,23.950704,9.50853,24.149993,13.067724,22.137055,9.614807,24.58281,10.365021,24.141419,11.51531,23.250807,35.681222,9.221567
1157,48,4844,10185,0.475601,0.611095,0.708816,0.737629,0.94777,0.624644,0.714242,0.733889,0.963873,0.503093,0.72636,0.818501,0.865813,0.40432,0.699602,0.895823,0.761561,False,False,True,False,0.999251,0.0,0.308744,1.257567,33.592087,1.257567,35.059456,10.369804,4.040754,13.067231,15.924768,25.302913,22.97514,10.875653,24.913169,10.629851,25.116204,10.980939,25.001092,10.724401,25.131619,11.663363,24.832383,10.394577,25.292503,10.557734,25.302885,10.99016,25.144024,32.33452,9.378145
1158,48,6259,12200,0.513033,0.676557,0.672197,0.706809,0.932098,0.690328,0.68418,0.708145,0.952868,0.564672,0.688238,0.778052,0.856367,0.465902,0.668483,0.841837,0.764499,False,False,False,False,0.0,0.0,0.413398,1.051563,1.051563,1.051563,21.155029,19.675507,10.101049,24.599829,21.746998,22.478218,19.054953,21.155029,21.746998,20.53475,22.037039,21.533844,21.614153,21.023434,21.870758,20.689674,21.95749,19.69207,22.470687,19.374767,22.612824,19.69713,22.428817,0.0,0.73122
1159,48,6850,15221,0.450036,0.59845,0.690751,0.715776,0.951825,0.640957,0.658775,0.675994,0.962774,0.494646,0.696037,0.783769,0.86146,0.403587,0.646142,0.830213,0.744526,False,False,False,False,0.0,0.0,0.377494,1.38717,1.38717,1.38717,49.513382,49.841072,22.505236,59.205402,14.88833,15.107694,12.554699,49.513382,14.88833,49.366665,15.053362,50.242336,14.76316,50.269196,14.841513,62.784184,13.383201,49.864525,15.103591,52.745449,14.788513,57.240875,14.179677,0.0,0.219364
1160,48,6700,12636,0.530231,0.56062,0.865223,0.902597,0.954328,0.575499,0.869914,0.893839,0.970149,0.478632,0.780696,0.924107,0.834179,0.39886,0.66714,0.932143,0.701194,False,False,False,False,0.0,0.0,0.130054,0.858715,0.858715,0.858715,12.809752,12.54189,3.882974,14.971393,23.42763,23.87063,21.270596,12.809752,23.42763,12.762687,23.631804,12.847015,23.360003,12.770349,23.460009,14.930199,22.301474,12.547911,23.867006,12.870298,23.679858,13.699801,23.116797,0.0,0.443
1161,48,6082,14976,0.406116,0.530983,0.722174,0.740065,0.967609,0.55195,0.709927,0.720663,0.979448,0.446314,0.725835,0.803262,0.882769,0.367188,0.668251,0.843608,0.762743,False,False,True,False,1.0,0.0,0.258039,2.297467,61.747734,2.297467,89.266747,18.345665,5.445431,20.157623,7.910801,23.201939,20.038628,19.443275,22.879605,18.934286,22.976274,20.709965,22.379328,20.199879,22.544429,20.573385,21.674758,18.374987,23.192746,18.500275,23.00556,19.210073,22.461024,59.450267,15.291138
1162,48,6708,13514,0.496374,0.5572,0.810759,0.846614,0.950358,0.576069,0.801492,0.828259,0.96124,0.469513,0.75869,0.88747,0.839445,0.386562,0.670213,0.916539,0.713775,False,False,False,False,0.0,0.0,0.196444,1.113674,1.113674,1.113674,41.411797,40.446732,12.07753,49.957611,15.516448,16.067324,13.446781,41.411797,15.516448,40.647236,15.84338,40.714916,15.600467,40.543579,15.740903,49.596054,14.487773,40.450657,16.066165,42.207363,15.868378,45.284885,15.300847,0.0,0.550876
1163,48,6271,11592,0.540977,0.598257,0.66911,0.763374,0.844203,0.634144,0.714322,0.77214,0.905119,0.492409,0.630461,0.811493,0.738638,0.397602,0.566369,0.853547,0.627332,False,False,False,False,0.0,0.0,0.314603,0.657834,0.657834,0.657834,13.492638,12.966725,5.404686,13.261575,25.416763,25.808462,24.131952,13.492638,25.416763,12.879711,25.871366,13.695371,25.267052,13.165736,25.654748,15.366768,24.320421,12.960772,25.811388,13.443045,25.496483,14.258013,24.977919,0.0,0.391699
1164,48,8744,19740,0.442958,0.553546,0.80022,0.80022,1.0,0.559777,0.791312,0.791312,1.0,0.478217,0.785897,0.847669,0.915142,0.407953,0.73469,0.883397,0.813586,False,False,True,False,1.0,0.0,0.209622,0.701922,22.308142,0.701922,16.530191,11.671013,4.876228,14.83482,18.667485,27.671139,23.846639,9.797118,28.276283,9.896005,28.399696,9.983951,27.968009,10.098201,28.022789,20.693504,22.860502,11.7078,27.651921,14.413579,26.143396,17.465881,24.458009,21.60622,9.003654
1165,48,6883,20370,0.337899,0.544575,0.594041,0.603894,0.973267,0.563132,0.581151,0.588092,0.980096,0.47732,0.642857,0.668312,0.944065,0.414924,0.644151,0.710838,0.872875,False,False,True,False,1.0,0.0,0.349151,2.365784,27.778231,2.365784,35.916122,20.359873,9.702084,26.857573,12.994301,22.434998,16.871146,21.417067,21.792565,19.972687,22.217626,22.990847,21.562052,22.245726,21.719327,26.770109,20.643627,20.423458,22.427416,21.876507,22.175762,24.080875,21.531571,25.412447,9.440697
1166,48,5311,10538,0.503986,0.469918,0.823561,0.935985,0.872717,0.764092,0.658352,0.658843,0.99887,0.37398,0.705752,0.971327,0.720768,0.285538,0.552239,0.983716,0.557334,False,False,True,False,1.0,0.0,0.523627,1.289905,70.516037,1.289905,53.581562,9.89117,6.788917,14.589092,9.222394,25.903592,21.234345,10.722212,24.784061,10.793824,24.951906,10.964664,24.63817,11.124961,24.647222,8.612942,26.870695,9.911943,25.892233,9.236741,26.624745,8.765016,26.984412,69.226132,16.681198
1167,48,7709,15159,0.508543,0.549904,0.9234,0.924064,0.999222,0.562504,0.903177,0.9036,0.999481,0.467445,0.838117,0.952018,0.875081,0.388614,0.721301,0.967408,0.739266,False,False,False,False,0.0,0.0,0.110336,0.827069,0.827069,0.827069,17.243828,16.884291,3.540492,18.21637,23.474693,23.690647,22.058754,17.243828,23.474693,16.701735,23.746213,17.483677,23.27707,16.992346,23.548643,20.864834,21.95687,16.886972,23.691064,17.75094,23.324949,19.102823,22.717092,0.0,0.215954
1168,48,9305,19446,0.478505,0.545716,0.876838,0.876838,1.0,0.553841,0.863974,0.863974,1.0,0.474545,0.821962,0.906047,0.898549,0.405173,0.733306,0.922706,0.7813,False,False,False,False,0.0,0.0,0.144266,0.646485,0.646485,0.646485,10.382948,10.144868,3.562765,10.455741,26.983556,27.366371,25.369721,10.382948,26.983556,10.14408,27.29712,10.435751,26.921965,10.280244,27.091659,12.75454,25.453051,10.136164,27.373493,10.638295,27.024242,11.51904,26.338162,0.0,0.382815
1169,48,7244,13746,0.52699,0.532519,0.872702,0.927186,0.936913,0.557762,0.87725,0.90883,0.9619,0.445293,0.769027,0.949191,0.802043,0.359159,0.639435,0.962325,0.655853,False,False,True,False,1.0,0.0,0.107505,0.753871,14.173844,0.753871,12.48707,6.807933,1.742131,17.1992,22.651161,29.049781,20.176443,6.837935,28.72699,6.88418,28.766299,6.291966,29.546175,6.307289,29.492285,8.352384,28.111699,6.797073,29.065567,7.042196,29.044066,7.583794,28.705139,13.419973,6.39862
1170,48,9376,19720,0.475456,0.601166,0.779333,0.784395,0.991788,0.614655,0.764074,0.768171,0.993067,0.528043,0.751704,0.815519,0.905717,0.459686,0.690904,0.831219,0.803648,False,False,False,False,0.0,0.0,0.270205,1.326985,1.326985,1.326985,15.194077,14.27453,9.529453,19.448343,22.480812,23.130272,18.264689,15.194077,22.480812,14.70229,22.824032,15.505866,22.404667,15.232188,22.512691,19.731619,20.397752,14.277908,23.12562,15.308589,22.672363,17.199659,21.6578,0.0,0.64946
1171,48,5735,10692,0.536382,0.509914,0.72426,0.861886,0.819355,0.541807,0.773811,0.868117,0.876896,0.403012,0.64467,0.913669,0.686486,0.304994,0.529672,0.955228,0.543156,False,False,True,False,0.991527,0.0,0.152915,0.54307,7.416852,0.54307,6.268527,6.226272,1.705131,6.148503,28.818855,32.410043,31.601381,6.321244,32.138284,6.313223,32.225455,5.822261,32.732027,5.821041,32.749266,6.674455,31.797662,6.188085,32.45425,6.224411,32.453857,6.386806,32.225983,6.873782,3.591188
1172,48,5996,11424,0.52486,0.657826,0.704643,0.74318,0.931454,0.672006,0.718145,0.744431,0.953135,0.560662,0.724037,0.813115,0.868579,0.470501,0.716118,0.882791,0.791361,False,False,True,False,0.995578,0.0,0.35409,0.534512,35.665684,0.534512,31.217922,8.147598,3.698293,10.849177,15.129448,26.957018,24.347242,8.514788,26.180476,8.309707,26.577045,8.597898,25.953935,8.573716,26.035075,9.698744,26.199939,8.166945,26.940512,8.431176,26.998761,8.946798,26.734768,35.131172,11.82757
1173,48,5884,12116,0.485639,0.541268,0.702751,0.783013,0.872706,0.577831,0.727212,0.774889,0.921992,0.430753,0.634236,0.825637,0.732325,0.328161,0.528208,0.857143,0.579198,False,False,False,False,0.0,0.0,0.252888,1.418699,1.418699,1.418699,30.755383,29.610016,10.601947,29.371119,18.140537,18.581066,17.002066,30.755383,18.140537,29.63092,18.428813,30.854124,18.217696,29.903637,18.459522,35.378654,17.317417,29.607807,18.583781,30.700148,18.420067,32.635509,17.972304,0.0,0.440529
1174,48,4838,10472,0.461994,0.536287,0.686673,0.757835,0.879702,0.568946,0.706068,0.749916,0.923522,0.428571,0.656777,0.823752,0.764159,0.333747,0.588448,0.883262,0.638074,False,False,True,False,1.0,0.0,0.263401,1.140693,74.719261,1.140693,67.619812,19.747555,6.544433,22.340637,10.076185,20.681688,18.820301,19.549263,20.324357,19.837605,20.419812,18.438887,20.811868,18.711727,20.725965,22.883078,20.157311,19.758095,20.677752,20.371916,20.718598,21.44433,20.538214,73.578568,10.605503
1175,48,4226,11496,0.367606,0.575592,0.637421,0.637902,0.998817,0.590814,0.621964,0.622055,0.999763,0.465727,0.597199,0.669032,0.84761,0.364301,0.514126,0.682187,0.676053,False,False,True,False,0.750757,0.0,0.343741,1.844567,6.233975,1.844567,3.711705,4.505521,4.355066,6.691276,26.8391,32.764708,28.193065,4.642688,32.92317,4.257927,33.041471,5.738523,32.416949,5.345086,32.619764,6.733002,31.0497,4.546458,32.743927,5.143083,32.286374,5.894068,31.706119,4.389408,5.925608
1176,48,7633,14849,0.514041,0.426763,0.676668,0.889695,0.738635,0.700788,0.733519,0.733519,1.0,0.329315,0.559333,0.918609,0.588497,0.239141,0.426531,0.941707,0.438098,False,False,False,False,0.0,0.0,0.384008,0.704684,0.704684,0.704684,21.259531,20.365255,7.414819,21.914145,22.26986,22.66371,21.180811,21.259531,22.26986,20.643608,22.54397,21.400497,22.184959,21.056465,22.367997,23.368881,21.409465,20.360626,22.666071,20.762522,22.488965,21.80794,22.04469,0.0,0.39385
1177,48,5681,15314,0.370968,0.46193,0.690972,0.736783,0.917444,0.678595,0.546522,0.546574,0.999824,0.383832,0.666763,0.786662,0.813941,0.312982,0.58721,0.808471,0.682098,False,False,True,False,0.468286,0.0,0.376622,0.276169,52.999966,0.276169,92.186409,4.637446,10.075539,15.106965,7.042803,28.847214,16.631039,5.218624,26.675963,5.179429,26.849969,4.909288,26.418147,4.892448,26.506109,3.529484,32.755982,4.607933,28.842464,3.956815,31.001329,3.529132,32.707834,52.723797,21.804411
1178,48,4722,9744,0.484606,0.493021,0.680663,0.803081,0.817027,0.732143,0.661901,0.661901,1.0,0.390291,0.577535,0.820668,0.660949,0.291975,0.447399,0.822144,0.495341,False,False,True,False,1.0,0.0,0.463162,1.098434,53.98885,1.098434,47.588802,17.862488,5.98573,21.912678,11.520533,19.046414,16.940595,18.273825,18.772497,18.366087,18.726008,17.855499,19.036387,17.886559,18.979266,18.348087,19.431748,17.890018,19.03912,17.790695,19.270579,17.935268,19.405294,52.890416,7.525881
1179,48,8215,15252,0.538618,0.591398,0.890217,0.899889,0.988071,0.614673,0.860588,0.86784,0.990383,0.503213,0.836357,0.942932,0.880949,0.422174,0.739554,0.967542,0.758369,False,False,False,False,0.0,0.0,0.176069,0.868836,0.868836,0.868836,37.783852,35.625198,9.0153,35.288498,17.144359,17.752526,16.901894,37.783852,17.144359,36.028362,17.617038,37.785473,17.184843,36.754757,17.485939,40.7365,16.53105,35.628483,17.751752,36.343437,17.588838,38.061272,17.15785,0.0,0.608167
1180,48,4487,9220,0.486659,0.612473,0.652911,0.708872,0.892133,0.65,0.636477,0.680127,0.908402,0.474295,0.639223,0.790075,0.770002,0.351627,0.560784,0.85657,0.618899,False,False,False,False,0.0,0.0,0.405029,1.838158,1.838158,1.838158,36.569126,35.660053,17.232834,41.478493,15.897773,16.435834,14.027095,36.569126,15.897773,37.588665,15.863551,36.113289,16.009838,36.809971,15.96556,35.818439,16.469435,35.697422,16.428157,34.820148,16.748472,34.778843,16.763364,0.0,0.538061
1181,48,9183,19698,0.466189,0.530257,0.8772,0.878124,0.998802,0.544268,0.855159,0.855797,0.999129,0.458574,0.824702,0.911436,0.896548,0.388618,0.735876,0.932462,0.777306,False,False,False,False,0.0,0.0,0.146553,0.623776,0.623776,0.623776,8.366184,8.66928,2.847107,11.465317,28.536493,28.680951,25.166868,8.366184,28.536493,8.428074,28.646478,8.065883,28.734615,8.125558,28.764492,12.278885,26.23223,8.663182,28.685849,9.543831,28.186701,10.797343,27.303853,0.0,0.144458
1182,48,5212,10248,0.508587,0.508489,0.895091,0.944732,0.944551,0.526932,0.901792,0.931852,0.965464,0.409446,0.758505,0.967112,0.778588,0.313037,0.591682,0.975686,0.600537,False,False,False,False,0.0,0.0,0.072478,0.640455,0.640455,0.640455,7.799245,7.527053,1.313807,8.130277,27.829003,28.354262,27.196621,7.799245,27.829003,7.729023,28.138788,7.64959,28.117335,7.570862,28.356593,8.74239,26.851556,7.524431,28.346739,7.627335,28.158206,8.043041,27.624305,0.0,0.525259
1183,48,5611,9786,0.57337,0.596771,0.856217,0.904452,0.941365,0.62058,0.843484,0.88029,0.952771,0.486511,0.764546,0.943919,0.800927,0.381974,0.625913,0.962814,0.641419,False,False,False,False,0.0,0.0,0.174132,0.835609,0.835609,0.835609,33.63031,33.374741,8.447425,36.438248,17.763118,17.954869,16.175043,33.63031,17.763118,32.777164,18.047692,33.868355,17.688337,33.220577,17.91845,37.916534,16.890938,33.377354,17.954879,34.509415,17.714476,36.040634,17.349523,0.0,0.191751
1184,48,5866,10692,0.548634,0.558081,0.696974,0.81448,0.828503,0.589974,0.741133,0.821497,0.883396,0.454358,0.641764,0.862907,0.714627,0.357838,0.55845,0.907737,0.592056,False,False,False,False,0.0,0.0,0.233112,0.714809,0.714809,0.714809,10.440561,10.421241,4.329811,15.566997,26.64348,26.997077,22.975312,10.440561,26.64348,10.67877,26.63705,10.435731,26.505535,10.509092,26.530561,11.521764,26.422488,10.43522,26.99057,10.510797,27.076156,10.873622,26.873891,0.0,0.353597
1185,48,6024,11875,0.507284,0.570526,0.660267,0.751292,0.844954,0.609263,0.693575,0.750518,0.901394,0.463326,0.619503,0.801345,0.731906,0.366484,0.550508,0.846507,0.611554,False,False,False,False,0.0,0.0,0.308323,1.129266,1.129266,1.129266,26.49502,25.531153,10.510511,28.460768,19.293115,19.788649,17.763949,26.49502,19.293115,25.930058,19.594138,26.414951,19.345563,25.980135,19.522603,28.976759,19.004991,25.551626,19.7819,25.973993,19.736834,27.18454,19.465132,0.0,0.495534
1186,48,9325,19680,0.473831,0.531809,0.89098,0.89098,1.0,0.540752,0.876245,0.876245,1.0,0.469512,0.829605,0.911039,0.902735,0.410264,0.745661,0.920486,0.796997,False,False,False,False,0.0,0.0,0.127088,0.861001,0.861001,0.861001,12.062199,11.2089,2.072783,12.454692,24.658416,25.854007,25.00164,12.062199,24.658416,12.00933,24.949586,11.965576,24.68918,11.881037,24.839392,11.711707,25.95831,11.196604,25.854536,10.873316,26.409065,11.022663,26.44798,0.0,1.195591
1187,48,5665,14123,0.401119,0.498548,0.664614,0.720494,0.895499,0.752531,0.533026,0.533026,1.0,0.393755,0.602112,0.758676,0.744748,0.300149,0.503796,0.782732,0.585702,False,False,False,False,0.0,0.0,0.584299,2.191495,2.191495,2.191495,17.491322,16.51627,9.821353,18.099382,23.348136,24.064595,20.193753,17.491322,23.348136,16.891556,23.718767,18.421124,23.039094,17.944395,23.240888,18.943336,23.027768,16.564283,24.052043,16.749809,24.035282,17.490438,23.666316,0.0,0.716459
1188,48,7766,15221,0.510216,0.434071,0.692534,0.890117,0.757275,0.704422,0.724305,0.724305,1.0,0.328756,0.574405,0.931055,0.599923,0.232048,0.427958,0.958664,0.436003,False,False,True,False,0.999329,0.0,0.395976,0.69734,10.790655,0.69734,10.179243,9.396858,4.195216,10.328011,25.563361,29.330253,27.224735,9.878488,28.834205,9.634432,29.079384,9.903726,28.802261,9.765559,28.937957,11.057043,27.927648,9.393682,29.334997,9.573225,29.190949,10.150485,28.687425,10.093315,3.766892
1189,48,6326,11625,0.544172,0.535914,0.880485,0.94366,0.929339,0.558624,0.898416,0.934247,0.959058,0.449806,0.762508,0.956015,0.790231,0.364559,0.627735,0.961303,0.644009,False,False,True,False,1.0,0.0,0.080393,0.729446,64.643959,0.729446,69.324379,10.108705,1.233566,13.148699,10.494813,26.077592,23.989453,10.099853,25.614045,10.454315,25.580495,9.86105,25.675202,9.897987,25.940724,10.116187,26.395935,10.110812,26.078382,9.937085,26.403763,9.927073,26.51505,63.914513,15.582779
1190,48,8668,18876,0.459207,0.5783,0.793899,0.793972,0.999885,0.593717,0.773287,0.773356,0.999885,0.486385,0.776197,0.849581,0.899862,0.408932,0.70965,0.881202,0.784725,False,False,False,False,0.0,0.0,0.248726,0.921173,0.921173,0.921173,21.003731,20.200047,8.068737,21.887863,22.501932,22.92658,20.351466,21.003731,22.501932,20.434433,22.796363,21.167128,22.339171,20.775419,22.539268,25.472813,20.818219,20.202276,22.924595,21.1544,22.554473,22.974926,21.794902,0.0,0.424648
1191,48,7051,14539,0.484971,0.774056,0.55774,0.582371,0.929514,0.796685,0.56984,0.583959,0.959297,0.639659,0.573573,0.64086,0.84527,0.516335,0.564199,0.69948,0.744717,False,False,False,False,0.0,0.0,0.637954,1.004274,1.004274,1.004274,14.209002,13.320049,9.659767,12.701603,25.375413,26.115236,23.7707,14.209002,25.375413,13.271214,26.054451,14.944263,24.976174,14.125939,25.583683,16.443247,24.378022,13.358294,26.094993,13.970359,25.775103,15.016972,25.166876,0.0,0.739823
1192,48,7538,15345,0.491235,0.516129,0.946606,0.949116,0.997214,0.524601,0.933515,0.934907,0.998408,0.438319,0.838855,0.96744,0.863226,0.364614,0.708469,0.973369,0.722473,False,False,True,False,1.0,0.0,0.066863,0.531617,20.090731,0.531617,17.92487,6.741532,0.973784,7.889228,18.99601,28.38098,27.440597,6.320731,27.900047,6.462192,28.016503,5.888123,28.210669,5.954188,28.227618,9.171576,26.918638,6.744848,28.367566,7.375431,28.260521,8.185637,27.734469,19.559114,9.38497
1193,48,3696,10311,0.358452,0.541267,0.61087,0.630353,0.95184,0.577733,0.592116,0.602652,0.97132,0.414315,0.591372,0.693118,0.801136,0.30579,0.505606,0.729464,0.622294,False,False,False,False,0.0,0.0,0.355556,2.15611,2.15611,2.15611,12.808712,11.997565,6.048778,11.117244,25.933775,26.457323,24.968162,12.808712,25.933775,12.19264,26.345188,13.403319,25.698812,12.929744,26.006918,13.353355,25.72881,12.038149,26.439999,12.215458,26.361321,12.660263,26.114979,0.0,0.523548
1194,48,6807,15296,0.445018,0.661872,0.534995,0.582872,0.866902,0.705871,0.554025,0.581273,0.921992,0.507322,0.508283,0.632603,0.721169,0.364017,0.437115,0.676006,0.55296,False,False,True,False,1.0,0.0,0.530216,1.323949,27.333059,1.323949,28.661526,16.674992,8.865983,13.466824,18.026401,23.868833,22.92584,17.5226,23.148113,16.61138,23.615761,18.555065,22.699487,18.045101,22.928695,22.137897,22.155315,16.731306,23.84775,17.907938,23.629254,19.736202,23.017141,26.00911,5.842432
1195,48,8275,16660,0.496699,0.785234,0.534157,0.568415,0.89861,0.812905,0.556316,0.575869,0.942477,0.638836,0.543445,0.625857,0.804955,0.503601,0.527638,0.686055,0.695589,False,False,True,False,0.999761,0.0,0.683721,0.661022,14.123753,0.661022,13.559557,13.123867,9.898191,12.913958,23.311299,26.744142,24.294978,13.745136,26.323388,13.340141,26.616609,13.87569,26.206221,13.566445,26.434431,15.694904,25.136045,13.122175,26.744479,13.478066,26.491375,14.355247,25.921372,13.462731,3.432843
1196,48,9171,19071,0.480887,0.557076,0.862533,0.862858,0.999564,0.566095,0.848796,0.849111,0.999564,0.4887,0.82411,0.896352,0.910915,0.423208,0.750812,0.916119,0.806237,False,False,False,False,0.0,0.0,0.164545,0.981987,0.981987,0.981987,23.604151,22.753643,5.315387,26.033003,20.918145,21.28937,19.123181,23.604151,20.918145,22.996292,21.267721,23.516155,20.833979,23.215862,21.002014,28.93792,18.908247,22.75786,21.287195,23.818413,20.795998,25.979828,19.942603,0.0,0.371225
1197,48,7972,16692,0.477594,0.59837,0.788666,0.792851,0.993352,0.603523,0.78373,0.787076,0.994606,0.515576,0.765119,0.834999,0.901405,0.435478,0.699108,0.862705,0.786628,False,False,False,False,0.0,0.0,0.245757,1.153096,1.153096,1.153096,16.80607,16.123264,9.392011,18.228634,22.904585,23.603695,18.902772,16.80607,22.904585,16.533659,23.161721,16.874186,22.824896,16.579905,23.036201,19.15082,22.335667,16.140158,23.596854,16.52906,23.580366,17.560629,23.118326,0.0,0.69911
1198,48,6624,12555,0.527599,0.600956,0.706903,0.777734,0.88587,0.625249,0.7357,0.781529,0.926178,0.506412,0.680083,0.826518,0.793327,0.416089,0.62524,0.872511,0.688104,False,False,True,False,1.0,0.0,0.287473,0.750801,19.741247,0.750801,20.93911,10.668982,3.567695,14.01872,19.595286,25.922984,23.402023,9.960296,26.326226,10.149658,26.276853,9.968951,26.181565,10.055455,26.191118,14.788295,23.393791,10.686846,25.911389,11.778784,25.226701,13.191023,24.349238,18.990446,6.327698
1199,48,7092,13230,0.536054,0.547166,0.901924,0.938804,0.958263,0.557218,0.906419,0.932854,0.969684,0.468556,0.801925,0.954186,0.834038,0.390703,0.684435,0.963823,0.702482,False,False,True,False,1.0,0.0,0.080319,0.832247,50.756111,0.832247,51.640438,8.731857,1.562833,11.080842,12.164985,28.19189,25.916084,8.921132,27.844641,8.851429,27.991319,8.74483,27.878441,8.58089,28.14602,10.909193,26.153218,8.735335,28.187203,9.113696,27.870391,9.862474,27.134026,49.923864,16.026905
1200,48,7902,16796,0.470469,0.522624,0.851482,0.873889,0.970767,0.541081,0.837551,0.852113,0.980005,0.447249,0.788582,0.904686,0.860035,0.377471,0.692856,0.919401,0.737661,False,False,False,False,0.0,0.0,0.151113,1.22206,1.22206,1.22206,21.574495,20.869442,6.163856,25.163797,20.244793,20.736625,18.395354,21.574495,20.244793,21.055767,20.544882,21.824896,20.134525,21.561293,20.241635,25.516451,19.369429,20.879398,20.729179,21.754704,20.560734,23.321606,20.076469,0.0,0.491832
1201,48,6350,14340,0.442817,0.596095,0.588951,0.645999,0.869606,0.640377,0.604649,0.637373,0.921732,0.464714,0.551872,0.694478,0.728819,0.349791,0.475146,0.729864,0.576535,False,False,False,False,0.0,0.0,0.416646,1.798123,1.798123,1.798123,25.338425,23.747768,10.637005,20.728819,21.064174,21.626474,20.606618,25.338425,21.064174,24.058058,21.505761,26.41979,20.745898,25.70735,20.978834,27.215643,20.660457,23.799055,21.612786,24.267139,21.491877,25.446089,21.160168,0.0,0.5623
1202,48,5187,10080,0.514583,0.771329,0.617823,0.636656,0.954309,0.786111,0.621244,0.634023,0.968575,0.650992,0.671266,0.719141,0.909774,0.544147,0.691016,0.795077,0.840756,False,False,False,False,0.0,0.0,0.592479,0.788269,0.788269,0.788269,27.993702,27.720968,22.983719,34.527214,19.056745,19.293386,15.334286,27.993702,19.056745,27.320223,19.359398,27.453506,19.181666,27.137844,19.358751,31.626116,18.219298,27.718527,19.294272,28.649445,19.06343,29.966969,18.693607,0.0,0.236641
1203,48,5126,14297,0.358537,0.508848,0.657002,0.675876,0.959227,0.520039,0.659752,0.671553,0.974054,0.433867,0.689887,0.745607,0.902263,0.361474,0.639955,0.777283,0.783652,False,False,True,False,0.992367,0.0,0.263875,2.901029,14.932832,2.901029,17.541033,12.56002,1.873078,8.675056,20.464225,26.81967,27.181514,12.826765,26.570123,12.097022,26.893754,14.568409,26.049511,14.083365,26.24287,15.237937,25.778008,12.635128,26.801879,13.378267,26.569345,14.239173,26.221979,12.031803,6.355445
1204,48,6431,13122,0.490093,0.546106,0.886376,0.891571,0.993469,0.552507,0.880291,0.883448,0.995957,0.462353,0.801903,0.916763,0.864873,0.37982,0.686364,0.932183,0.722438,False,False,True,False,0.999103,0.0,0.125243,1.276242,11.138096,1.276242,10.415384,5.865081,1.369103,6.396413,25.196279,31.857924,31.096608,6.028508,31.453151,5.962784,31.752218,6.121028,31.064316,6.03027,31.327498,6.566267,30.855316,5.855284,31.864761,5.932152,31.729462,6.175141,31.375929,9.861854,6.661645
1205,48,6205,10971,0.565582,0.61617,0.852407,0.882544,0.961483,0.640142,0.827829,0.853054,0.965512,0.519916,0.794064,0.924088,0.849476,0.428767,0.687133,0.944515,0.716035,False,False,False,False,0.0,0.0,0.216324,1.003497,1.003497,1.003497,29.72275,28.219984,8.750175,27.67972,18.989537,19.482488,18.606714,29.72275,18.989537,28.320925,19.441736,30.226162,18.818492,29.032984,19.1806,32.117538,18.370142,28.231642,19.478585,28.847166,19.291433,30.17502,18.906013,0.0,0.492951
1206,48,6161,11625,0.529978,0.467269,0.733662,0.903166,0.796299,0.698839,0.75837,0.75837,1.0,0.381419,0.636041,0.928958,0.66856,0.297892,0.5211,0.952065,0.53514,False,False,True,False,1.0,0.0,0.353221,0.910505,26.771475,0.910505,26.875128,9.565005,4.4806,11.740626,14.675265,26.301762,22.910938,9.858735,25.827658,9.652004,26.144492,9.766759,25.814949,9.509928,26.139197,11.527999,24.69618,9.566088,26.298228,9.885787,26.063984,10.542769,25.49124,25.86097,11.626497
1207,48,7764,16694,0.465077,0.528393,0.877831,0.878925,0.998583,0.534863,0.867435,0.868406,0.998712,0.45759,0.812544,0.903914,0.889361,0.389601,0.716141,0.915437,0.766873,False,False,False,False,0.0,0.0,0.131131,0.958231,0.958231,0.958231,11.774215,10.945217,2.544158,10.026662,26.158876,27.06455,27.191291,11.774215,26.158876,11.513138,26.336877,12.049588,25.911625,11.952086,25.966709,11.545595,27.262627,10.96166,27.050137,10.785635,27.493351,10.995578,27.571568,0.0,0.905674
1208,48,6326,12584,0.502702,0.595598,0.681591,0.747432,0.885552,0.625238,0.700899,0.743391,0.924597,0.49555,0.647908,0.792014,0.780746,0.403369,0.585373,0.829393,0.665507,False,False,False,False,0.0,0.0,0.321828,1.706988,1.706988,1.706988,28.717463,26.785542,11.608395,35.235485,18.196172,18.995932,15.668251,28.717463,18.196172,28.290337,18.364994,28.983719,18.130062,28.633471,18.203143,28.054695,18.906113,26.812098,18.989852,26.361998,19.323889,26.7906,19.292787,0.0,0.79976
1209,48,5094,10017,0.508535,0.481581,0.857303,0.949005,0.898704,0.753719,0.672708,0.67351,0.998233,0.389138,0.723926,0.968702,0.741264,0.300988,0.569686,0.976119,0.577739,False,False,False,False,0.0,0.0,0.499492,1.522243,1.522243,1.522243,18.403481,18.064848,9.277067,29.240871,22.136187,22.545152,17.753467,18.403481,22.136187,18.618374,22.161895,18.842756,21.992438,18.839746,22.077772,19.88241,21.977438,18.079374,22.543598,18.210247,22.645262,18.829603,22.441657,0.0,0.408965
1210,48,7893,15744,0.501334,0.438961,0.659827,0.851541,0.745597,0.721037,0.695296,0.695296,1.0,0.338669,0.548051,0.878095,0.593184,0.247142,0.420272,0.896171,0.441784,False,False,False,False,0.0,0.0,0.440071,0.734386,0.734386,0.734386,22.421049,21.250095,10.263873,22.111618,21.488394,22.019507,20.152903,22.421049,21.488394,21.555513,21.886357,22.625998,21.345305,22.035347,21.627273,24.450949,20.856607,21.252037,22.017115,21.66029,21.866235,22.757296,21.457004,0.0,0.531113
1211,48,7968,16660,0.478271,0.589676,0.76982,0.787765,0.97126,0.615126,0.748177,0.760734,0.978414,0.503181,0.759496,0.841942,0.885793,0.42545,0.711298,0.882901,0.785392,False,False,False,False,0.0,0.0,0.281868,1.134837,1.134837,1.134837,39.130898,36.871151,15.070218,39.851868,16.569524,17.243423,15.409374,39.130898,16.569524,38.43177,16.829286,39.355171,16.491888,39.026939,16.613997,41.100613,16.378334,36.890564,17.238753,36.931644,17.29538,38.362198,16.985399,0.0,0.673899
1212,48,3616,11280,0.320567,0.474468,0.664748,0.669096,0.990321,0.764273,0.419441,0.419441,1.0,0.355851,0.610044,0.720229,0.799502,0.257004,0.48507,0.734046,0.588496,False,False,True,False,1.0,0.0,0.647704,2.705767,8.83442,2.705767,9.221055,10.509587,4.478732,7.246221,25.816587,28.534044,29.827628,11.420077,28.118496,10.291574,28.594049,13.085731,27.475601,12.449576,27.757182,12.494377,27.653437,10.581397,28.506438,11.042312,28.313718,11.677452,28.022831,6.128653,2.717457
1213,48,9137,19266,0.474255,0.569293,0.675556,0.739059,0.887162,0.590107,0.70443,0.745448,0.927547,0.474982,0.663755,0.79729,0.798512,0.392297,0.622922,0.847843,0.701324,False,False,True,False,0.997729,0.0,0.284431,0.463521,15.18498,0.463521,15.266025,11.17409,5.040971,14.287585,22.481,27.948904,24.67613,10.82321,27.993166,10.803144,28.115776,10.780198,28.010292,10.799825,28.074023,14.469154,25.92044,11.187005,27.944662,11.975776,27.46054,13.100215,26.754427,14.721459,5.467904
1214,48,7109,18759,0.378965,0.526147,0.694511,0.705066,0.9789,0.53489,0.690798,0.698027,0.98523,0.455835,0.708115,0.759209,0.913209,0.388134,0.665895,0.790001,0.809115,False,False,False,False,0.0,0.0,0.253648,1.754535,1.754535,1.754535,14.147747,12.799222,3.085522,13.279646,25.684472,26.580448,23.5421,14.147747,25.684472,13.448727,26.022406,14.622122,25.546012,14.221503,25.759551,14.398837,25.26402,12.824636,26.576944,12.697145,26.618057,13.171754,26.129209,0.0,0.895976
1215,48,5456,10741,0.50796,0.496509,0.702272,0.834615,0.815799,0.770319,0.659415,0.659415,1.0,0.39177,0.609058,0.869297,0.670455,0.297831,0.488904,0.888403,0.520894,False,False,True,False,0.998675,0.0,0.528855,1.529738,68.941658,1.529738,57.182369,13.399682,6.84106,16.445198,10.378245,22.467959,20.179798,14.23491,21.866368,13.950574,22.09417,15.058529,21.605463,14.865836,21.743649,13.861315,22.580481,13.428336,22.456704,13.233382,22.670641,13.388563,22.713067,67.41192,12.089714
1216,48,7591,17424,0.435663,0.511134,0.82853,0.839322,0.984719,0.5198,0.821245,0.828862,0.988934,0.443067,0.788877,0.874611,0.889474,0.378386,0.705833,0.890187,0.773152,False,False,False,False,0.0,0.0,0.157429,1.11614,1.11614,1.11614,7.704474,7.476529,2.115224,8.68467,28.299256,29.254155,26.553587,7.704474,28.299256,7.529311,28.665081,8.008695,27.80937,7.883371,28.011751,10.305888,26.93311,7.492557,29.237357,8.04501,29.042476,8.992887,28.166176,0.0,0.954899
1217,48,7262,14508,0.500551,0.478839,0.669683,0.820354,0.78477,0.730494,0.685224,0.685224,1.0,0.370003,0.568554,0.852832,0.630405,0.264957,0.43972,0.882414,0.467089,False,False,True,False,0.999724,0.0,0.458874,0.760926,55.657143,0.760926,45.955017,15.742679,9.012559,21.480354,12.395433,22.372079,18.363427,15.451987,22.166603,15.414211,22.356692,15.709538,22.102188,15.606399,22.234204,20.612825,20.667321,15.772285,22.365981,16.957357,22.037967,18.636189,21.43872,54.896217,9.976646
1218,48,5381,12610,0.426725,0.817764,0.501722,0.508437,0.974354,0.827518,0.500712,0.505702,0.980673,0.680571,0.545263,0.574109,0.915629,0.559715,0.561707,0.633891,0.831444,False,False,False,False,0.0,0.0,0.7131,2.644948,2.644948,2.644948,25.962894,23.641455,15.542813,21.353962,20.822352,21.485961,19.873005,25.962894,20.822352,24.607136,21.2046,27.27083,20.503726,26.368519,20.727489,24.934151,21.118578,23.700737,21.47041,23.458899,21.546982,23.896673,21.424844,0.0,0.663609
1219,48,5050,10395,0.48581,0.651852,0.541449,0.613046,0.822574,0.701395,0.580356,0.621588,0.897426,0.467244,0.547969,0.722051,0.694455,0.334295,0.487005,0.803453,0.552871,False,False,False,False,0.0,0.0,0.515996,0.944683,0.944683,0.944683,28.821056,27.348251,16.900032,28.992872,19.835947,20.293086,17.601903,28.821056,19.835947,27.6101,20.235686,29.508911,19.62837,28.419737,19.948988,30.733532,19.270776,27.359604,20.289615,27.825148,20.127081,28.969637,19.775114,0.0,0.457139
1220,48,7053,15252,0.462431,0.452072,0.766688,0.877883,0.858216,0.673944,0.6855,0.685767,0.999433,0.377655,0.689478,0.907813,0.741387,0.306386,0.578621,0.919752,0.609386,False,False,True,False,0.999512,0.0,0.392853,1.456357,65.098709,1.456357,62.69384,14.861525,6.322966,18.350725,10.32054,24.392446,21.323228,15.446571,24.071461,15.147266,24.249814,15.960679,23.834789,15.789357,23.88161,17.408903,22.684572,14.880429,24.383017,15.228366,24.113932,16.098917,23.506914,63.642352,14.071906
1221,48,4523,9639,0.46924,0.597157,0.685911,0.726546,0.924608,0.616246,0.698539,0.724411,0.95136,0.483868,0.659202,0.78259,0.806987,0.379811,0.591908,0.831194,0.672784,False,False,True,False,0.98964,0.0,0.318217,1.235731,72.966248,1.235731,98.16346,16.257057,8.117475,21.711033,6.938727,21.823515,18.722374,16.355738,21.655813,16.546761,21.571086,16.571228,21.731046,16.943842,21.485084,18.897635,20.82644,16.280714,21.820446,16.705727,21.761284,17.601444,21.408511,71.730517,14.884788
1222,48,4354,11700,0.372137,0.427179,0.749345,0.801521,0.920073,0.66641,0.55842,0.55842,1.0,0.335385,0.619327,0.80683,0.727147,0.249487,0.460735,0.785886,0.526872,False,False,False,False,0.0,0.0,0.462429,1.358426,1.358426,1.358426,8.405375,8.355306,2.799211,10.308681,28.694993,28.69589,25.9092,8.405375,28.694993,8.276221,28.597152,9.040806,28.63818,8.840071,28.779476,10.118052,27.642608,8.388608,28.683386,8.776604,28.532431,9.373756,28.166761,0.0,0.000897
1223,48,3755,10787,0.348104,0.506072,0.682001,0.684374,0.99494,0.544915,0.637152,0.637802,0.998402,0.383424,0.634763,0.740812,0.815979,0.279318,0.521241,0.769665,0.617577,False,False,False,False,0.0,0.0,0.302332,2.457954,2.457954,2.457954,13.841811,12.711229,4.498767,11.501376,24.901931,25.582536,23.464204,13.841811,24.901931,13.018553,25.177844,15.291966,24.637726,14.755437,24.856474,13.438437,25.778269,12.779672,25.562046,12.774611,25.809923,12.984199,25.88622,0.0,0.680605
1224,48,7658,16905,0.453002,0.521207,0.739254,0.794461,0.914077,0.534339,0.762699,0.799513,0.943066,0.45034,0.737513,0.851438,0.846435,0.382076,0.708046,0.906023,0.764168,False,False,True,False,1.0,0.0,0.192495,0.571429,13.205219,0.571429,12.71137,5.449378,1.770052,8.811569,23.296109,33.168579,29.352204,5.685297,32.240311,5.512884,32.733326,5.697702,32.168801,5.588491,32.445032,7.438234,31.410843,5.45656,33.165491,5.78258,33.033552,6.470445,32.388533,12.63379,9.87247
1225,48,7581,14490,0.523188,0.558385,0.854894,0.89272,0.952777,0.57136,0.873819,0.893345,0.975597,0.480538,0.77843,0.914261,0.839731,0.407315,0.668275,0.915114,0.712439,False,False,True,False,0.999855,0.0,0.127225,1.706807,48.384136,1.706807,41.167084,8.378095,1.702272,8.437278,12.425461,28.028042,27.555873,9.159214,26.988941,8.787363,27.424471,9.504419,26.651115,9.350526,26.835577,9.598778,27.359052,8.400475,28.013749,8.450336,28.218171,8.849844,27.97848,46.677329,15.602581
1226,48,6765,12844,0.526705,0.543055,0.869388,0.916129,0.944568,0.561819,0.876896,0.905211,0.965558,0.457178,0.781113,0.943801,0.819217,0.375039,0.656938,0.95329,0.678788,False,False,False,False,0.0,0.0,0.112519,1.085705,1.085705,1.085705,13.648879,12.526583,2.122279,14.039024,24.192834,25.01122,23.588904,13.648879,24.192834,13.231042,24.54939,13.941661,23.866093,13.604977,24.132663,14.673615,24.009903,12.533038,25.00687,12.635477,25.061739,13.40276,24.700437,0.0,0.818386
1227,48,5261,14601,0.360318,0.440312,0.7624,0.786592,0.961224,0.640299,0.562734,0.562734,1.0,0.357578,0.66249,0.800038,0.793956,0.279707,0.528959,0.791626,0.614522,False,False,True,False,0.691328,0.0,0.374946,0.96242,15.803962,0.96242,30.258442,7.566369,2.609172,11.025787,14.87959,28.23646,22.194974,8.260154,27.227985,7.927897,27.562929,8.369828,27.218178,8.12976,27.463152,8.434201,27.595819,7.585313,28.227449,7.464297,28.485655,7.746056,28.251239,14.841542,13.35687
1228,48,5293,11496,0.460421,0.460856,0.704377,0.826161,0.826941,0.734864,0.626539,0.626539,1.0,0.359864,0.594521,0.849891,0.664274,0.267919,0.461257,0.858117,0.499339,False,False,False,False,0.0,0.0,0.501532,1.374872,1.374872,1.374872,14.147176,12.971157,7.395239,13.482209,23.485378,24.434267,21.412217,14.147176,23.485378,13.721393,23.881095,14.038226,23.50193,13.917376,23.589638,13.645318,23.698283,12.990617,24.424191,12.730903,24.58807,12.921469,24.320347,0.0,0.948889
1229,46,6172,11625,0.530925,0.614624,0.694922,0.764171,0.88464,0.635699,0.721066,0.768877,0.920609,0.507441,0.676528,0.825733,0.789209,0.413591,0.626426,0.879576,0.685191,False,False,True,False,1.0,0.0,0.312855,0.82884,29.336267,0.82884,28.734068,12.093919,5.177578,13.923579,16.972734,25.848082,23.130735,12.260639,25.481457,12.204418,25.648004,12.184759,25.427188,12.251782,25.498222,14.075665,24.864536,12.096889,25.844417,12.432329,25.759085,13.106395,25.416089,28.507427,8.875348
1230,48,4333,9849,0.439943,0.663519,0.624757,0.63948,0.964459,0.684435,0.621376,0.62958,0.97946,0.546654,0.621662,0.691865,0.859682,0.437202,0.582234,0.738272,0.733672,False,False,False,False,0.0,0.0,0.450689,3.09264,3.09264,3.09264,22.250788,20.38026,11.215192,19.245403,20.512051,21.014854,19.075134,22.250788,20.512051,20.536964,20.961286,24.480038,20.119228,23.033079,20.481054,23.249943,20.113383,20.441572,21.002559,20.924379,20.862403,21.871222,20.556217,0.0,0.502803
1231,48,6907,14850,0.465118,0.455825,0.713999,0.841631,0.824815,0.697172,0.66715,0.66715,1.0,0.369158,0.627776,0.87158,0.691762,0.286734,0.518428,0.895256,0.551904,False,False,False,False,0.0,0.0,0.433463,1.338033,1.338033,1.338033,20.509869,21.282854,12.467666,33.802952,21.545066,21.527395,15.943141,20.509869,21.545066,20.515999,21.630709,21.36615,21.164713,21.074947,21.327021,30.697264,18.762143,21.299841,21.523103,23.553785,20.877794,26.818686,19.890109,0.0,-0.017671
1232,48,6036,11400,0.529474,0.536842,0.810815,0.889379,0.901756,0.569561,0.813694,0.865702,0.931246,0.43807,0.722899,0.926712,0.766733,0.346053,0.602087,0.950824,0.621438,False,False,False,False,0.0,0.0,0.162565,0.725516,0.725516,0.725516,21.26226,20.772753,5.949665,24.703501,20.07948,20.460821,18.529513,21.26226,20.07948,20.903137,20.333713,21.675392,19.949173,21.404463,20.119741,23.633202,19.482566,20.785841,20.456131,21.261597,20.338647,22.252043,19.99733,0.0,0.381341
1233,47,6240,10672,0.584708,0.827774,0.68387,0.693004,0.98109,0.831522,0.688338,0.694388,0.9875,0.724325,0.749311,0.774127,0.958974,0.631184,0.793008,0.851989,0.919712,False,False,True,False,0.993682,0.0,0.599504,0.400647,21.286402,0.400647,22.693804,10.786592,7.28407,11.754327,19.844084,27.575504,25.210447,11.005877,27.402584,10.729381,27.622418,10.963355,27.446401,10.80203,27.579453,12.316026,26.489852,10.783761,27.576971,11.087339,27.353419,11.611753,26.977467,20.885755,7.73142
1234,48,6175,12454,0.495825,0.518227,0.88859,0.920669,0.962267,0.541432,0.875163,0.894112,0.976356,0.436326,0.791512,0.943872,0.830607,0.356432,0.662594,0.952917,0.68502,False,False,False,False,0.0,0.0,0.113712,1.186335,1.186335,1.186335,20.743643,19.703428,3.184,19.783373,22.128805,22.587726,21.992039,20.743643,22.128805,20.141863,22.416251,21.137976,21.95694,20.73436,22.148544,21.651175,21.644484,19.71579,22.584553,19.829582,22.496017,20.481997,22.16554,0.0,0.458921
1235,48,4949,10186,0.485863,0.509228,0.689052,0.797185,0.835522,0.553603,0.728089,0.791098,0.901394,0.390831,0.607561,0.847777,0.681956,0.286177,0.482934,0.878559,0.517478,False,False,False,False,0.0,0.0,0.224938,1.78741,1.78741,1.78741,22.122719,21.912777,8.496594,25.324915,20.628723,20.935275,18.104294,22.122719,20.628723,22.093554,20.733846,22.741497,20.569357,22.844278,20.559889,24.7974,20.092652,21.941336,20.929701,22.381962,20.877642,23.286522,20.582162,0.0,0.306552
1236,48,6260,10856,0.57664,0.577192,0.865654,0.927545,0.928435,0.599208,0.890831,0.92452,0.960703,0.468405,0.737366,0.946903,0.769169,0.360906,0.578964,0.952527,0.596166,False,False,True,False,1.0,0.0,0.104874,0.496446,40.400639,0.496446,42.450638,11.714803,2.782057,26.387381,13.237172,23.872722,17.453521,11.996593,23.496153,11.714963,23.804419,12.221246,23.457222,12.023909,23.599614,13.673376,22.6855,11.719009,23.868953,12.112353,23.678676,12.788712,23.264969,39.904193,10.63555
1237,48,3802,10311,0.368732,0.655223,0.52948,0.541001,0.961336,0.677626,0.52258,0.529984,0.973961,0.519736,0.553765,0.609255,0.858759,0.401998,0.534466,0.667793,0.728038,False,False,False,False,0.0,0.0,0.502689,2.130947,2.130947,2.130947,14.322111,12.997545,7.463614,14.340435,24.803638,25.585035,22.935579,14.322111,24.803638,13.596616,25.207584,14.785201,24.62582,14.315799,24.868513,13.803174,25.176285,13.030248,25.571611,12.888392,25.694145,13.145801,25.553448,0.0,0.781397
1238,48,4685,10101,0.463815,0.717751,0.600295,0.617517,0.955603,0.731314,0.602123,0.614187,0.96841,0.587566,0.641929,0.699579,0.886233,0.473319,0.640555,0.77306,0.788901,False,False,False,False,0.0,0.0,0.523818,1.682669,1.682669,1.682669,12.61985,12.019566,7.905096,13.931128,25.651328,26.154914,22.618929,12.61985,25.651328,12.245678,25.993664,12.962789,25.457933,12.823906,25.591242,13.3529,25.257448,12.037496,26.146925,12.154465,26.062011,12.582498,25.750926,0.0,0.503586
1239,48,5564,12375,0.449616,0.57899,0.719206,0.743196,0.957045,0.602263,0.710737,0.725614,0.971963,0.479758,0.704357,0.800573,0.854242,0.390303,0.654569,0.851346,0.739037,False,False,False,False,0.0,0.0,0.298928,2.321783,2.321783,2.321783,21.710461,21.489996,9.794548,35.806076,19.254138,19.628988,14.664924,21.710461,19.254138,21.689611,19.289378,22.13192,19.205036,22.030075,19.266201,23.281572,19.958345,21.548466,19.617998,21.786125,19.850543,22.366642,19.966641,0.0,0.37485
1240,48,6897,19229,0.358677,0.439648,0.657417,0.720251,0.882848,0.761974,0.470721,0.470721,1.0,0.319205,0.56633,0.76784,0.683341,0.213168,0.410105,0.78019,0.46368,False,False,True,False,1.0,0.0,0.618634,2.853119,13.450616,2.853119,14.458122,18.667585,9.673289,13.538834,19.813299,22.856287,19.860637,19.15659,22.936684,17.40288,23.351825,20.875212,22.623454,19.716543,22.880945,26.126287,20.415453,18.737808,22.841352,20.816393,22.122429,23.318254,21.289501,10.597497,3.042988
1241,48,6177,14610,0.422793,0.530869,0.678877,0.726405,0.912093,0.550034,0.699916,0.728223,0.947385,0.451608,0.666884,0.774629,0.827424,0.377618,0.61564,0.807685,0.721386,False,False,True,False,0.999881,0.0,0.258271,1.543697,36.842918,1.543697,37.954079,16.099455,4.855014,25.635153,15.040894,22.999828,18.981069,15.054071,23.289688,15.413415,23.110101,15.240516,23.45264,15.694674,23.195274,22.348497,20.758084,16.163565,22.983896,17.842913,22.471314,19.958286,21.686119,35.299221,7.958934
1242,48,4502,11201,0.401928,0.641639,0.590124,0.60359,0.963572,0.665387,0.584283,0.591574,0.979343,0.523435,0.583894,0.651714,0.848734,0.413267,0.544225,0.695183,0.714793,False,False,True,False,0.999851,0.0,0.453799,1.856048,31.776533,1.856048,33.473347,15.193543,10.066428,22.630905,15.102747,24.353185,19.479045,14.573375,24.44853,14.497334,24.518645,15.153857,24.273555,14.716496,24.456481,21.222569,22.206432,15.219162,24.341853,16.826151,23.827755,18.878054,23.078179,29.920485,9.250438
1243,48,6395,11875,0.538526,0.607242,0.800212,0.838719,0.945739,0.616589,0.814898,0.841164,0.963096,0.525895,0.813486,0.907926,0.88663,0.445305,0.768276,0.959909,0.793745,False,False,True,False,1.0,0.0,0.185219,0.365024,1.56326,0.365024,1.799791,1.714621,0.629866,3.50946,40.997225,42.880638,33.937042,1.926505,42.055418,1.807193,42.549194,1.794527,42.414835,1.732551,42.620586,1.982591,41.941482,1.708835,42.905858,1.711441,42.892992,1.80271,42.547913,1.198236,1.883413
1244,48,4909,16000,0.306812,0.340062,0.861846,0.880537,0.975963,0.582875,0.526378,0.526378,1.0,0.245312,0.668051,0.901401,0.720717,0.150125,0.421544,0.902581,0.441638,False,True,True,False,0.98359,0.0,0.851411,0.332402,1.453521,0.332402,1.4231,0.769335,1.022901,1.080125,42.089466,49.229156,44.302307,0.968425,48.402606,0.810688,49.068913,0.86243,48.335415,0.781626,48.750091,1.048075,47.342536,0.772323,49.18672,0.744076,49.091994,0.854485,48.382618,1.121119,7.13969
1245,48,4129,11328,0.364495,0.479255,0.736871,0.746915,0.982078,0.722458,0.504521,0.504521,1.0,0.375441,0.664086,0.786504,0.810124,0.282044,0.538332,0.802191,0.620731,False,False,False,False,0.0,0.0,0.53688,1.963791,1.963791,1.963791,9.529183,8.600872,4.548456,8.411238,28.136307,29.151436,24.261014,9.529183,28.136307,9.013482,28.426171,10.732381,27.79508,10.287963,28.013228,9.096714,28.060824,8.669734,29.119128,8.582465,29.300406,8.693711,28.904383,0.0,1.015129
1246,46,6332,11875,0.533221,0.600505,0.606563,0.712803,0.802748,0.660884,0.675925,0.728721,0.90319,0.433347,0.595496,0.832491,0.676563,0.324632,0.516374,0.89987,0.547852,False,False,False,False,0.0,0.0,0.382645,0.695652,0.695652,0.695652,20.274162,19.024689,8.282218,19.732838,22.34652,22.976614,21.510601,20.274162,22.34652,19.399452,22.788576,20.852654,22.059818,20.172089,22.367739,21.63666,21.882058,19.040218,22.970215,19.336386,22.857334,20.24563,22.474109,0.0,0.630094
1247,48,3472,9280,0.374138,0.604526,0.616877,0.617647,0.997984,0.621013,0.602186,0.60229,0.999712,0.467672,0.600164,0.675115,0.843894,0.349784,0.518535,0.706716,0.660714,False,False,True,False,0.996384,0.0,0.393767,3.241678,18.670168,3.241678,19.869047,11.104455,4.317723,7.585157,20.835334,27.434929,28.899691,12.087846,26.989671,11.02477,27.46177,13.71563,26.375915,13.15601,26.608727,12.694509,26.676273,11.177323,27.406723,11.491551,27.250779,12.005665,27.003382,15.42849,6.599595
1248,48,5951,12250,0.485796,0.495102,0.718044,0.82803,0.843892,0.743184,0.653669,0.653669,1.0,0.394449,0.643249,0.873551,0.709293,0.304245,0.535459,0.905554,0.567132,False,False,True,False,0.999682,0.0,0.497539,1.082606,26.127956,1.082606,22.258669,9.150002,5.73726,12.354898,18.926614,27.841922,23.468515,9.368006,27.190944,9.199686,27.544069,9.186523,27.383981,9.116115,27.53685,10.575534,27.211645,9.150451,27.843488,9.416401,27.887874,9.920238,27.662245,25.04535,8.915308
1249,48,4978,12662,0.393145,0.529458,0.709394,0.72315,0.973885,0.540278,0.717129,0.721532,0.991563,0.448507,0.748196,0.803134,0.916231,0.369373,0.692969,0.844986,0.793893,False,False,True,False,0.99974,0.0,0.246877,2.972584,19.605587,2.972584,25.888643,11.874045,1.452716,6.538235,18.895933,27.2759,30.189999,12.811973,26.598328,11.846993,27.109242,14.651801,25.870397,14.052565,26.174149,13.702558,26.529601,11.961631,27.24246,12.302464,27.18505,12.884157,26.935535,16.633003,8.379967
1250,48,3982,11247,0.35405,0.521739,0.626218,0.646387,0.952536,0.532586,0.640671,0.650083,0.977901,0.432204,0.671961,0.731125,0.892516,0.343914,0.619224,0.776112,0.753893,False,False,True,False,1.0,0.0,0.280661,4.364396,3.129158,4.364396,3.052654,14.362381,1.586006,4.582705,35.581634,26.286471,33.076449,15.532479,25.82521,13.783777,26.452759,18.096935,25.106762,17.057844,25.439005,16.766113,25.218153,14.459317,26.258159,15.189436,25.97447,15.930688,25.624708,-1.235238,-9.295163
1251,48,7008,12844,0.545624,0.729056,0.704706,0.722768,0.965753,0.734974,0.711016,0.724047,0.975314,0.633214,0.753242,0.799828,0.928225,0.547182,0.773342,0.870945,0.87343,False,False,False,False,0.0,0.0,0.443454,0.472584,0.472584,0.472584,12.622289,12.059028,6.116061,13.189878,25.891378,26.369267,24.509857,12.622289,25.891378,12.318398,26.166694,12.605309,25.806384,12.294663,26.145268,13.087186,25.774863,12.056269,26.376029,12.093941,26.376188,12.445967,26.165058,0.0,0.477889
1252,48,5177,10332,0.501065,0.508711,0.878804,0.928463,0.942631,0.533488,0.877899,0.906567,0.965231,0.408343,0.759551,0.961365,0.783465,0.313686,0.601598,0.975625,0.610778,False,False,False,False,0.0,0.0,0.099903,0.99321,0.99321,0.99321,13.395403,12.788359,3.226706,14.023373,24.20335,24.749234,23.032983,13.395403,24.20335,13.0678,24.539559,13.638014,23.832004,13.330436,24.184463,13.993883,24.33815,12.785913,24.746708,12.851007,24.781473,13.257292,24.639405,0.0,0.545884
1253,48,7371,15264,0.482901,0.543108,0.72421,0.793486,0.892416,0.569444,0.749592,0.791763,0.933659,0.456499,0.690521,0.840557,0.7946,0.374148,0.625699,0.881632,0.683082,False,False,False,False,0.0,0.0,0.222982,0.661261,0.661261,0.661261,25.004839,25.874056,7.192998,34.217789,18.880099,18.734137,16.111024,25.004839,18.880099,25.455027,18.794146,24.39357,18.960131,24.76376,18.883406,32.313526,17.141552,25.902365,18.725197,27.433319,18.384646,29.609144,17.832381,0.0,-0.145962
1254,48,4112,11784,0.348948,0.428802,0.759793,0.783099,0.962305,0.67685,0.515547,0.515547,1.0,0.331382,0.644176,0.804353,0.763862,0.239477,0.475947,0.792346,0.543774,False,False,True,False,1.0,0.0,0.453467,1.241093,11.153589,1.241093,15.029507,6.065499,2.192475,5.309987,19.923868,30.882196,31.440894,6.359517,30.189323,6.058366,30.613501,7.076118,29.671061,6.85287,29.876422,7.688797,30.107712,6.090953,30.859386,6.434258,30.845388,6.992299,30.579165,9.912496,10.958328
1255,48,6462,12506,0.516712,0.405405,0.692398,0.930572,0.730115,0.664801,0.777243,0.777243,1.0,0.318807,0.556764,0.937296,0.578304,0.238765,0.422677,0.940054,0.434386,False,False,True,False,1.0,0.0,0.297485,0.96156,60.208305,0.96156,62.359539,3.087795,1.245478,5.029867,10.717752,34.445686,30.476818,3.711648,33.174171,3.498452,33.624232,3.420613,33.093932,3.300268,33.385559,3.68632,32.962309,3.06319,34.461118,2.994687,34.623939,3.224544,34.050515,59.246745,23.727934
1256,48,5736,16302,0.351859,0.519629,0.630739,0.648684,0.957985,0.536744,0.628006,0.638629,0.974198,0.4424,0.664053,0.716445,0.900802,0.370323,0.628805,0.752857,0.792364,False,False,False,False,0.0,0.0,0.298599,2.159915,2.159915,2.159915,22.140167,20.937355,7.699571,23.630463,21.243962,21.850439,18.968193,22.140167,21.243962,21.31834,21.514303,23.228848,21.057387,22.573338,21.207909,25.052475,20.923812,20.987331,21.841371,21.700081,21.8408,23.087925,21.513082,0.0,0.606477
1257,48,6373,11339,0.562043,0.564159,0.885427,0.937471,0.941001,0.583385,0.909438,0.935147,0.970657,0.454361,0.74357,0.953998,0.771222,0.347209,0.579835,0.961138,0.593755,False,False,True,False,1.0,0.0,0.084978,0.745671,42.816689,0.745671,42.788692,9.433077,1.454759,17.444218,12.756201,28.008506,21.566399,9.323814,27.818948,9.644124,27.698329,8.498771,28.390244,8.652701,28.290938,10.886658,26.419354,9.438464,28.010754,9.617815,27.853785,10.107955,27.27305,42.071018,15.252305
1258,48,8603,17388,0.494767,0.57902,0.852282,0.853298,0.998605,0.588969,0.839516,0.839762,0.999651,0.507649,0.810345,0.883879,0.906893,0.439153,0.742569,0.906234,0.804371,False,False,False,False,0.0,0.0,0.18634,0.677405,0.677405,0.677405,21.419157,23.063971,6.535913,23.988182,20.479085,20.442303,19.139599,21.419157,20.479085,21.597389,20.707028,21.526327,20.322523,21.629354,20.402944,32.98954,17.782297,23.090046,20.432631,25.737766,19.747379,29.134836,18.815388,0.0,-0.036782
1259,48,7179,14880,0.48246,0.529839,0.885468,0.89726,0.985374,0.539046,0.881887,0.888044,0.992199,0.453696,0.814984,0.926529,0.871291,0.381116,0.704018,0.936166,0.739518,False,False,False,False,0.0,0.0,0.116219,1.29836,1.29836,1.29836,10.131077,9.077402,2.238151,10.885871,26.9573,28.064637,26.332834,10.131077,26.9573,9.92752,27.1759,10.555463,26.778568,10.364582,26.949624,10.246738,27.459925,9.100896,28.050699,8.899011,28.448092,9.296142,28.223155,0.0,1.107337
1260,48,5391,10374,0.519665,0.581936,0.864274,0.877588,0.982749,0.608733,0.831065,0.84133,0.985531,0.47513,0.783616,0.919862,0.841031,0.37488,0.656551,0.945744,0.682248,False,False,False,False,0.0,0.0,0.201084,0.92635,0.92635,0.92635,29.687319,28.866629,8.349723,29.881283,18.516079,18.77557,17.517789,29.687319,18.516079,29.497063,18.695461,29.608236,18.534164,29.351759,18.670159,30.26433,18.05219,28.851234,18.780934,28.725468,18.693227,29.179373,18.440854,0.0,0.259491
1261,48,5398,16456,0.328026,0.4035,0.794574,0.802711,0.987403,0.63448,0.517,0.517,1.0,0.3101,0.645409,0.807172,0.76306,0.218522,0.450177,0.776418,0.517229,False,True,True,False,1.0,0.0,0.899891,0.625912,2.536233,0.625912,2.356799,1.441769,2.5649,2.435161,31.922315,40.311976,31.510443,1.643201,39.984435,1.554526,40.396138,1.572928,39.798171,1.446832,40.163735,2.103927,38.666501,1.422873,40.294104,1.527232,39.905408,1.786032,39.332539,1.910321,8.389661
1262,48,6440,12636,0.509655,0.571067,0.840679,0.864329,0.968478,0.586736,0.83667,0.851227,0.979969,0.487338,0.776869,0.894446,0.85528,0.406933,0.680499,0.912096,0.728261,False,False,True,False,1.0,0.0,0.177857,0.857489,52.037014,0.857489,48.537525,28.38028,9.896277,33.677845,8.927738,17.316043,14.702879,26.154297,17.170229,26.836491,17.298956,26.017443,17.098941,26.363457,17.143918,39.176762,15.557669,28.388199,17.314766,31.362318,16.975332,35.019978,16.354746,51.179525,8.388305
1263,48,5930,13659,0.434146,0.555897,0.649549,0.701304,0.897976,0.596383,0.635033,0.671127,0.921922,0.463357,0.644841,0.759362,0.810455,0.381946,0.60158,0.802569,0.706071,False,False,False,False,0.0,0.0,0.346099,1.352137,1.352137,1.352137,35.251266,34.386902,20.634968,51.029961,16.883914,17.364012,12.380935,35.251266,16.883914,35.371895,17.018513,35.224285,16.850997,35.150871,16.955578,39.790386,16.250329,34.418999,17.358856,35.061943,17.325657,36.91293,16.926662,0.0,0.480098
1264,48,8292,16830,0.492692,0.619905,0.626564,0.691364,0.869875,0.648307,0.662022,0.701036,0.922455,0.511646,0.61396,0.746719,0.775446,0.41022,0.579297,0.807358,0.672214,False,False,False,False,0.0,0.0,0.380768,0.511595,0.511595,0.511595,8.280149,8.47777,4.992426,10.020381,30.318263,30.239457,26.718552,8.280149,30.318263,8.256754,30.388593,8.487498,30.054793,8.402516,30.202734,10.85898,28.235534,8.472302,30.24625,9.037787,29.776482,9.851503,29.073284,0.0,-0.078806
1265,48,3126,7410,0.421862,0.582591,0.704764,0.712763,0.984325,0.600675,0.687528,0.693552,0.987524,0.490283,0.725555,0.782274,0.909149,0.406478,0.689513,0.831673,0.801344,False,False,True,False,1.0,0.0,0.316527,1.698102,80.086525,1.698102,112.416397,19.251333,11.528245,26.527084,6.429409,22.565331,17.020536,20.410854,22.172844,19.251333,22.565331,21.052143,21.986706,20.413307,22.175649,23.928022,21.250407,18.914801,23.03371,19.778204,22.913506,21.494242,22.252738,78.388423,16.135922
1266,48,6597,12447,0.530007,0.548004,0.901914,0.932854,0.964529,0.552663,0.907431,0.931967,0.971805,0.468386,0.807301,0.952144,0.841443,0.390697,0.687776,0.960313,0.707898,False,False,True,False,1.0,0.0,0.07812,0.716353,9.048547,0.716353,6.220858,4.188217,0.86547,4.561164,27.308226,34.975348,32.960393,4.372543,34.54497,4.264463,34.792018,4.163509,34.666081,4.038401,34.921084,4.71962,34.003018,4.158506,35.005451,4.223536,34.92791,4.418221,34.570779,8.332194,7.667122
1267,48,5177,12000,0.431417,0.676167,0.61279,0.622381,0.975468,0.6895,0.610705,0.616389,0.985127,0.570833,0.607028,0.663212,0.877535,0.4725,0.578894,0.701411,0.768206,False,False,False,False,0.0,0.0,0.464312,2.571938,2.571938,2.571938,25.12665,24.126328,16.35605,27.37879,20.617496,21.04847,17.105526,25.12665,20.617496,24.226707,20.94395,26.333397,20.279384,25.776897,20.483742,29.230185,19.444015,24.165861,21.042443,25.090401,20.780616,26.820101,20.212068,0.0,0.430974
1268,48,5927,14610,0.405681,0.510335,0.762777,0.77669,0.977054,0.52512,0.756523,0.763425,0.98819,0.437919,0.754199,0.828228,0.894044,0.367625,0.68075,0.851983,0.77206,False,False,True,False,0.999885,0.0,0.206495,2.005413,40.348114,2.005413,51.393059,9.780608,2.042881,7.621787,11.908771,26.889645,26.224907,11.117035,25.683568,10.296665,26.215741,12.261403,25.308341,11.720994,25.642796,10.407007,26.98567,9.833024,26.869916,9.69265,27.258796,9.86643,27.298196,38.342701,14.980874
1269,48,4725,10098,0.467914,0.502476,0.693571,0.790895,0.849312,0.538027,0.722279,0.784097,0.901587,0.399386,0.604911,0.818497,0.698624,0.301644,0.486704,0.835194,0.538413,False,False,False,False,0.0,0.0,0.215336,1.863391,1.863391,1.863391,12.241552,11.29679,2.946647,10.348713,25.494503,26.081206,25.529368,12.241552,25.494503,11.945749,25.705893,12.98067,25.173485,12.785044,25.325421,11.421516,25.698151,11.323527,26.071681,10.984056,26.197853,11.003316,26.065992,0.0,0.586703
1270,48,6560,12125,0.541031,0.496907,0.790694,0.922324,0.847104,0.707381,0.764836,0.764836,1.0,0.409814,0.702954,0.957738,0.725457,0.326515,0.57588,0.970952,0.585976,False,False,True,False,1.0,0.0,0.355076,0.689009,5.738605,0.689009,5.616514,2.65874,1.166876,2.900965,31.580225,39.716099,38.46599,2.835569,39.193266,2.68501,39.63859,2.71123,39.467869,2.664532,39.644761,3.093801,38.476152,2.645579,39.743481,2.702591,39.570599,2.853557,39.141397,5.049596,8.135874
1271,48,6716,15616,0.430072,0.472208,0.665485,0.763493,0.838297,0.727139,0.591458,0.591458,1.0,0.359823,0.573141,0.799786,0.669148,0.258197,0.436322,0.809772,0.486152,False,False,False,False,0.0,0.0,0.519775,1.296217,1.296217,1.296217,17.849762,17.804348,9.197491,25.051668,22.670929,22.977067,18.756921,17.849762,22.670929,17.708805,22.860413,18.383066,22.418258,18.330256,22.484842,23.444611,21.031007,17.830454,22.970101,19.055042,22.633246,21.005808,21.938116,0.0,0.306138
1272,48,5332,10311,0.517118,0.659878,0.6879,0.726925,0.927607,0.674328,0.697058,0.72573,0.946362,0.543691,0.690833,0.797182,0.838147,0.438561,0.647275,0.856258,0.726182,False,False,True,False,0.999799,0.0,0.378188,1.511214,50.760593,1.511214,40.498375,14.236497,7.861217,16.281696,12.684182,23.949927,20.931035,15.554639,22.880506,15.100901,23.33889,15.586459,22.982291,15.373031,23.168388,14.67273,23.44617,14.26738,23.94,13.891598,24.18077,14.031383,23.998918,49.249379,11.265745
1273,48,6057,13338,0.454116,0.55833,0.741328,0.771989,0.94915,0.580222,0.739284,0.757721,0.968136,0.468886,0.734677,0.833706,0.860822,0.386415,0.693249,0.89057,0.757801,False,False,True,False,1.0,0.0,0.245021,1.555372,92.514717,1.555372,49.614109,13.704749,5.871721,20.222332,6.43167,21.36432,17.452005,15.844587,19.667519,15.261351,20.156353,15.583677,19.828095,15.48671,19.994599,11.878763,22.911868,13.709042,21.357948,12.621209,22.37781,11.906665,22.965821,90.959345,14.93265
1274,48,6381,17982,0.354855,0.434712,0.71577,0.757708,0.928224,0.720554,0.492475,0.492475,1.0,0.322378,0.615548,0.800414,0.727159,0.220554,0.457324,0.818709,0.508854,False,False,False,False,0.0,0.0,0.565641,2.143953,2.143953,2.143953,11.563652,11.981351,5.998075,12.986314,27.647961,27.656729,25.507832,11.563652,27.647961,10.847569,28.105112,13.211931,26.842765,12.624667,27.181108,17.66045,24.726759,12.05553,27.623982,13.686413,26.793142,15.572794,25.78593,0.0,0.008768
1275,48,5357,15808,0.338879,0.536121,0.577915,0.597758,0.945679,0.5427,0.589597,0.602518,0.964906,0.469446,0.626114,0.662983,0.918424,0.405681,0.623224,0.704662,0.843569,False,False,True,False,0.999904,0.0,0.324849,2.160878,16.122412,2.160878,14.353245,8.624914,2.20435,9.496111,22.268252,29.938186,25.482486,8.830005,29.641524,7.779354,30.35236,10.550557,28.763214,9.751727,29.259643,12.657519,27.663975,8.693236,29.904619,9.866467,29.253647,11.185241,28.485574,13.961534,7.669934
1276,48,7640,15488,0.493285,0.52163,0.945421,0.945538,0.999869,0.534414,0.922807,0.922919,0.999869,0.444215,0.841705,0.964535,0.868586,0.370287,0.712987,0.970706,0.728665,False,False,False,False,0.0,0.0,0.081167,0.653287,0.653287,0.653287,16.419241,16.286081,2.360559,17.918194,23.012616,23.509098,22.418261,16.419241,23.012616,16.116623,23.359597,16.776964,22.71408,16.425785,22.994943,20.852182,21.789074,16.276876,23.510606,17.286867,23.24512,18.866449,22.628388,0.0,0.496482
1277,48,5109,12175,0.41963,0.474086,0.728515,0.794525,0.897632,0.696427,0.602547,0.602547,1.0,0.382752,0.623567,0.80515,0.73439,0.297084,0.49469,0.798452,0.565277,False,False,True,False,1.0,0.0,0.456694,1.842344,55.539955,1.842344,50.382202,7.630717,2.549155,7.071312,11.667712,29.106752,27.587511,8.190709,28.539407,7.753376,28.813075,8.70216,28.533631,8.471782,28.679128,8.614406,28.711615,7.676975,29.079996,7.814445,29.153047,8.143016,29.029837,53.697611,17.43904
1278,48,6968,15200,0.458421,0.707237,0.569214,0.59786,0.922359,0.735658,0.576205,0.593364,0.95221,0.578224,0.58553,0.662078,0.835103,0.46625,0.574261,0.723437,0.735792,False,False,False,False,0.0,0.0,0.551871,1.040897,1.040897,1.040897,29.906286,27.912266,18.633543,33.566685,19.144193,19.817392,16.4966,29.906286,19.144193,28.751053,19.513141,30.155281,19.036336,29.454889,19.281836,32.868591,18.583763,27.930635,19.812924,28.487753,19.733435,30.20929,19.291647,0.0,0.673199
1279,48,4794,10810,0.443478,0.440333,0.753028,0.862185,0.85607,0.687697,0.644875,0.644875,1.0,0.344033,0.619981,0.876042,0.679599,0.254209,0.462762,0.868268,0.497705,False,False,True,False,0.999834,0.0,0.429688,1.770501,15.186337,1.770501,13.056668,7.463149,2.126441,6.837644,22.181034,30.002509,30.792716,7.889932,29.468805,7.358712,30.054413,8.445765,29.40466,8.255597,29.582107,9.125852,27.74794,7.491656,29.990886,7.840147,29.497507,8.383118,28.706429,13.415836,7.821475
1280,48,5720,11362,0.503432,0.694596,0.67925,0.697669,0.962587,0.706126,0.678842,0.692634,0.971503,0.587573,0.697385,0.762882,0.890385,0.490671,0.676065,0.81722,0.796503,False,False,True,False,0.998228,0.0,0.430876,1.693017,50.50502,1.693017,56.433681,20.263695,11.957167,32.138054,11.527916,20.00128,15.721115,21.816259,18.938669,21.465443,19.278845,21.825874,18.968704,22.118822,18.980641,22.155537,20.131219,20.295454,19.993961,20.210838,20.424541,20.803379,20.474449,48.812003,8.473364
1281,48,6026,11376,0.529712,0.639856,0.759921,0.789257,0.953369,0.647504,0.771429,0.791746,0.967806,0.547556,0.795868,0.87189,0.901261,0.460004,0.775868,0.939996,0.816296,False,False,False,False,0.0,0.0,0.28486,0.475826,0.475826,0.475826,12.765682,12.930689,2.882243,15.592875,24.968996,24.979067,23.66432,12.765682,24.968996,12.876259,24.932851,12.827083,24.854375,12.839087,24.913598,14.553269,24.388882,12.928919,24.986229,13.268724,24.909783,13.831397,24.70454,0.0,0.010071
1282,48,9059,17480,0.518249,0.561442,0.786032,0.846342,0.916878,0.572197,0.800246,0.847131,0.935313,0.471281,0.719726,0.878733,0.799095,0.385355,0.619668,0.89712,0.667071,False,False,True,False,1.0,0.0,0.180739,0.885722,17.002613,0.885722,16.618391,7.968098,3.644381,10.193914,21.662771,27.842081,23.93896,8.719321,27.163534,8.292747,27.603851,9.001729,26.75288,8.66755,27.08602,9.242411,26.363352,7.966369,27.829137,8.032196,27.655565,8.472716,27.131215,16.116891,6.17931
1283,48,6963,13338,0.522042,0.52879,0.905902,0.944563,0.956772,0.537412,0.916588,0.942801,0.970559,0.446994,0.802399,0.965112,0.826368,0.367671,0.673766,0.974103,0.686055,False,False,True,False,0.998745,0.0,0.063843,0.505621,12.557647,0.505621,13.084734,4.115132,0.695477,4.903298,24.088978,36.070321,32.22561,4.330269,35.553253,4.210063,35.850027,4.426013,35.134086,4.304993,35.408981,4.872181,34.633611,4.117334,36.054035,4.209249,35.885666,4.474508,35.369624,12.052026,11.981343
1284,48,6671,18681,0.357101,0.464161,0.639979,0.690462,0.897467,0.712649,0.501089,0.501089,1.0,0.36406,0.571262,0.720188,0.734223,0.274022,0.463505,0.729439,0.559736,False,False,True,False,0.999917,0.0,0.533639,1.295976,68.324814,1.295976,67.438911,24.769251,15.918152,30.668165,9.486732,19.933804,15.818682,24.779694,19.707529,24.802479,19.781291,24.935942,19.689283,24.984159,19.684275,30.581673,18.602436,24.811024,19.923854,26.157198,19.743925,28.102234,19.275252,67.028838,10.447072
1285,48,8123,17532,0.463324,0.454141,0.635319,0.784853,0.769297,0.745893,0.621167,0.621167,1.0,0.340748,0.540487,0.827921,0.608888,0.235969,0.408224,0.859077,0.437523,False,False,True,False,1.0,0.0,0.523222,0.716123,7.713147,0.716123,12.771349,9.955066,4.459666,11.743978,22.913907,27.324073,24.310713,9.676146,27.093415,9.732365,27.25061,9.708277,26.92952,9.615126,27.226528,13.740777,24.830796,9.955148,27.330734,10.794165,26.837461,12.080758,25.931591,6.997024,4.410166
1286,48,5545,14640,0.378757,0.454303,0.809227,0.820177,0.983769,0.705806,0.53663,0.53663,1.0,0.34112,0.635983,0.820384,0.738864,0.228962,0.407085,0.7679,0.464202,False,False,True,False,1.0,0.0,0.516767,1.626315,4.546344,1.626315,4.700451,3.527202,1.152758,2.114217,32.001627,35.566442,39.147441,3.544334,35.312277,3.109949,35.910501,4.75792,34.127799,4.417313,34.532829,5.787015,33.289268,3.596213,35.506341,4.267027,34.877139,5.007154,34.112382,2.920029,3.564815
1287,47,5702,10428,0.546797,0.733314,0.643358,0.683405,0.916521,0.749616,0.659791,0.687476,0.942476,0.615554,0.659729,0.750584,0.844967,0.508343,0.646416,0.814941,0.757629,False,False,False,False,0.0,0.0,0.516293,0.690365,0.690365,0.690365,14.002163,13.989945,9.2056,15.090085,24.592355,24.883385,22.479034,14.002163,24.592355,13.918742,24.778699,13.513212,24.750574,13.510406,24.84607,15.786566,24.178597,13.983106,24.886706,14.364551,24.814494,14.972641,24.571409,0.0,0.29103
1288,48,6326,11700,0.540684,0.540769,0.898425,0.94642,0.94657,0.558718,0.904783,0.93468,0.965855,0.450085,0.772477,0.959362,0.798609,0.360171,0.627799,0.964642,0.642586,False,False,True,False,0.995534,0.0,0.072386,0.561345,32.033123,0.561345,34.414848,5.310623,0.920791,10.915323,11.634751,28.527605,22.167213,5.473285,28.09183,5.566076,28.004441,5.530351,27.532168,5.538729,27.5609,6.275688,27.798138,5.294183,28.528835,5.397408,28.68291,5.740225,28.414356,31.471778,16.892854
1289,48,7959,16354,0.48667,0.491011,0.620781,0.76264,0.769443,0.766724,0.63474,0.63474,1.0,0.362908,0.532877,0.813816,0.60686,0.245383,0.402038,0.85547,0.431336,False,False,False,False,0.0,0.0,0.537701,1.134842,1.134842,1.134842,11.182519,11.015078,9.081517,17.496754,26.009306,26.769758,20.286532,11.182519,26.009306,11.014952,26.224416,11.202413,26.040807,11.20036,26.019712,15.681828,23.942479,11.018344,26.768289,11.880303,26.408743,13.503204,25.333344,0.0,0.760452
1290,48,8064,17080,0.472131,0.505621,0.643863,0.757411,0.811136,0.547073,0.703327,0.769264,0.891369,0.407494,0.59102,0.801868,0.692088,0.317506,0.512844,0.843076,0.566964,False,False,False,False,0.0,0.0,0.238021,0.752588,0.752588,0.752588,8.633308,8.741981,3.275399,10.402117,29.763543,29.896922,27.139525,8.633308,29.763543,8.569734,29.920722,8.670676,29.639736,8.68597,29.656538,11.273438,27.697317,8.741113,29.896353,9.320148,29.438208,10.201843,28.652772,0.0,0.133379
1291,48,5842,11784,0.495757,0.507468,0.81821,0.889632,0.910647,0.531483,0.823317,0.872745,0.935638,0.419807,0.722382,0.914696,0.774564,0.334352,0.596019,0.927157,0.6253,False,False,True,False,1.0,0.0,0.13413,1.097554,21.361158,1.097554,21.556087,15.222584,5.56642,16.083532,16.743597,21.067446,19.506312,15.696907,20.768933,15.580167,20.916192,15.585301,20.751872,15.324033,20.948598,16.442827,20.55603,15.21237,21.06409,15.250542,21.048724,15.667637,20.872877,20.263604,4.323849
1292,48,2051,5254,0.390369,0.353635,0.776011,0.919268,0.832765,0.697183,0.559924,0.559924,1.0,0.23544,0.561254,0.955538,0.576304,0.124667,0.311047,0.980153,0.313018,False,False,True,False,0.985326,0.0,0.477365,1.423561,26.918098,1.423561,35.369411,5.580855,3.131127,6.521047,16.02184,31.882006,28.771071,6.364538,30.923331,5.580855,31.882006,6.98131,30.26826,6.453437,30.912563,9.547213,28.394489,5.865919,31.659536,6.777832,30.821837,8.047132,29.657817,25.494537,15.860166
1293,48,4912,11900,0.412773,0.526218,0.677526,0.720696,0.91877,0.55916,0.677204,0.701833,0.950733,0.430168,0.609079,0.741746,0.773005,0.342773,0.512872,0.747242,0.620521,False,False,True,False,0.999284,0.0,0.282198,1.212603,35.475578,1.212603,46.945374,11.249321,4.030242,13.709894,12.972913,25.911721,22.434461,12.37534,24.392424,11.841002,24.847144,12.8182,24.455133,12.614075,24.57444,11.569219,27.047941,11.278706,25.905334,11.055103,26.745034,11.132736,27.172694,34.262975,12.938808
1294,48,6136,16940,0.36222,0.391854,0.666319,0.769509,0.832464,0.666824,0.543201,0.543201,1.0,0.288194,0.540979,0.792298,0.630378,0.190614,0.37196,0.786312,0.413787,False,False,False,False,0.0,0.0,0.472973,1.67003,1.67003,1.67003,10.410039,9.40314,9.11397,11.312962,26.064584,27.386712,20.034349,10.410039,26.064584,9.936984,26.428494,11.160311,25.746575,10.837842,25.95845,10.053564,28.152472,9.438668,27.374215,9.309593,28.074851,9.517112,28.361866,0.0,1.322128
1295,48,6182,11339,0.545198,0.652968,0.704856,0.758644,0.908606,0.669195,0.726429,0.763574,0.937237,0.546962,0.692728,0.817156,0.819799,0.450216,0.641029,0.863663,0.7132,False,False,False,False,0.0,0.0,0.345356,1.369078,1.369078,1.369078,14.995309,13.965329,8.734342,18.761566,22.550485,23.406772,19.819944,14.995309,22.550485,14.802168,22.899654,15.323142,22.32989,15.182088,22.49485,14.596139,22.931163,13.989756,23.394816,13.708401,23.578333,13.915831,23.411675,0.0,0.856287
1296,48,5978,13862,0.431251,0.629707,0.590806,0.62573,0.913684,0.666426,0.593132,0.613228,0.947641,0.49495,0.585453,0.691007,0.793075,0.37693,0.539297,0.751196,0.656574,False,False,False,False,0.0,0.0,0.45307,2.018984,2.018984,2.018984,25.371807,23.657354,12.230425,22.618713,21.125388,21.778107,19.652669,25.371807,21.125388,24.306513,21.497357,26.034348,20.907959,25.640514,21.070993,27.339523,20.673751,23.710997,21.762333,24.109066,21.69327,25.401417,21.306128,0.0,0.652719
1297,48,5133,10164,0.505018,0.691165,0.662974,0.689964,0.944282,0.70366,0.671656,0.690157,0.961621,0.584809,0.691145,0.761608,0.88194,0.486324,0.683542,0.827635,0.797,False,False,False,False,0.0,0.0,0.438879,1.167097,1.167097,1.167097,14.125788,13.252354,10.121579,16.174038,24.200585,24.88964,20.716223,14.125788,24.200585,13.640106,24.562402,13.926619,24.479978,13.511202,24.723508,15.06877,23.668275,13.257094,24.885478,13.35366,24.821827,13.987922,24.380873,0.0,0.689055
1298,48,6094,10833,0.56254,0.595772,0.840692,0.887976,0.940433,0.61248,0.832038,0.871289,0.948638,0.496631,0.780295,0.934758,0.825238,0.405336,0.672516,0.960146,0.691828,False,False,False,False,0.0,0.0,0.180207,1.1871,1.1871,1.1871,22.425829,21.203588,6.132729,21.239305,21.060434,21.676448,20.768577,22.425829,21.060434,21.561537,21.480068,23.208731,20.781425,22.337982,21.182513,23.987146,20.597861,21.218029,21.670133,21.524887,21.565695,22.469807,21.185295,0.0,0.616014
1299,48,7662,15520,0.493686,0.575451,0.708153,0.770238,0.897807,0.600838,0.7316,0.769651,0.936701,0.491559,0.696361,0.822781,0.819238,0.411985,0.65618,0.870973,0.726834,False,False,True,False,0.999873,0.0,0.271061,0.592941,70.456856,0.592941,74.007523,13.396981,6.327946,17.86544,9.120258,23.843525,19.796525,13.942225,23.324921,13.675019,23.535396,13.253111,23.718347,13.147002,23.770647,16.445532,22.044039,13.385843,23.842849,13.891673,23.63494,14.937614,22.977085,69.863915,14.723267
1300,48,5602,11304,0.495577,0.506458,0.888463,0.93083,0.951267,0.532024,0.894943,0.912205,0.979293,0.420205,0.772906,0.950105,0.805605,0.336076,0.631268,0.95762,0.649411,False,False,True,False,0.999474,0.0,0.092599,1.24015,20.842102,1.24015,16.650898,12.728668,1.982521,12.095085,18.03826,23.862269,24.42233,13.223135,23.665342,12.822802,23.867097,13.256516,23.569777,13.088182,23.685088,14.150422,23.212456,12.73682,23.856863,12.950196,23.737489,13.428716,23.519098,19.601952,5.824009
1301,48,6074,11875,0.511495,0.514105,0.881217,0.93448,0.939249,0.542737,0.878883,0.908611,0.964109,0.426442,0.771029,0.957543,0.798321,0.342653,0.632807,0.966085,0.647185,False,False,False,False,0.0,0.0,0.101534,0.766707,0.766707,0.766707,18.806334,17.976841,2.942366,19.331083,22.609819,23.050503,22.012935,18.806334,22.609819,18.373175,22.867479,18.874601,22.635144,18.628141,22.747822,19.652233,22.248324,17.984304,23.049524,18.103611,22.994549,18.675062,22.714203,0.0,0.440684
1302,48,7205,14880,0.484207,0.547446,0.834708,0.857353,0.969327,0.560484,0.827534,0.844005,0.97696,0.467675,0.778503,0.890933,0.860514,0.392137,0.688026,0.910883,0.737682,False,False,False,False,0.0,0.0,0.169251,1.089815,1.089815,1.089815,18.163128,17.49313,4.799609,20.935831,22.137437,22.699326,20.488635,18.163128,22.137437,18.263243,22.262703,18.185705,21.965567,18.242054,22.040549,19.770159,21.656665,17.512699,22.691953,17.586075,22.723383,18.380985,22.347348,0.0,0.561889
1303,48,6827,16137,0.423065,0.521039,0.752358,0.77795,0.958108,0.531326,0.75931,0.775251,0.973634,0.452253,0.735684,0.820362,0.876959,0.385016,0.662629,0.836472,0.761242,False,False,False,False,0.0,0.0,0.206445,2.516828,2.516828,2.516828,16.426443,15.966262,2.874436,15.639764,24.499064,24.836164,23.619975,16.426443,24.499064,15.627606,24.896465,17.47068,24.127578,16.931742,24.343427,19.88653,23.036094,16.014599,24.820032,16.949953,24.429915,18.257605,23.80498,0.0,0.3371
1304,48,6285,14181,0.443199,0.50744,0.801791,0.833658,0.954495,0.521966,0.807342,0.825993,0.972792,0.432551,0.765316,0.877731,0.856643,0.36013,0.671852,0.896417,0.728401,False,False,True,False,1.0,0.0,0.161981,1.741852,109.659492,1.741852,90.542191,7.331424,1.924519,7.79162,6.341574,29.514736,26.414667,8.053514,28.726954,7.627155,29.131266,8.848316,28.068952,8.557305,28.341549,9.064386,27.797511,7.368868,29.491147,7.512172,29.338311,8.09817,28.716255,107.91764,23.173162
1305,43,6317,12200,0.517787,0.746148,0.610949,0.642426,0.925756,0.75918,0.624166,0.646405,0.94776,0.627541,0.633314,0.70768,0.857686,0.525164,0.63191,0.769003,0.779959,False,False,False,False,0.0,0.0,0.552269,0.700606,0.700606,0.700606,7.800591,7.297662,5.050258,7.049232,28.972937,29.762371,28.465122,7.800591,28.972937,7.443829,29.438327,8.097884,28.649457,7.837001,28.941287,8.171865,29.213784,7.303942,29.752843,7.375759,29.824043,7.678012,29.632921,0.0,0.789434
1306,48,6334,14725,0.430153,0.474024,0.680212,0.772206,0.850963,0.734533,0.585614,0.585614,1.0,0.371002,0.600244,0.809995,0.698611,0.27708,0.483053,0.831373,0.535523,False,False,True,False,0.999642,0.0,0.53319,1.751241,50.72121,1.751241,65.715714,15.822545,8.46542,18.522682,10.089092,24.277986,20.985228,16.338121,23.868431,16.046942,23.992655,17.269972,23.533301,16.920378,23.692332,18.620041,23.15122,15.863593,24.265422,16.290022,24.19579,17.18598,23.796961,48.969969,14.188894
1307,48,6348,10764,0.589744,0.641211,0.900732,0.909736,0.98913,0.64502,0.90552,0.909693,0.994959,0.533538,0.811386,0.943061,0.853182,0.43246,0.684476,0.960473,0.704316,False,False,False,False,0.0,0.0,0.141984,0.748641,0.748641,0.748641,9.27426,9.757457,1.640172,12.323409,27.506923,27.448817,24.971864,9.27426,27.506923,9.550935,27.326685,9.016961,27.663304,9.17344,27.570164,11.921602,26.541581,9.745484,27.460461,10.279458,27.361545,11.022474,27.040165,0.0,-0.058106
1308,48,4521,11280,0.400798,0.579876,0.642709,0.661673,0.95731,0.609929,0.628947,0.639826,0.973678,0.461436,0.637925,0.727762,0.837868,0.359131,0.575156,0.772649,0.692325,False,False,True,False,1.0,0.0,0.36603,4.24259,23.003008,4.24259,36.250977,19.830494,4.053312,14.885424,13.554959,22.255578,21.653057,22.592199,21.282832,21.081324,21.684841,23.708914,21.234897,22.756174,21.505117,18.956203,22.694225,19.899212,22.239634,19.049841,22.624175,18.661505,22.783854,18.760418,8.700619
1309,48,6205,11017,0.56322,0.566488,0.720487,0.835123,0.839968,0.601071,0.759775,0.836303,0.892506,0.462467,0.654223,0.877134,0.720226,0.366343,0.556856,0.907582,0.59033,False,False,False,False,0.0,0.0,0.225062,1.07793,1.07793,1.07793,18.998281,18.009993,4.954489,21.357721,21.158253,22.095875,20.003138,18.998281,21.158253,18.97271,21.400813,19.489927,21.00084,19.389631,21.154364,19.371099,21.518699,18.021757,22.089285,17.746603,22.370473,18.197206,22.158589,0.0,0.937622
1310,48,6826,12662,0.539093,0.54399,0.904458,0.945557,0.954146,0.560022,0.911938,0.936116,0.972458,0.456721,0.790034,0.962303,0.815265,0.372532,0.656335,0.969684,0.670085,False,False,True,False,1.0,0.0,0.07745,0.598983,19.031013,0.598983,20.879236,7.105674,1.325508,9.118712,20.340872,28.938578,26.273179,7.214181,28.837307,7.114367,28.98186,7.082332,28.791922,7.008253,28.938549,8.520705,27.401389,7.099424,28.938256,7.351059,28.619818,7.839779,28.081506,18.43203,8.597706
1311,48,6304,12501,0.50428,0.470682,0.672338,0.832767,0.777284,0.723302,0.697191,0.697191,1.0,0.365091,0.57416,0.868536,0.628807,0.267419,0.449369,0.894705,0.474461,False,False,True,False,1.0,0.0,0.441827,0.909687,19.978216,0.909687,27.081852,13.866117,8.16594,19.987257,16.894716,23.513055,19.119977,13.038758,23.712167,13.216952,23.7189,12.804622,23.6257,12.863896,23.670349,18.19173,21.221239,13.869977,23.506105,15.0478,22.940132,16.517555,22.1377,19.068529,6.618339
1312,48,6798,13601,0.499816,0.601426,0.673707,0.737042,0.886878,0.629439,0.69938,0.738348,0.929832,0.507022,0.667763,0.795099,0.806561,0.419749,0.637256,0.852689,0.716093,False,False,True,False,1.0,0.0,0.329267,0.762164,45.689648,0.762164,41.015938,26.453566,11.201822,31.97916,11.954041,18.937293,16.484713,27.678925,18.312429,27.510542,18.516425,28.288958,18.1051,28.298176,18.170324,28.503334,18.57098,26.463764,18.934375,26.35074,19.092354,27.037806,18.963,44.927484,6.983252
1313,48,8172,19908,0.410488,0.55651,0.720991,0.727954,0.986907,0.567058,0.714021,0.718133,0.992046,0.488547,0.731283,0.777298,0.92511,0.423799,0.699826,0.810478,0.83676,False,False,False,False,0.0,0.0,0.269257,1.14065,1.14065,1.14065,20.024065,18.951746,6.040559,20.997389,22.384992,22.951623,20.791504,20.024065,22.384992,19.1663,22.786978,20.134687,22.341031,19.520435,22.619844,23.487478,21.400514,18.968674,22.944537,19.757097,22.72164,21.301027,22.171071,0.0,0.566631
1314,48,5550,10582,0.524476,0.717539,0.659051,0.687607,0.940721,0.730958,0.664578,0.685714,0.955676,0.592043,0.675649,0.760415,0.858378,0.480438,0.648938,0.823171,0.754054,False,False,False,False,0.0,0.0,0.481121,1.921237,1.921237,1.921237,25.681021,24.444504,12.452504,32.216995,19.517333,20.156,17.017141,25.681021,19.517333,25.304264,19.742143,26.012072,19.352861,25.794474,19.514175,28.40012,19.263579,24.487867,20.143255,24.958559,20.192377,26.331711,19.875093,0.0,0.638667
1315,48,6783,12844,0.528107,0.547104,0.88481,0.922584,0.955772,0.565167,0.895007,0.913624,0.977738,0.463096,0.793351,0.946873,0.830311,0.380956,0.674219,0.960965,0.693204,False,False,False,False,0.0,0.0,0.103283,1.365231,1.365231,1.365231,9.130964,9.232542,1.953033,12.361344,27.734933,27.920118,24.265132,9.130964,27.734933,9.162269,27.900995,9.348617,27.431694,9.397906,27.46185,11.924518,25.460788,9.253674,27.913284,9.833407,27.399573,10.755811,26.520598,0.0,0.185185
1316,48,5937,10994,0.540022,0.680917,0.716935,0.748731,0.94408,0.693924,0.724638,0.747149,0.960081,0.570766,0.725102,0.818008,0.864578,0.472167,0.690415,0.875554,0.765538,False,False,False,False,0.0,0.0,0.380858,1.54446,1.54446,1.54446,20.680759,19.626635,11.099202,27.764639,20.432449,21.131537,17.018905,20.680759,20.432449,20.117287,20.777626,21.551456,20.059519,21.373758,20.225769,23.490988,20.26431,19.64842,21.12393,20.282297,21.144721,21.629162,20.837564,0.0,0.699088
1317,48,5034,10164,0.495277,0.721074,0.654134,0.667076,0.971196,0.732389,0.653372,0.662413,0.979539,0.605274,0.681347,0.736834,0.900477,0.499213,0.668537,0.798187,0.804529,False,False,False,False,0.0,0.0,0.486745,1.822612,1.822612,1.822612,17.676996,16.557278,8.109682,17.959145,22.095399,22.970039,20.50109,17.676996,22.095399,17.056019,22.460558,18.456297,21.756908,18.184744,21.923225,16.897696,22.832958,16.597868,22.954957,16.380148,23.20295,16.452787,23.161458,0.0,0.87464
1318,48,4979,15264,0.326192,0.402188,0.799029,0.804366,0.991765,0.638234,0.511086,0.511086,1.0,0.305425,0.645784,0.811454,0.759791,0.209251,0.436632,0.777708,0.498895,False,False,True,False,0.941954,0.0,0.452893,2.397505,3.081867,2.397505,2.994175,6.900582,1.029493,1.792663,33.940143,31.828874,42.309113,7.114347,31.509737,6.038227,32.278438,9.069961,30.435128,8.305684,30.929241,10.178148,29.770396,6.986744,31.782985,8.026779,31.167181,9.09212,30.48459,0.684362,-2.111269
1319,48,7036,13122,0.536199,0.600975,0.780243,0.829318,0.929505,0.610882,0.795753,0.832086,0.947982,0.518214,0.767727,0.883676,0.854036,0.4385,0.723023,0.932742,0.762791,False,False,True,False,1.0,0.0,0.209004,0.418994,3.952514,0.418994,3.913492,2.847593,0.966426,3.81571,34.167306,39.37202,36.642304,2.974086,38.995925,2.926426,39.204342,2.613843,39.830018,2.640231,39.865879,3.132651,38.517665,2.826606,39.424561,2.831628,39.370361,2.940165,39.049763,3.53352,5.204714
1320,48,5024,10206,0.492259,0.644621,0.594476,0.657547,0.861067,0.69998,0.645881,0.668393,0.950438,0.483441,0.605611,0.761248,0.747611,0.366745,0.55747,0.838365,0.624602,False,False,False,False,0.0,0.0,0.452721,2.32793,2.32793,2.32793,14.887872,13.596005,6.058343,11.393975,24.573558,25.25898,25.588149,14.887872,24.573558,13.600517,25.251857,16.23381,24.0527,15.379512,24.419904,15.700571,23.997268,13.628981,25.242305,14.008095,25.00311,14.708599,24.569046,0.0,0.685422
1321,48,7077,16524,0.428286,0.478879,0.78219,0.831417,0.929631,0.736444,0.58156,0.58156,1.0,0.408739,0.719632,0.856974,0.817861,0.343803,0.631041,0.868861,0.697471,False,False,True,False,0.999788,0.0,0.52514,0.638192,63.691296,0.638192,76.817627,16.610287,9.625842,17.527483,9.10713,22.950681,20.736419,19.427065,21.434244,19.386415,21.611919,19.606943,21.393379,19.646318,21.471788,11.48952,24.140158,16.609251,22.952039,14.217182,24.029912,12.294475,24.497867,63.053104,13.843551
1322,48,5050,10059,0.502038,0.75425,0.61764,0.635956,0.955446,0.766378,0.621838,0.634583,0.968713,0.632767,0.67008,0.71956,0.906931,0.525201,0.690609,0.798978,0.835842,False,False,False,False,0.0,0.0,0.559393,1.089838,1.089838,1.089838,20.133003,18.73901,12.154589,21.090363,21.06768,21.814461,19.062271,20.133003,21.06768,19.836634,21.327586,20.026073,21.156109,19.761782,21.3408,18.151155,21.768905,18.748648,21.810534,18.034323,22.065782,17.772476,22.051234,0.0,0.746781
1323,48,6248,11800,0.529492,0.624153,0.769071,0.80353,0.947183,0.63339,0.783236,0.806396,0.964629,0.540593,0.796159,0.87741,0.895807,0.459407,0.777186,0.941339,0.816741,False,False,True,False,1.0,0.0,0.239193,0.417507,12.840538,0.417507,12.814234,3.371852,0.985291,4.498186,22.741859,37.759151,34.867729,3.756562,36.763822,3.597631,37.197972,3.492157,37.202874,3.444942,37.373685,3.460254,37.399888,3.357501,37.785822,3.25064,38.053229,3.284785,37.911999,12.423031,15.017292
1324,45,6260,10971,0.570595,0.677149,0.703883,0.761206,0.903355,0.693829,0.724087,0.76537,0.930671,0.544435,0.708758,0.849489,0.810543,0.434327,0.6564,0.916894,0.697923,False,False,True,False,1.0,0.0,0.378476,0.846176,9.131678,0.846176,8.745048,8.72673,3.314229,9.22673,26.884043,29.02112,28.295154,9.376464,28.192193,9.028647,28.685538,9.67673,27.796986,9.483068,28.057058,9.20575,28.597018,8.731683,29.01687,8.660543,29.118118,8.824548,28.970342,8.285502,2.137077
1325,48,7037,16592,0.42412,0.595166,0.632275,0.663392,0.930936,0.633619,0.624398,0.641682,0.958647,0.502833,0.615207,0.702146,0.832457,0.41526,0.57101,0.734688,0.719341,False,False,True,False,0.999895,0.0,0.392674,1.103715,40.084389,1.103715,43.652786,12.19928,8.640049,13.949789,13.938104,25.333673,20.712212,13.003079,24.262219,12.625266,24.629842,13.361328,24.104104,13.202359,24.211234,13.919236,25.070754,12.217707,25.329328,12.355739,25.677925,12.920799,25.583312,38.980674,11.395569
1326,48,7530,14580,0.516461,0.547668,0.83936,0.886662,0.940239,0.564952,0.839146,0.873376,0.955378,0.471262,0.777024,0.91646,0.836255,0.39904,0.682168,0.930388,0.718858,False,False,False,False,0.0,0.0,0.146241,1.037021,1.037021,1.037021,18.481718,17.631607,6.449693,26.511908,20.072511,20.57006,16.527236,18.481718,20.072511,18.312616,20.317449,18.532581,19.917335,18.41744,20.093436,24.627136,18.337269,17.645153,20.56541,19.02107,20.221162,21.457857,19.407089,0.0,0.497549
1327,48,6421,10626,0.604273,0.720026,0.75112,0.788916,0.94004,0.742895,0.738312,0.770205,0.946893,0.601355,0.73968,0.852426,0.84831,0.495106,0.671484,0.892036,0.730883,False,False,False,False,0.0,0.0,0.431391,1.275149,1.275149,1.275149,33.79567,31.919794,16.803488,31.973835,17.468799,17.985197,16.680164,33.79567,17.468799,32.582722,17.832497,33.904221,17.421957,32.89576,17.690552,36.25074,16.855974,31.936821,17.979487,32.368427,17.842851,33.858486,17.448626,0.0,0.516398
1328,48,6983,16695,0.418269,0.522372,0.792285,0.79601,0.994129,0.540162,0.769826,0.77179,0.996706,0.443726,0.763603,0.841118,0.89231,0.371369,0.686884,0.865806,0.768724,False,False,False,False,0.0,0.0,0.211697,1.506452,1.506452,1.506452,18.076853,17.048832,5.758203,17.552246,23.310076,23.842131,22.03017,18.076853,23.310076,17.267267,23.661224,18.477541,23.172334,17.966585,23.397685,20.267937,22.501501,17.070648,23.833617,17.560122,23.666,18.68261,23.191741,0.0,0.532055
1329,48,4471,11270,0.396717,0.528305,0.71718,0.731273,0.973831,0.558474,0.692876,0.700032,0.985462,0.41819,0.655371,0.771483,0.813241,0.319432,0.54528,0.791111,0.636994,False,False,True,False,0.850272,0.0,0.275629,1.219052,26.143108,1.219052,39.737492,8.127339,3.107467,8.471931,13.413423,27.087715,25.620152,8.959889,25.976772,8.514501,26.473533,9.986357,25.445393,9.713934,25.664982,9.215164,26.753285,8.151122,27.072051,8.14978,27.345753,8.532394,27.227748,24.924056,13.674292
1330,48,7473,15221,0.490966,0.537613,0.857177,0.88305,0.966948,0.565403,0.828822,0.846735,0.97511,0.452138,0.794599,0.923569,0.850529,0.372906,0.696864,0.951374,0.722601,False,False,True,False,1.0,0.0,0.169721,0.750215,105.265747,0.750215,112.148132,15.911057,5.935467,18.122663,6.389622,20.92309,18.765162,16.541193,20.373331,16.631607,20.493845,16.989786,20.205394,17.035685,20.274404,17.314734,19.902088,15.927918,20.919298,15.779607,20.951178,16.219234,20.582541,104.515532,14.533468
1331,48,3295,9160,0.359716,0.516812,0.684995,0.68948,0.990592,0.544105,0.654807,0.657303,0.994234,0.396834,0.648822,0.750206,0.827618,0.287773,0.534541,0.783763,0.627011,False,False,True,False,0.99318,0.0,0.289514,3.936346,11.180051,3.936346,15.27739,14.397369,3.389315,9.774405,22.648837,24.987027,26.201496,15.78351,24.542015,14.38442,24.990737,17.948305,24.014461,17.106627,24.276507,16.092869,24.034535,14.468589,24.967735,14.787051,24.787454,15.314719,24.466355,7.243705,2.33819
1332,48,5754,10332,0.556911,0.533875,0.855755,0.942168,0.903198,0.556911,0.882545,0.937609,0.937609,0.417635,0.698263,0.959444,0.719499,0.308072,0.524565,0.96607,0.534411,False,False,False,False,0.0,0.0,0.0782,0.955075,0.955075,0.955075,7.089735,6.53528,2.611475,13.149693,23.71442,24.709112,20.863559,7.089735,23.71442,6.934886,24.008728,6.79087,23.900488,6.672691,24.128153,6.64529,25.598113,6.540725,24.701615,6.357259,25.244905,6.387151,25.55966,0.0,0.994692
1333,48,7701,15264,0.50452,0.611046,0.728029,0.769165,0.931567,0.622773,0.746194,0.773511,0.954811,0.535181,0.731966,0.821031,0.870926,0.463968,0.709808,0.866563,0.796909,False,False,True,False,0.998017,0.0,0.271585,0.354092,5.1588,0.354092,5.087738,4.478726,1.730442,5.30996,31.759445,35.755112,33.377369,4.686707,35.418251,4.536164,35.664763,4.662728,35.418708,4.56313,35.586739,5.19175,34.531562,4.469463,35.768854,4.573129,35.583535,4.821105,35.148572,4.804708,3.995667
1334,48,5016,14640,0.342623,0.525888,0.630546,0.638654,0.980263,0.53873,0.627112,0.630531,0.991427,0.449658,0.675672,0.710466,0.932416,0.376503,0.651192,0.753266,0.827751,False,False,True,False,1.0,0.0,0.300603,3.262988,39.084442,3.262988,36.979733,17.74229,4.439699,14.477804,14.897311,23.693739,21.990955,19.021067,23.15366,17.615564,23.553072,20.666468,22.759976,19.681885,23.031817,20.477539,22.968495,17.811337,23.679044,18.37726,23.612411,19.256779,23.365536,35.821454,8.796428
1335,46,6149,11832,0.519692,0.641227,0.678192,0.731646,0.902748,0.65906,0.698575,0.735573,0.932835,0.533807,0.681279,0.799715,0.821434,0.435767,0.650124,0.863848,0.724345,False,False,True,False,0.996129,0.0,0.350871,0.475336,14.528008,0.475336,13.792758,7.11411,4.875066,10.033068,19.41727,27.526931,22.460607,7.030574,27.362828,6.972407,27.572748,7.179162,27.112747,7.113244,27.194868,9.068358,25.993618,7.121754,27.525614,7.580149,27.211053,8.24031,26.676691,14.052672,8.109661
1336,48,5630,14818,0.379943,0.563706,0.587354,0.619418,0.919005,0.606357,0.58411,0.599777,0.957194,0.434134,0.561149,0.674025,0.77016,0.321636,0.479647,0.707092,0.598579,False,False,False,False,0.0,0.0,0.389965,3.291757,3.291757,3.291757,22.061811,20.719597,6.400014,14.199527,22.442216,23.011111,23.647196,22.061811,22.442216,20.881527,22.787899,23.539669,22.108773,22.741266,22.345149,22.79698,22.413496,20.787804,22.994207,21.077797,22.997109,21.722202,22.794117,0.0,0.568895
1337,48,7358,15296,0.481041,0.502223,0.691598,0.800443,0.835689,0.545567,0.735522,0.797484,0.904458,0.41573,0.630065,0.833779,0.720576,0.334009,0.545624,0.861421,0.598124,False,False,True,False,1.0,0.0,0.211388,1.322793,51.401276,1.322793,45.303345,8.872429,5.022466,13.01427,12.534389,25.999113,21.079311,9.288575,25.345484,9.024826,25.671834,9.413427,25.24776,9.169339,25.475031,11.558168,24.074283,8.875464,25.992535,9.387515,25.762204,10.295732,25.060875,50.078483,13.464724
1338,48,7364,14784,0.498106,0.546469,0.735754,0.810249,0.888919,0.571564,0.762398,0.809586,0.928979,0.474635,0.707146,0.848938,0.808935,0.406047,0.659466,0.884891,0.721347,False,False,True,False,0.985175,0.0,0.212129,0.446271,13.445508,0.446271,11.449982,7.579441,5.486478,18.966413,21.423748,28.006496,19.446123,7.431242,28.160827,7.462294,28.366007,7.456002,28.170809,7.393763,28.303462,11.516477,24.178921,7.613163,27.985317,8.436402,26.931534,9.826407,25.575173,12.999237,6.582748
1339,48,7428,19032,0.39029,0.495586,0.774363,0.78011,0.990576,0.632829,0.616739,0.616739,1.0,0.437053,0.783441,0.83157,0.931206,0.380517,0.723449,0.850318,0.829025,False,False,True,False,1.0,0.0,0.396846,1.587815,15.02051,1.587815,16.595808,7.782669,3.235695,10.217062,22.179704,30.456391,27.461173,7.92093,30.03042,7.2535,30.774119,9.053626,29.229239,8.575615,29.717413,11.795638,27.506946,7.837417,30.422915,8.908455,29.636986,10.245019,28.614953,13.432695,8.276687
1340,48,5388,10274,0.524431,0.54088,0.909456,0.938096,0.96752,0.555091,0.909607,0.926355,0.980512,0.440627,0.784878,0.96311,0.809206,0.343391,0.62671,0.973639,0.637528,False,False,True,False,1.0,0.0,0.085755,0.754469,27.865192,0.754469,28.071083,7.5988,1.743212,9.479894,16.805011,27.840341,25.320406,7.76856,27.383194,7.818114,27.433191,7.546771,27.450334,7.480698,27.571888,8.634497,27.246382,7.581972,27.846085,7.693269,27.955895,8.058339,27.740008,27.110723,11.03533
1341,48,7582,12740,0.595133,0.72763,0.678988,0.735167,0.898839,0.75,0.707383,0.743066,0.936428,0.590188,0.685568,0.816864,0.810076,0.470408,0.651058,0.893209,0.706014,False,False,False,False,0.0,0.0,0.47499,0.596937,0.596937,0.596937,16.442276,16.574299,10.444552,19.047216,23.754029,23.750021,21.016942,16.442276,23.754029,16.463642,23.784741,16.479425,23.71418,16.401037,23.793823,19.786469,22.212258,16.568539,23.752225,17.216742,23.440123,18.323265,22.900175,0.0,-0.004008
1342,48,4498,12175,0.369446,0.520164,0.655357,0.677088,0.953313,0.528953,0.668904,0.680745,0.974655,0.434086,0.719937,0.774834,0.910405,0.350801,0.66711,0.821587,0.780124,False,False,True,False,1.0,0.0,0.267422,3.009031,11.480266,3.009031,10.217578,9.42945,1.83431,5.048688,24.812047,28.151554,32.506948,10.104269,27.684294,9.125908,28.293535,11.634874,26.957834,11.000593,27.304369,11.101231,27.038137,9.485401,28.123795,9.928709,27.845003,10.462057,27.475615,8.471235,3.339507
1343,48,5633,13384,0.420876,0.696578,0.562474,0.577497,0.955796,0.728108,0.557897,0.56511,0.977632,0.557905,0.585764,0.648051,0.859045,0.438733,0.570648,0.711853,0.742056,False,False,False,False,0.0,0.0,0.545994,2.83929,2.83929,2.83929,23.291792,20.849459,8.939018,16.508669,21.880416,22.737298,22.265853,23.291792,21.880416,21.58684,22.449687,24.639683,21.531016,23.814722,21.787691,25.285343,21.266979,20.910706,22.719651,21.411562,22.575774,22.9426,22.053054,0.0,0.856882
1344,48,5343,9996,0.534514,0.537315,0.818707,0.897971,0.902676,0.560424,0.828739,0.885398,0.928317,0.431973,0.71264,0.930987,0.752386,0.329332,0.56573,0.947752,0.583942,False,False,True,False,1.0,0.0,0.137761,0.870478,37.100937,0.870478,16.38368,26.04336,6.373308,31.546385,13.121622,16.794896,15.820855,25.829496,16.138579,25.762306,16.424574,27.226589,15.619139,26.845779,15.858627,30.248737,17.073745,26.073366,16.787075,27.301205,17.029037,28.707655,17.128597,36.230459,3.673274
1345,48,7210,12987,0.555171,0.769308,0.631509,0.6664,0.92344,0.795334,0.636253,0.660277,0.945908,0.637484,0.649696,0.736804,0.846047,0.518442,0.635351,0.804545,0.751318,False,False,False,False,0.0,0.0,0.607236,0.790029,0.790029,0.790029,46.55349,44.58197,31.234146,49.537632,15.06376,15.577166,13.130204,46.55349,15.06376,44.903606,15.42224,47.075634,14.963013,45.917107,15.216057,54.771984,13.957845,44.605873,15.5732,46.25423,15.330481,49.800461,14.753651,0.0,0.513406
1346,48,3181,8436,0.377074,0.563182,0.610885,0.63313,0.945615,0.57302,0.621485,0.635499,0.965734,0.481626,0.637432,0.694068,0.886514,0.403746,0.621615,0.741339,0.793776,False,False,False,False,0.0,0.0,0.330162,1.377735,1.377735,1.377735,10.991302,10.190716,4.981034,14.207691,27.328105,27.812475,22.664439,10.991302,27.328105,10.190716,27.812475,12.123337,26.832257,11.452374,27.243546,13.671802,25.372901,10.264382,27.65809,10.904327,27.115928,12.087918,26.306365,0.0,0.48437
1347,44,6326,11700,0.540684,0.74265,0.661503,0.687996,0.944989,0.754103,0.670968,0.689448,0.961587,0.633504,0.695631,0.760389,0.890926,0.536838,0.705954,0.8306,0.824692,False,False,True,False,1.0,0.0,0.50521,0.569532,20.4902,0.569532,16.50548,13.157393,7.965141,15.388871,19.023141,23.126476,20.651136,13.530931,22.772482,13.384814,22.855408,13.491622,22.824025,13.357045,22.959826,14.98024,22.52003,13.153125,23.12831,13.40705,23.157137,14.045631,22.943715,19.920668,4.103335
1348,48,6568,13659,0.480855,0.522805,0.867457,0.891752,0.969549,0.538692,0.863509,0.877005,0.982491,0.446738,0.811035,0.929859,0.863886,0.372136,0.704359,0.947275,0.7331,False,False,False,False,0.0,0.0,0.126357,1.387298,1.387298,1.387298,14.109724,13.080288,1.604992,11.132867,24.825748,25.535596,25.486088,14.109724,24.825748,13.360992,25.336089,15.2567,24.339753,14.619671,24.726858,14.241169,24.394295,13.106983,25.52728,13.156262,25.41036,13.500761,25.00965,0.0,0.709848
1349,48,4425,10164,0.43536,0.651614,0.611435,0.632946,0.947345,0.675915,0.608516,0.62198,0.96565,0.532763,0.616294,0.69289,0.84791,0.424833,0.590504,0.751737,0.733559,False,False,False,False,0.0,0.0,0.449381,2.033513,2.033513,2.033513,17.374012,16.202259,9.165301,17.195856,23.439264,24.061033,21.194028,17.374012,23.439264,16.780565,23.718737,17.923466,23.359409,17.604067,23.482342,18.125574,23.285541,16.227495,24.052559,16.192467,24.089153,16.788475,23.815781,0.0,0.621769
1350,48,6403,10948,0.584856,0.780599,0.680796,0.708519,0.94565,0.790281,0.692143,0.711743,0.961737,0.679302,0.70822,0.771548,0.896142,0.584308,0.719506,0.837267,0.836483,False,False,False,False,0.0,0.0,0.547635,0.554089,0.554089,0.554089,23.366339,23.257483,17.753208,22.574158,20.181806,20.518377,18.226394,23.366339,20.181806,23.551096,20.207383,22.565256,20.480959,22.706024,20.459441,25.133688,20.47622,23.215992,20.533316,23.470978,20.695157,24.13327,20.675832,0.0,0.336571
1351,48,8510,17640,0.482426,0.556066,0.729186,0.787542,0.907756,0.570465,0.75217,0.792308,0.936898,0.487018,0.714214,0.829356,0.83725,0.419218,0.679337,0.870047,0.756052,False,False,True,False,0.994852,0.0,0.22552,0.682183,4.990179,0.682183,3.942421,2.179867,1.060058,3.806345,32.862185,41.634038,37.357022,2.34011,41.040483,2.265335,41.36385,2.031375,42.01728,1.990599,42.176379,2.764317,39.932878,2.163651,41.693275,2.223776,41.505045,2.43537,40.863587,4.307996,8.771853
1352,48,7670,17856,0.429547,0.506888,0.659323,0.734063,0.866232,0.570172,0.654862,0.693841,0.920991,0.392641,0.583199,0.771359,0.705085,0.284778,0.461724,0.79233,0.525293,False,False,True,False,1.0,0.0,0.303652,1.333202,42.772434,1.333202,51.514774,16.727684,7.075725,17.208561,12.823104,23.17392,21.233537,15.921817,23.044097,15.746284,23.185579,16.750065,22.813784,16.541504,22.926679,23.615253,20.87327,16.773056,23.161204,18.629162,22.67407,20.953108,21.858458,41.439232,10.350816
1353,48,7220,15283,0.47242,0.399136,0.670219,0.87623,0.740305,0.702545,0.672441,0.672441,1.0,0.295688,0.539339,0.910157,0.569668,0.199503,0.388078,0.94162,0.397645,False,False,True,False,0.989334,0.0,0.420811,0.401339,7.859399,0.401339,5.574977,5.021191,4.622514,7.340259,25.79153,32.194913,26.157006,5.399076,31.114519,5.202955,31.676833,5.429779,30.885779,5.334672,31.105894,6.492475,29.822928,5.034395,32.180146,5.297923,31.931025,5.788919,31.041048,7.45806,6.403383
1354,48,4765,9681,0.492201,0.48745,0.694176,0.82348,0.81553,0.731226,0.673118,0.673118,1.0,0.377647,0.595188,0.859409,0.659391,0.276108,0.46996,0.889637,0.499056,False,False,True,False,0.967453,0.0,0.455248,1.225454,55.580959,1.225454,70.830147,4.487373,3.909547,5.188737,10.491133,29.575869,27.14351,5.126897,28.585897,4.80063,29.204727,5.235607,28.621355,4.990906,28.982057,4.989717,28.04646,4.479188,29.56605,4.391746,29.449252,4.537601,28.897706,54.355505,19.084736
1355,48,6108,12740,0.479435,0.511146,0.673962,0.780252,0.83186,0.554082,0.72501,0.783964,0.906025,0.406593,0.606147,0.822394,0.697446,0.316013,0.509159,0.84923,0.559758,False,False,False,False,0.0,0.0,0.229493,2.036289,2.036289,2.036289,23.633213,21.689205,7.046442,23.341137,20.488575,21.297135,19.161328,23.633213,20.488575,22.788692,20.807082,24.338844,20.252219,23.636379,20.484765,22.870443,20.951115,21.720312,21.287885,21.426926,21.487762,21.784927,21.367702,0.0,0.80856
1356,48,3953,10714,0.368957,0.473586,0.777318,0.778084,0.998735,0.727833,0.506925,0.506925,1.0,0.365503,0.675325,0.81001,0.802429,0.268247,0.513076,0.805498,0.585631,False,False,True,False,0.993492,0.0,0.546073,1.926786,14.742839,1.926786,15.23577,5.520786,2.293448,4.067797,23.511703,32.250913,33.064113,5.723838,32.014191,5.268488,32.443837,6.920567,31.242973,6.627456,31.475346,7.040729,30.937965,5.574584,32.21495,5.988448,31.865831,6.480142,31.436473,12.816053,8.73921
1357,48,5260,10054,0.523175,0.602546,0.655404,0.739683,0.851901,0.625622,0.669799,0.736566,0.880798,0.491745,0.617628,0.788026,0.740684,0.389596,0.5578,0.838907,0.624715,False,False,False,False,0.0,0.0,0.34564,0.933319,0.933319,0.933319,29.440811,30.816032,20.868933,43.591763,17.165156,17.318977,12.823505,29.440811,17.165156,29.943155,17.19743,29.304056,17.154762,29.747528,17.142679,38.742649,16.341049,30.813498,17.319198,32.836754,17.201119,35.548733,16.85977,0.0,0.153821
1358,48,6376,10971,0.581169,0.598943,0.925777,0.947192,0.976161,0.615623,0.913715,0.928191,0.983218,0.504512,0.812938,0.96495,0.837673,0.411266,0.673018,0.970745,0.686951,False,False,False,False,0.0,0.0,0.10555,0.870004,0.870004,0.870004,20.419594,19.350899,3.390932,22.868465,21.89747,22.484213,19.958955,20.419594,21.89747,19.674822,22.277822,20.515474,21.836743,19.938362,22.12598,21.682245,21.409444,19.349541,22.485591,19.583857,22.390747,20.36606,22.009017,0.0,0.586743
1359,48,9148,18019,0.507686,0.566791,0.892941,0.894252,0.99836,0.575837,0.8802,0.880879,0.999125,0.499084,0.833165,0.916824,0.90129,0.433653,0.745062,0.926798,0.791648,False,False,False,False,0.0,0.0,0.13933,0.915192,0.915192,0.915192,22.872868,21.933792,4.813249,24.093025,21.424932,21.815482,20.100187,22.872868,21.424932,22.160473,21.72453,22.93791,21.365217,22.530354,21.548363,27.65435,19.822155,21.932554,21.814834,22.937437,21.454735,24.918489,20.741188,0.0,0.39055
1360,48,8840,18984,0.465655,0.58918,0.555944,0.639696,0.809389,0.646597,0.603387,0.647332,0.898869,0.461968,0.512887,0.68073,0.675339,0.343131,0.438314,0.718299,0.529299,False,False,True,False,0.995662,0.0,0.423206,0.409667,18.765511,0.409667,10.850528,9.531863,6.370367,11.311727,21.037541,28.427433,24.795126,9.04178,28.518767,9.024095,28.619291,9.065271,28.516851,9.078092,28.566344,14.025339,25.271523,9.547511,28.419209,10.766064,27.62334,12.302376,26.497929,18.355844,7.389892
1361,48,7096,12792,0.554722,0.489759,0.681052,0.864006,0.762824,0.773061,0.717565,0.717565,1.0,0.373827,0.578052,0.90987,0.613162,0.270951,0.446255,0.940277,0.459273,False,False,False,False,0.0,0.0,0.490169,0.84258,0.84258,0.84258,15.718245,15.595922,8.71477,19.332066,23.824337,24.264204,20.987429,15.718245,23.824337,15.877349,23.904549,15.754369,23.719481,15.926203,23.732027,18.273863,23.088545,15.60466,24.261059,15.958897,24.223465,16.846439,23.797894,0.0,0.439867
1362,48,5894,15136,0.389403,0.503766,0.747092,0.758164,0.980828,0.512156,0.750834,0.754902,0.992874,0.428977,0.742684,0.813029,0.895657,0.358153,0.674312,0.84062,0.773159,False,False,False,False,0.0,0.0,0.203095,2.419101,2.419101,2.419101,13.278306,12.03184,1.687874,8.146363,25.965649,26.829386,28.212634,13.278306,25.965649,12.614693,26.361602,14.442201,25.4866,13.909626,25.772332,12.445933,26.054419,12.090318,26.806062,11.886948,26.907751,11.955265,26.633784,0.0,0.863737
1363,48,7577,13552,0.559106,0.614227,0.698643,0.78568,0.863138,0.645145,0.7408,0.79435,0.91659,0.518079,0.666438,0.831505,0.77049,0.428202,0.613993,0.877133,0.67177,False,False,True,False,0.998159,0.0,0.299414,0.698968,26.281729,0.698968,12.886806,10.165061,9.360446,18.006907,18.125146,28.006159,19.693456,10.065857,27.675996,10.00066,28.05795,9.623774,27.960488,9.568871,28.209611,13.598433,25.196415,10.165985,28.005564,10.860763,27.37117,12.020589,26.360082,25.582761,9.881013
1364,48,6551,12663,0.517334,0.712154,0.638325,0.672655,0.925966,0.724868,0.654918,0.678178,0.950237,0.609413,0.655989,0.732409,0.862769,0.516781,0.651741,0.789578,0.788735,False,False,True,False,0.999673,0.0,0.48053,0.508726,18.911158,0.508726,18.510559,11.707475,7.924138,12.205058,20.572574,27.04589,24.642375,11.741872,26.941542,11.601995,27.114072,11.788124,26.881782,11.714191,26.986059,13.415204,25.996874,11.707272,27.046817,12.057243,26.820781,12.639597,26.458821,18.402432,6.473316
1365,48,5334,10164,0.524793,0.591204,0.697292,0.775503,0.873641,0.616686,0.724179,0.777441,0.913573,0.475895,0.678937,0.85032,0.771091,0.372786,0.616693,0.918448,0.652418,False,False,True,False,1.0,0.0,0.286749,1.220842,83.632439,1.220842,76.351959,17.07724,6.631677,22.162729,8.083968,22.688406,19.149299,18.767654,21.81438,18.392576,22.106692,18.765343,21.682984,18.537683,21.869689,16.831146,22.922728,17.088739,22.682388,16.338646,23.047561,16.258469,23.132623,82.411597,14.604438
1366,48,6134,11472,0.534693,0.547594,0.915754,0.944763,0.967558,0.564069,0.921787,0.934322,0.985654,0.449965,0.790742,0.966292,0.813172,0.352772,0.631048,0.973314,0.642158,False,False,True,False,0.999251,0.0,0.079056,0.556888,16.2579,0.556888,16.209162,5.10238,1.636256,15.912944,20.794952,30.178065,19.808345,5.21677,30.057211,5.134768,30.1987,5.274807,29.109848,5.235192,29.234629,5.907727,28.570957,5.086621,30.1839,5.209271,29.863606,5.48636,29.299957,15.701012,9.383113
1367,48,6476,11063,0.585375,0.70216,0.712225,0.762745,0.914917,0.716533,0.728222,0.765611,0.937153,0.599385,0.715576,0.824461,0.844194,0.501943,0.681907,0.878264,0.753088,False,False,True,False,0.999782,0.0,0.391977,0.75525,65.688393,0.75525,65.58992,16.806723,10.704673,20.232603,10.353322,21.230238,18.406276,17.791899,20.5021,17.364782,20.864995,17.675417,20.422223,17.434732,20.602729,18.120342,20.696365,16.799517,21.227312,16.771463,21.323796,17.198168,21.134117,64.933143,10.876916
1368,48,5796,11544,0.502079,0.566355,0.672407,0.758489,0.85559,0.595374,0.709486,0.765023,0.907177,0.472626,0.642628,0.806818,0.759489,0.384442,0.598064,0.863001,0.660801,False,False,True,False,1.0,0.0,0.278532,0.913419,72.942009,0.913419,76.38987,13.908213,5.280387,16.527433,8.914439,22.491376,20.58982,15.138717,21.108489,15.15919,21.358191,15.116862,21.149359,15.275017,21.156789,13.429089,23.909502,13.929952,22.482058,13.285484,23.422322,13.103578,23.95988,72.02859,13.576937
1369,48,5759,10780,0.53423,0.624675,0.766544,0.805019,0.941309,0.634508,0.779268,0.806725,0.958152,0.528479,0.786371,0.885203,0.875673,0.435343,0.74055,0.947582,0.772183,False,False,True,False,0.998407,0.0,0.258713,0.58813,13.060413,0.58813,11.180992,5.780749,2.286596,6.491405,21.543866,26.655831,26.193766,6.267292,25.568338,6.165422,25.966394,6.180934,25.220652,6.130115,25.380644,5.75916,27.902515,5.772182,26.650338,5.583782,27.241861,5.586329,27.675885,12.472283,5.111965
1370,48,5957,12075,0.493333,0.421781,0.734422,0.918712,0.785462,0.67528,0.730562,0.730562,1.0,0.331925,0.607258,0.939371,0.63203,0.249441,0.46361,0.943227,0.476918,False,False,True,False,1.0,0.0,0.355018,1.217282,47.720715,1.217282,33.071289,5.303397,2.024572,5.088971,12.234896,30.938129,30.624458,6.048962,29.256937,5.823793,29.636129,6.0202,29.291882,5.946785,29.431155,4.752616,32.53623,5.316546,30.922033,4.953053,32.014129,4.755134,32.634902,46.503433,18.703233
1371,48,6914,13572,0.509431,0.648173,0.653093,0.705581,0.897744,0.679561,0.676397,0.705953,0.941712,0.541925,0.665577,0.775255,0.824704,0.447686,0.648059,0.840685,0.738791,False,False,False,False,0.0,0.0,0.406579,0.914339,0.914339,0.914339,31.221146,29.868866,15.652748,33.438915,18.475396,18.922238,16.146779,31.221146,18.475396,30.513258,18.713694,30.861923,18.530957,30.56629,18.647684,33.154179,18.123136,29.871275,18.919934,30.170523,18.879945,31.279625,18.600902,0.0,0.446842
1372,48,7058,14036,0.50285,0.538045,0.650847,0.762712,0.816095,0.587347,0.699467,0.76395,0.892321,0.433956,0.603146,0.812182,0.700907,0.341835,0.529412,0.855356,0.581468,False,False,False,False,0.0,0.0,0.278876,1.090475,1.090475,1.090475,40.343155,39.097054,13.118229,42.276756,16.37054,16.774511,15.078437,40.343155,16.37054,39.345234,16.657787,41.312317,16.127768,40.432419,16.335512,46.568718,15.452995,39.098755,16.7738,40.49844,16.578624,43.053982,16.113726,0.0,0.403971
1373,48,9348,19480,0.479877,0.534548,0.897542,0.897628,0.999893,0.549127,0.873715,0.873796,0.999893,0.46576,0.824584,0.917558,0.890565,0.399538,0.721363,0.922395,0.767972,False,False,False,False,0.0,0.0,0.133241,0.926175,0.926175,0.926175,19.068607,18.937241,4.281057,23.407467,22.634962,22.922572,20.51357,19.068607,22.634962,18.876087,22.807947,19.757666,22.302364,19.637676,22.397309,24.603052,20.748079,18.930609,22.924787,20.040579,22.531366,22.005028,21.74532,0.0,0.28761
1374,48,6247,15264,0.409264,0.54206,0.619202,0.671139,0.888907,0.576389,0.635148,0.664242,0.935489,0.426035,0.569231,0.71121,0.740355,0.318462,0.482055,0.743263,0.578358,False,False,False,False,0.0,0.0,0.326383,1.476507,1.476507,1.476507,15.79905,15.96425,11.606004,21.60269,23.192623,23.308463,17.269608,15.79905,23.192623,15.633424,23.296031,16.112,23.117155,16.094179,23.161162,20.065525,21.294297,15.978069,23.305677,16.91025,22.904083,18.296089,22.187337,0.0,0.11584
1375,48,5907,13257,0.445576,0.504714,0.769879,0.819011,0.927713,0.529607,0.776312,0.804729,0.956492,0.414649,0.728927,0.874659,0.81395,0.333107,0.627463,0.901268,0.673777,False,False,False,False,0.0,0.0,0.185578,2.17229,2.17229,2.17229,16.406015,14.329044,3.545442,12.884713,22.855044,24.301163,23.546066,16.406015,22.855044,15.924609,23.163762,16.831669,22.639786,16.629873,22.755581,14.073021,24.933129,14.369675,24.285523,13.536257,25.098342,13.434175,25.345923,0.0,1.446119
1376,48,6866,15221,0.451087,0.517377,0.868078,0.869841,0.99767,0.525327,0.856822,0.857679,0.998835,0.439984,0.805752,0.903688,0.881445,0.366007,0.703932,0.922276,0.748325,False,False,True,False,1.0,0.0,0.135966,0.916697,19.972752,0.916697,13.759734,10.043742,2.30022,9.736382,20.489963,27.770845,27.390764,10.791873,26.955791,10.406107,27.338164,11.255171,26.51262,10.990096,26.758251,11.981066,26.54757,10.065735,27.751353,10.280804,27.736346,10.937324,27.298715,19.056055,7.280882
1377,48,8099,18696,0.433194,0.525513,0.824326,0.824326,1.0,0.538243,0.80483,0.80483,1.0,0.453787,0.785422,0.859854,0.900728,0.385911,0.712975,0.883437,0.787011,False,False,False,False,0.0,0.0,0.185241,0.695008,0.695008,0.695008,15.043504,14.613615,4.341889,18.036055,25.919193,26.236098,23.491271,15.043504,25.919193,14.674404,26.190574,15.069967,25.891767,14.892909,26.004963,19.665638,23.635821,14.610775,26.237516,15.617319,25.701716,17.370293,24.760383,0.0,0.316905
1378,48,5928,11664,0.50823,0.510374,0.893386,0.94171,0.945682,0.533693,0.891518,0.920161,0.966262,0.425154,0.770532,0.955435,0.799258,0.341135,0.628637,0.961045,0.645074,False,False,False,False,0.0,0.0,0.086297,0.83804,0.83804,0.83804,10.511865,9.797908,1.07049,10.3574,27.27094,27.98291,27.354449,10.511865,27.27094,10.52969,27.433059,11.033794,26.726004,11.219186,26.65237,9.867521,28.016377,9.791442,27.984543,9.451755,28.294485,9.495333,28.306447,0.0,0.71197
1379,48,7212,13862,0.520271,0.567451,0.723594,0.804729,0.877704,0.596162,0.754649,0.805421,0.922906,0.478935,0.694105,0.854797,0.786883,0.395686,0.634947,0.898997,0.683722,False,False,False,False,0.0,0.0,0.241353,0.774586,0.774586,0.774586,15.117906,14.732529,5.473684,17.747551,23.046211,23.491797,20.986028,15.117906,23.046211,14.95623,23.187188,15.012526,22.991565,14.946617,23.069409,18.489832,22.002101,14.738999,23.490601,15.472592,23.353902,16.782492,22.81501,0.0,0.445586
1380,48,6743,15744,0.42829,0.349975,0.566479,0.804174,0.657126,0.624111,0.68504,0.685528,0.998962,0.270389,0.456182,0.80949,0.511048,0.203189,0.343332,0.794311,0.376835,False,False,True,False,1.0,0.0,0.339962,1.096323,60.805576,1.096323,44.375107,7.772999,2.277377,8.943003,9.80229,27.186446,25.573373,7.853527,27.171244,7.803351,27.186338,7.930694,26.91035,7.908597,26.938864,9.521874,25.68908,7.772307,27.184957,8.106827,26.897319,8.715903,26.371727,59.709253,17.384156
1381,48,5470,9702,0.563801,0.6208,0.723605,0.801096,0.882084,0.638734,0.744729,0.803615,0.91042,0.514533,0.724127,0.880208,0.803291,0.415791,0.657771,0.934804,0.689397,False,False,True,False,1.0,0.0,0.284735,0.806475,52.412964,0.806475,54.039307,12.535831,5.265517,17.77861,11.480757,22.914521,19.815672,13.044789,22.320319,13.134065,22.4459,13.139915,22.212219,13.090189,22.273196,12.854662,23.078735,12.530652,22.915159,12.291652,23.200488,12.390554,23.25757,51.606489,11.433764
1382,48,5767,11975,0.481587,0.506806,0.826261,0.882353,0.928559,0.533612,0.837793,0.867293,0.960985,0.420042,0.75077,0.920477,0.802844,0.335449,0.627141,0.93876,0.653893,False,False,False,False,0.0,0.0,0.136437,1.256712,1.256712,1.256712,16.767065,15.836657,3.330219,16.80134,23.368187,24.121358,22.969216,16.767065,23.368187,16.298885,23.718607,17.092133,23.127899,16.790648,23.31708,18.228079,23.084943,15.856309,24.109865,16.138546,24.121926,16.932259,23.75173,0.0,0.753171
1383,48,6679,12636,0.528569,0.571542,0.738929,0.817917,0.884414,0.595442,0.772052,0.822435,0.926486,0.485913,0.710797,0.867427,0.797425,0.404163,0.653015,0.91169,0.69711,False,False,True,False,1.0,0.0,0.22377,0.717419,34.312351,0.717419,32.221142,9.00025,2.58206,11.074462,12.389706,26.634611,24.830373,9.073914,26.350503,9.114788,26.373065,8.974447,26.433587,9.095324,26.352661,10.27055,25.940038,9.002595,26.632318,9.1891,26.644134,9.620751,26.399688,33.594932,14.244905
1384,44,6481,11178,0.5798,0.766774,0.669847,0.704469,0.931646,0.778851,0.684824,0.709051,0.952476,0.651279,0.69826,0.777198,0.873013,0.548756,0.700593,0.847245,0.801882,False,False,True,False,0.996594,0.0,0.529274,0.470016,11.092683,0.470016,11.150389,7.257316,5.343553,8.038626,25.153215,30.77735,28.267015,7.272232,30.713989,7.185414,30.857484,7.517821,30.338719,7.441753,30.476352,8.485779,29.547981,7.257111,30.769891,7.522913,30.49779,7.940493,30.076124,10.622667,5.624135
1385,48,6072,10269,0.591294,0.45019,0.716142,0.96539,0.735013,0.746421,0.792172,0.792172,1.0,0.344532,0.55678,0.971453,0.566041,0.246275,0.400358,0.972321,0.404974,False,False,True,False,1.0,0.0,0.378127,1.181002,52.897308,1.181002,63.438129,9.987154,3.817012,11.450153,8.99082,24.935882,22.809851,10.286836,24.443204,10.492424,24.447623,10.756862,24.002462,10.863691,24.013621,10.353096,24.821404,10.003953,24.927446,9.813681,25.170463,9.910079,25.131771,51.716306,15.945062
1386,48,7959,16490,0.482656,0.498423,0.621042,0.754106,0.778741,0.761916,0.633477,0.633477,1.0,0.388963,0.542995,0.788587,0.635507,0.287386,0.438378,0.816628,0.486242,False,False,False,False,0.0,0.0,0.539679,0.943031,0.943031,0.943031,29.375633,29.320518,17.673738,39.056664,18.891652,19.201104,15.222916,29.375633,18.891652,29.439377,18.955873,29.014072,18.977013,29.05545,19.027898,35.555679,17.724983,29.319345,19.201541,30.491184,19.038362,32.611008,18.507926,0.0,0.309452
1387,48,6005,11472,0.523448,0.619596,0.76511,0.799662,0.946545,0.628661,0.778869,0.802413,0.963697,0.52894,0.799255,0.883817,0.893089,0.442207,0.768801,0.949143,0.801832,False,False,True,False,1.0,0.0,0.256814,0.481129,8.52198,0.481129,9.186623,5.109631,1.960978,6.519567,22.671909,32.009091,28.272765,5.231696,31.216612,5.204108,31.455881,4.962476,31.378002,4.974743,31.238782,5.676048,31.267502,5.088759,32.026813,5.128837,32.194249,5.31879,31.916288,8.040851,9.337182
1388,48,6025,11688,0.515486,0.658966,0.71609,0.743703,0.950705,0.668036,0.725674,0.745005,0.965477,0.557752,0.754896,0.827734,0.895602,0.465349,0.744901,0.899798,0.812282,False,False,True,False,0.979693,0.0,0.339219,0.317088,14.791806,0.317088,14.247082,7.839004,3.702572,9.867386,21.479151,29.782019,26.675194,7.962379,29.542187,7.830927,29.710808,7.924758,29.491442,7.851618,29.632004,9.106888,28.399923,7.840885,29.780309,8.098921,29.552952,8.524204,29.070113,14.474718,8.302868
1389,46,5938,11132,0.533417,0.610492,0.680612,0.758829,0.868474,0.639867,0.706205,0.75895,0.910408,0.487513,0.640445,0.817579,0.747221,0.377381,0.56225,0.868603,0.614517,False,False,True,False,1.0,0.0,0.327108,1.956296,16.942755,1.956296,12.861738,7.160379,3.225902,5.577299,22.595337,28.407398,30.05152,8.08802,27.225995,7.72342,27.67521,8.203997,27.247251,8.076737,27.37897,6.7667,28.055871,7.176715,28.388263,6.859492,28.730607,6.691198,28.604372,14.986459,5.812061
1390,48,6255,11086,0.564225,0.587137,0.933939,0.946996,0.985452,0.599134,0.930689,0.936013,0.993925,0.490078,0.805933,0.960059,0.833893,0.394281,0.659535,0.96614,0.67514,False,False,False,False,0.0,0.0,0.087974,0.928448,0.928448,0.928448,13.440821,13.045297,2.387429,15.288729,25.397577,25.674951,22.978397,13.440821,25.397577,13.037037,25.670017,13.41652,25.398041,13.107488,25.583103,14.973994,24.529456,13.022489,25.682353,13.369997,25.472575,14.027711,25.071772,0.0,0.277374
1391,48,7431,13160,0.564666,0.58617,0.892415,0.925849,0.961109,0.591945,0.895753,0.923235,0.967837,0.4981,0.794918,0.944928,0.833535,0.413678,0.677306,0.954996,0.699637,False,False,False,False,0.0,0.0,0.104381,0.964683,0.964683,0.964683,18.745974,18.133047,4.085995,19.67308,21.906141,22.386486,20.841383,18.745974,21.906141,18.37487,22.157037,19.339792,21.676855,18.833042,21.898597,21.600861,21.118137,18.142197,22.382378,18.698963,22.254319,19.906204,21.804446,0.0,0.480345
1392,48,6664,12960,0.514198,0.587886,0.761376,0.810343,0.926471,0.605324,0.773933,0.806883,0.94988,0.501003,0.754501,0.8714,0.84904,0.418673,0.715624,0.929414,0.756753,False,False,True,False,1.0,0.0,0.230623,0.833492,44.638977,0.833492,34.567078,4.579932,1.287431,5.846339,11.955963,32.968242,30.925062,5.208033,31.435239,4.972139,32.058907,5.247899,31.050608,5.183623,31.31492,5.043468,32.452235,4.568327,32.970162,4.452881,33.403596,4.628051,33.204489,43.805485,21.012279
1393,48,5418,11376,0.476266,0.427655,0.725625,0.888798,0.79808,0.740682,0.64301,0.64301,1.0,0.330169,0.590775,0.907082,0.62883,0.241825,0.434668,0.899673,0.456811,False,False,True,False,1.0,0.0,0.504364,1.434094,32.015945,1.434094,34.498341,15.748677,14.013371,17.878553,15.838096,21.754514,17.613827,17.535683,20.577243,17.559063,20.747009,16.79685,20.891086,17.00123,20.891287,13.142796,23.038907,15.772364,21.743666,14.360773,22.563535,13.403716,23.039745,30.581851,5.916418
1394,48,5560,11925,0.466247,0.544654,0.773316,0.809392,0.945504,0.567212,0.766122,0.790361,0.961511,0.451824,0.743312,0.86637,0.839568,0.367799,0.653258,0.896033,0.706835,False,False,True,False,0.998272,0.0,0.22231,1.777272,73.381409,1.777272,93.880936,20.131294,5.237759,19.813129,7.99288,21.281387,20.555608,22.653057,19.876598,22.581594,20.152569,22.51199,19.977225,22.801199,20.018596,16.515827,22.842729,20.17404,21.268871,18.300419,22.223196,16.973621,22.809709,71.604137,13.288507
1395,48,6608,11293,0.585141,0.56203,0.712265,0.849063,0.815527,0.60046,0.763102,0.854594,0.876967,0.461879,0.640172,0.884778,0.698396,0.36899,0.552817,0.920566,0.580508,False,False,False,False,0.0,0.0,0.208965,1.109,1.109,1.109,15.592816,15.181346,4.086944,16.554832,23.041546,23.469543,22.004262,15.592816,23.041546,15.58868,23.133455,15.825111,23.033366,15.743593,23.078663,16.393059,22.789251,15.190829,23.467348,15.165255,23.520141,15.553823,23.27951,0.0,0.427997
1396,48,5746,10080,0.57004,0.543849,0.904988,0.973003,0.928298,0.555853,0.925191,0.973407,0.949182,0.43869,0.748581,0.984396,0.75757,0.338492,0.582513,0.987984,0.586669,False,False,True,False,0.998154,0.0,0.034379,0.696585,8.193509,0.696585,7.952431,8.403353,0.921397,8.910894,27.890024,29.900083,28.993124,8.677863,29.518392,8.45858,29.81255,8.456202,29.726525,8.268825,29.952923,8.912345,29.447699,8.37951,29.925568,8.425978,29.90311,8.610628,29.734093,7.496924,2.010059
1397,48,9185,17712,0.518575,0.561822,0.923023,0.923023,1.0,0.564645,0.918408,0.918408,1.0,0.492773,0.840629,0.937328,0.890691,0.426603,0.738061,0.940842,0.773979,False,False,True,False,1.0,0.0,0.095461,0.880458,17.785662,0.880458,15.341281,4.474288,1.331066,6.764943,19.966154,32.586641,28.932954,4.277336,32.739949,4.414698,32.558757,4.277881,32.461219,4.337144,32.304966,6.047178,30.02857,4.472038,32.573986,4.819125,32.040806,5.353293,31.124789,16.905204,12.620487
1398,48,7624,15314,0.497845,0.447368,0.71241,0.878996,0.789874,0.709351,0.701832,0.701832,1.0,0.356798,0.624224,0.920571,0.659759,0.278112,0.508761,0.940831,0.525577,False,False,False,False,0.0,0.0,0.420546,0.57642,0.57642,0.57642,20.091904,19.022692,7.72319,19.541492,23.006667,23.553966,22.018794,20.091904,23.006667,19.431969,23.323501,19.983997,23.048992,19.513466,23.271142,21.090155,22.66897,19.005028,23.56032,19.153288,23.517509,19.85314,23.202197,0.0,0.547299
1399,48,5413,9933,0.544951,0.627907,0.746103,0.79814,0.919638,0.636867,0.759442,0.80098,0.93608,0.527534,0.765496,0.881489,0.853316,0.4329,0.717899,0.943953,0.749861,False,False,False,False,0.0,0.0,0.273894,0.919469,0.919469,0.919469,7.557177,7.356918,2.248304,12.944516,26.889958,27.134029,22.356966,7.557177,26.889958,7.736929,26.715868,7.35267,27.20767,7.546586,27.032822,8.378163,26.642946,7.390788,27.119816,7.397192,27.247909,7.759222,27.076955,0.0,0.244071
1400,48,6834,12922,0.528866,0.628927,0.74391,0.785284,0.93386,0.641851,0.762349,0.789004,0.957565,0.547516,0.759965,0.848905,0.878841,0.468426,0.740076,0.905501,0.802019,False,False,True,False,0.990966,0.0,0.278088,0.471145,19.198259,0.471145,18.893572,10.110428,3.424551,12.9064,20.488408,26.309856,24.566384,10.555702,25.934971,10.272168,26.198912,10.357867,25.986675,10.088382,26.262004,10.802263,25.687209,10.103502,26.31667,10.150765,26.26111,10.382109,26.039804,18.727114,5.821448
1401,48,5019,10450,0.480287,0.578373,0.815392,0.822138,0.990038,0.580191,0.816424,0.82154,0.992429,0.498086,0.775,0.857637,0.88942,0.42201,0.696168,0.877551,0.77107,False,False,True,False,1.0,0.0,0.197017,1.128644,31.332659,1.128644,30.366608,6.96832,1.891733,9.641363,16.602729,29.467267,25.161553,7.413628,28.561797,7.223883,28.77723,7.310022,28.580745,7.102676,28.752685,9.29654,27.988929,6.990901,29.454309,7.361559,29.532178,8.151424,28.97699,30.204015,12.864538
1402,48,6427,11950,0.537824,0.499582,0.707576,0.860469,0.799284,0.744017,0.722866,0.722866,1.0,0.4041,0.62659,0.897908,0.674654,0.316067,0.529606,0.935398,0.549712,False,False,False,False,0.0,0.0,0.445772,0.910073,0.910073,0.910073,14.509465,13.927908,9.422717,22.130491,22.688542,23.195285,18.441525,14.509465,22.688542,14.774804,22.778795,13.916862,23.037341,13.985426,23.21913,14.000674,22.996207,13.932421,23.189301,13.530937,23.377052,13.547689,23.307089,0.0,0.506743
1403,48,8297,18759,0.442294,0.569593,0.749332,0.760973,0.979993,0.574018,0.752298,0.760123,0.986501,0.499653,0.748985,0.807319,0.912016,0.431899,0.692887,0.828437,0.808967,False,False,False,False,0.0,0.0,0.240967,1.560919,1.560919,1.560919,7.64003,6.862601,2.471675,9.082479,27.653636,28.698502,24.056795,7.64003,27.653636,7.218191,27.904917,8.156924,27.29853,7.867904,27.388517,7.716926,27.855521,6.879515,28.682403,6.886144,28.965324,7.150135,28.650583,0.0,1.044866
1404,48,5312,10362,0.512642,0.658946,0.665523,0.710457,0.913215,0.677186,0.675364,0.70828,0.935617,0.549701,0.656335,0.765801,0.82116,0.449431,0.622295,0.821129,0.71988,False,False,False,False,0.0,0.0,0.404158,1.348977,1.348977,1.348977,19.227661,17.818964,8.813135,22.433359,21.554485,22.384621,18.849731,19.227661,21.554485,18.766001,21.819264,18.41993,22.082145,18.203627,22.150939,19.174761,22.156881,17.837286,22.378064,17.703062,22.649939,18.143261,22.570458,0.0,0.830136
1405,48,7874,16660,0.472629,0.659724,0.580645,0.630516,0.880112,0.693697,0.6015,0.631479,0.926848,0.530192,0.57435,0.690026,0.774067,0.417107,0.533678,0.742265,0.655067,False,False,False,False,0.0,0.0,0.484407,0.699484,0.699484,0.699484,27.825544,26.94721,17.541771,31.726908,19.405374,19.834165,16.199373,27.825544,19.405374,27.254593,19.651665,28.140928,19.27532,27.607061,19.484678,33.201466,18.13413,26.959784,19.828825,28.031368,19.581786,30.189695,18.974386,0.0,0.428791
1406,48,5913,12300,0.480732,0.531545,0.521383,0.652646,0.72163,0.624553,0.6299,0.683936,0.888551,0.336179,0.452233,0.756711,0.529173,0.215366,0.336977,0.814647,0.364959,False,False,False,False,0.0,0.0,0.37592,1.240645,1.240645,1.240645,12.171881,10.939962,5.054016,8.919274,26.142205,27.063352,26.901781,12.171881,26.142205,11.327245,26.754638,12.869328,25.697861,12.305598,26.087241,11.901629,26.318926,10.966683,27.044581,10.945826,27.060966,11.244997,26.803884,0.0,0.921147
1407,48,4174,11132,0.374955,0.495598,0.652063,0.693312,0.916387,0.724218,0.516233,0.516745,0.998083,0.404779,0.662517,0.767643,0.828701,0.315846,0.578083,0.801195,0.674892,False,False,True,False,0.987353,0.0,0.554757,4.390773,13.937003,4.390773,23.226242,17.173933,3.402702,10.440425,16.496167,23.852492,24.155819,18.605095,23.180101,17.175692,23.690915,20.454559,22.722958,19.575148,22.984169,19.688627,23.185808,17.257307,23.832497,17.803946,23.789142,18.632727,23.564758,9.54623,7.356325
1408,48,4942,9560,0.516946,0.601674,0.673029,0.747914,0.870498,0.630649,0.695148,0.746227,0.91036,0.4841,0.639822,0.806828,0.755565,0.376987,0.565488,0.856548,0.624646,False,False,False,False,0.0,0.0,0.331312,1.423127,1.423127,1.423127,30.79826,29.185013,17.362711,46.728924,17.074724,17.648556,12.806549,30.79826,17.074724,30.440577,17.308624,31.391947,16.888956,31.093349,17.084098,30.9368,17.283271,29.209497,17.644977,28.869284,17.759384,29.468569,17.632079,0.0,0.573832
1409,48,6581,13891,0.47376,0.558635,0.744647,0.788789,0.930102,0.595925,0.719792,0.751268,0.944993,0.465841,0.725542,0.848091,0.833916,0.383198,0.659788,0.888972,0.71904,False,False,True,False,1.0,0.0,0.281532,1.369722,99.482399,1.369722,144.29306,40.79932,13.349794,50.837967,4.659388,15.989641,13.511239,40.974472,15.527644,40.860458,15.738456,40.696499,15.599124,40.718533,15.731724,47.402267,14.908586,40.848198,15.983013,41.961555,15.905783,44.117561,15.524592,98.112677,11.330253
1410,48,5181,11385,0.455072,0.59552,0.654128,0.69764,0.912951,0.61783,0.665076,0.693631,0.94171,0.478524,0.630465,0.754405,0.793283,0.375406,0.555866,0.79036,0.651998,False,False,True,False,1.0,0.0,0.346551,3.122448,30.399849,3.122448,40.473141,14.243968,4.515205,11.841665,15.385313,24.468029,24.83794,15.581676,23.647521,14.701538,24.092616,16.152866,23.446301,15.700122,23.663138,14.899762,24.234526,14.286946,24.449129,14.251818,24.601509,14.449142,24.525592,27.277401,9.082716
1411,48,5218,12116,0.43067,0.529465,0.767664,0.787529,0.968187,0.541598,0.776236,0.784517,0.986585,0.446269,0.755328,0.845571,0.876198,0.364394,0.678223,0.881767,0.746071,False,False,True,False,1.0,0.0,0.201798,1.766357,43.988983,1.766357,56.157341,7.505366,1.948584,6.5734,10.450869,29.404692,27.202889,8.311167,28.157405,7.905583,28.444637,8.790214,28.321118,8.559091,28.402179,8.066437,29.209602,7.54197,29.384164,7.420915,29.911181,7.526766,29.843627,42.222626,18.953823
1412,48,6667,12636,0.527619,0.555318,0.827457,0.882998,0.929354,0.572808,0.836128,0.874827,0.949753,0.47151,0.758357,0.913897,0.816709,0.391896,0.655836,0.929321,0.690265,False,False,False,False,0.0,0.0,0.151784,1.22561,1.22561,1.22561,21.82251,20.079197,5.76847,27.046297,20.86324,21.739522,18.215557,21.82251,20.86324,21.079697,21.261298,21.945152,20.79475,21.544823,20.997057,24.857508,19.731422,20.085546,21.735422,20.702166,21.560377,22.332634,20.813774,0.0,0.876282
1413,48,6924,16864,0.410579,0.514172,0.751657,0.771768,0.966493,0.524846,0.751416,0.764659,0.97747,0.445505,0.728361,0.809796,0.878683,0.379092,0.653669,0.823401,0.760254,False,False,False,False,0.0,0.0,0.209557,1.855097,1.855097,1.855097,17.103071,16.175861,4.859591,19.367947,24.108182,24.663089,21.87423,17.103071,24.108182,16.77879,24.317898,17.728529,23.876743,17.402754,24.039352,19.926006,23.123991,16.213123,24.645229,16.68679,24.51366,18.013239,23.96054,0.0,0.554907
1414,48,6185,14160,0.436794,0.686441,0.565761,0.591255,0.929184,0.718362,0.571127,0.584546,0.961358,0.556497,0.566782,0.645685,0.822635,0.44202,0.526684,0.685892,0.694099,False,False,False,False,0.0,0.0,0.528652,2.249112,2.249112,2.249112,26.734896,24.921907,13.953062,22.79682,20.772989,21.293469,19.37652,26.734896,20.772989,25.513662,21.104303,27.928429,20.507524,26.973162,20.742446,28.370304,20.267888,24.962597,21.282394,25.265427,21.183861,26.456264,20.826899,0.0,0.52048
1415,48,5232,10230,0.511437,0.590518,0.701842,0.769575,0.88857,0.613196,0.726959,0.772039,0.92565,0.481329,0.6784,0.833672,0.784595,0.384262,0.608955,0.882218,0.662844,False,False,True,False,1.0,0.0,0.285114,1.313926,54.886822,1.313926,72.580147,25.606205,8.469988,37.100346,10.111952,19.582532,15.984624,24.6415,19.506523,24.919214,19.656229,24.209927,19.663054,24.692596,19.61745,30.423994,18.295642,25.644878,19.571654,26.902077,19.289608,28.498152,18.848249,53.572896,9.47058
1416,48,7686,16940,0.453719,0.517414,0.85009,0.862407,0.983476,0.529634,0.838631,0.846857,0.988551,0.447462,0.794311,0.891557,0.879261,0.382113,0.707755,0.906535,0.763466,False,False,True,False,1.0,0.0,0.148368,0.981882,70.107162,0.981882,80.602089,13.040637,4.764534,21.265158,8.574587,22.151265,17.692092,13.627635,21.689567,13.483824,21.924166,13.56579,21.634481,13.470423,21.787011,18.810001,19.549937,13.051132,22.143496,14.341313,21.688124,16.345303,20.735684,69.12528,13.576678
1417,48,5187,16236,0.319475,0.419377,0.700837,0.725951,0.952959,0.694506,0.460004,0.460004,1.0,0.312823,0.604313,0.76137,0.745518,0.221791,0.445157,0.751736,0.521882,False,False,True,False,1.0,0.0,0.540411,2.821643,14.094216,2.821643,15.746032,14.469893,4.166259,7.691601,23.024124,26.482249,27.80854,15.143114,26.086364,13.69295,26.654776,17.413662,25.423352,16.418097,25.788543,18.311806,24.901279,14.56256,26.453866,15.638648,26.063635,16.877193,25.531565,11.272573,3.458125
1418,48,7418,15200,0.488026,0.540724,0.885566,0.893539,0.990024,0.547303,0.879943,0.885443,0.99299,0.464276,0.825117,0.927306,0.882178,0.390789,0.723391,0.943939,0.755864,False,False,True,False,1.0,0.0,0.122205,1.100874,27.149961,1.100874,26.927923,14.68181,2.357706,14.175385,17.369775,24.538049,24.053898,16.394581,23.25592,15.661139,23.694939,17.282467,22.889857,16.869732,23.109278,16.155613,23.884155,14.701492,24.531125,14.447515,24.890821,14.902624,24.64456,26.049087,7.168274
1419,48,7270,16590,0.438216,0.426823,0.668333,0.811891,0.790784,0.711272,0.616102,0.616102,1.0,0.311091,0.546721,0.851385,0.604402,0.207836,0.386905,0.867169,0.411279,False,False,True,False,0.999893,0.0,0.484549,1.672282,15.35211,1.672282,16.932554,9.349106,5.850071,11.620587,21.685346,28.454105,24.286383,9.515727,28.013344,9.147226,28.408519,9.982256,27.624047,9.725447,27.907743,13.268776,26.127865,9.394361,28.425977,10.28143,27.957467,11.620999,27.134882,13.679828,6.768759
1420,48,4942,10332,0.47832,0.449187,0.732285,0.872872,0.819709,0.741289,0.642894,0.643818,0.997774,0.346496,0.635073,0.924581,0.669769,0.251645,0.492283,0.956923,0.50344,False,False,False,False,0.0,0.0,0.506122,1.463451,1.463451,1.463451,19.716242,19.396803,11.875201,23.655605,21.67581,21.961653,18.973027,19.716242,21.67581,19.626602,21.84496,20.2845,21.471219,20.179213,21.610818,22.140295,20.958746,19.416767,21.953319,19.831648,21.823549,20.767097,21.473997,0.0,0.285843
1421,48,6369,12879,0.494526,0.546626,0.878537,0.890767,0.984613,0.556487,0.87013,0.87875,0.988852,0.461138,0.810533,0.927766,0.865128,0.37798,0.694361,0.945974,0.723033,False,False,True,False,1.0,0.0,0.133487,1.138351,70.924881,1.138351,64.383369,13.535511,3.042243,13.584289,10.047193,25.251779,24.536376,14.153661,24.842029,13.766368,25.093006,14.575758,24.575754,14.276862,24.758984,16.254723,23.67358,13.545506,25.24411,13.973936,25.010552,14.911655,24.449456,69.78653,15.204586
1422,48,6810,17097,0.398315,0.546997,0.727817,0.727973,0.999706,0.555419,0.716782,0.716933,0.999706,0.476107,0.746291,0.784889,0.938179,0.408727,0.705984,0.817115,0.838473,False,False,True,False,1.0,0.0,0.258676,2.674897,44.136906,2.674897,52.032845,14.95443,3.74181,12.849046,10.930414,24.858753,24.150776,16.667303,23.821848,15.407146,24.440799,17.707586,23.483371,16.781889,23.919737,18.067303,23.255882,14.991875,24.849837,15.403573,24.742116,16.431572,24.156921,41.462009,13.928339
1423,48,6178,10833,0.570294,0.526724,0.823818,0.940764,0.86889,0.549432,0.854457,0.939012,0.904662,0.438106,0.705276,0.95196,0.731305,0.351334,0.574267,0.95691,0.589511,False,False,False,False,0.0,0.0,0.077981,1.148443,1.148443,1.148443,7.220783,6.890849,1.99599,8.4925,27.548055,28.357421,25.986244,7.220783,27.548055,7.133161,27.824673,7.349627,27.340172,7.280134,27.535318,7.598629,27.886671,6.890687,28.351488,6.930075,28.554744,7.165264,28.389252,0.0,0.809366
1424,48,4226,11500,0.367478,0.492609,0.654567,0.690733,0.925935,0.689913,0.532644,0.532644,1.0,0.410261,0.702646,0.782323,0.873403,0.330522,0.640172,0.824257,0.741363,False,False,True,False,1.0,0.0,0.470305,1.413024,4.410182,1.413024,3.768497,3.471368,1.138209,2.622653,33.083578,36.866515,39.813571,3.65728,36.573642,3.176053,37.143243,5.024373,35.224161,4.746727,35.553879,5.118867,35.021563,3.543619,36.795202,4.0295,36.282927,4.553478,35.678024,2.997158,3.782937
1425,48,4851,10274,0.472163,0.576017,0.670908,0.730652,0.891363,0.60181,0.691553,0.729581,0.929911,0.460288,0.635929,0.787481,0.767677,0.358283,0.562065,0.834012,0.632859,False,False,True,False,0.992808,0.0,0.307763,1.789231,51.445389,1.789231,74.535835,21.631416,8.07628,28.411186,10.087068,20.019023,16.796616,21.820175,19.996217,21.563869,20.035209,22.367348,19.985245,22.308939,19.984299,25.151653,18.828512,21.683708,20.008525,22.350306,19.775394,23.491652,19.366861,49.656158,9.931955
1426,48,6988,12933,0.540323,0.576896,0.930136,0.933253,0.996422,0.578984,0.930906,0.932025,0.998712,0.491456,0.832464,0.953744,0.867487,0.407021,0.706644,0.963716,0.725959,False,False,True,False,0.997477,0.0,0.084609,0.583628,48.191196,0.583628,48.300945,1.861143,0.669694,2.539592,13.89775,42.236954,34.714205,2.087292,41.479357,1.973621,41.823321,1.968756,41.600159,1.899399,41.844485,2.321122,40.599938,1.860046,42.23203,1.900639,42.093502,2.058529,41.505645,47.607568,28.339204
1427,48,7860,14760,0.53252,0.562263,0.931739,0.939149,0.991603,0.564024,0.932537,0.938138,0.993639,0.485501,0.838718,0.956461,0.87201,0.410569,0.725121,0.965512,0.744402,False,False,True,False,0.994928,0.0,0.06942,0.36343,18.150145,0.36343,19.964758,4.069466,0.57256,4.739992,20.425803,33.952694,32.272455,4.539355,33.148206,4.44648,33.330354,4.128456,33.406688,4.093639,33.570399,4.201909,33.736749,4.043766,33.972979,3.855386,34.291171,3.912171,34.201984,17.786715,13.526891
1428,48,7832,20790,0.37672,0.478547,0.621466,0.684993,0.870148,0.765224,0.4923,0.4923,1.0,0.358971,0.545262,0.723168,0.689096,0.245262,0.421145,0.75152,0.489275,False,False,False,False,0.0,0.0,0.61437,1.510624,1.510624,1.510624,15.521365,14.48919,9.169882,16.901516,23.848936,24.742848,20.289685,15.521365,23.848936,15.013108,24.023375,16.525408,23.60747,16.183903,23.664729,16.705524,24.446895,14.525409,24.7363,14.716165,25.089267,15.470974,24.980197,0.0,0.893912
1429,48,8234,16728,0.492229,0.415292,0.681733,0.88585,0.747389,0.679998,0.723868,0.723868,1.0,0.318269,0.557675,0.911721,0.589507,0.22549,0.411806,0.92842,0.42531,False,False,False,False,0.0,0.0,0.368731,0.703987,0.703987,0.703987,13.603352,13.588009,6.174986,15.128249,25.37106,25.558245,23.114219,13.603352,25.37106,13.444053,25.542999,13.566149,25.462975,13.466926,25.564048,16.867785,23.858553,13.597401,25.558857,14.304024,25.232354,15.422153,24.632203,0.0,0.187185
1430,48,6152,11975,0.513737,0.570104,0.75653,0.818808,0.908648,0.586722,0.764832,0.812838,0.928316,0.474154,0.711269,0.865974,0.799252,0.385052,0.624604,0.897419,0.672627,False,False,False,False,0.0,0.0,0.225829,1.61778,1.61778,1.61778,15.808517,15.053967,7.458984,26.041233,21.222575,22.040451,16.757751,15.808517,21.222575,15.329162,21.590288,16.503414,20.823339,16.358746,20.944305,16.949881,21.509996,15.071684,22.034841,15.341136,22.177181,15.946304,21.990019,0.0,0.817876
1431,48,5633,11544,0.487959,0.505198,0.694252,0.805556,0.834014,0.537422,0.739456,0.81109,0.893307,0.40939,0.631596,0.848498,0.711876,0.318954,0.552241,0.900054,0.588319,False,False,False,False,0.0,0.0,0.197936,1.594372,1.594372,1.594372,20.947571,20.544292,3.485423,23.193798,19.900117,20.606742,19.463818,20.947571,19.900117,20.826794,20.056772,20.412451,20.053479,20.520445,20.056254,26.895792,19.787124,20.555241,20.606611,21.89378,20.752117,24.119711,20.4518,0.0,0.706625
1432,48,3367,9618,0.350073,0.434706,0.791172,0.797417,0.990199,0.717613,0.48783,0.48783,1.0,0.329486,0.670757,0.828021,0.779329,0.232897,0.491223,0.824554,0.54856,False,False,True,False,1.0,0.0,0.558471,4.253773,8.173359,4.253773,8.337888,13.797941,2.418973,3.834571,28.125689,26.30547,35.411517,15.164043,25.787652,13.526186,26.401355,18.029699,24.964739,16.988813,25.31669,15.544699,25.322095,13.890209,26.279938,14.306208,26.048064,14.819721,25.721834,3.919586,-1.820219
1433,48,5994,14477,0.414036,0.48173,0.709465,0.771724,0.897898,0.765214,0.541072,0.541072,1.0,0.353526,0.622664,0.833138,0.711378,0.238585,0.462992,0.865663,0.498832,False,False,False,False,0.0,0.0,0.59743,1.891076,1.891076,1.891076,17.092093,17.308697,6.378443,18.755922,24.123005,24.334726,23.075362,17.092093,24.123005,16.649927,24.373957,17.963741,23.767264,17.608887,23.928012,21.168892,22.99757,17.381327,24.309059,18.473473,24.029974,19.744356,23.576067,0.0,0.211721
1434,48,7750,15520,0.499356,0.575193,0.722297,0.783466,0.902452,0.592655,0.749381,0.789302,0.936774,0.493621,0.708347,0.834095,0.824516,0.416946,0.667175,0.879462,0.734323,False,False,True,False,1.0,0.0,0.244402,0.425311,16.292536,0.425311,17.71015,4.776946,2.001502,6.58172,20.542998,34.291132,30.133328,4.911441,33.683647,4.880473,33.822486,4.675355,33.801551,4.631312,33.939461,5.819183,32.97256,4.763828,34.300153,4.91471,34.294489,5.276817,33.80629,15.867225,13.748134
1435,48,7396,18202,0.406329,0.563235,0.60058,0.645923,0.895349,0.618064,0.605338,0.624978,0.950649,0.425722,0.554449,0.697122,0.730395,0.301231,0.448381,0.727157,0.539075,False,False,False,False,0.0,0.0,0.389598,1.963539,1.963539,1.963539,18.39332,17.615017,8.10525,16.081982,23.840484,24.158108,22.563494,18.39332,23.840484,17.30769,24.251227,19.692852,23.403453,18.924553,23.666926,21.813774,22.585232,17.668243,24.138582,18.616911,23.786341,20.042006,23.247639,0.0,0.317624
1436,48,5570,9912,0.561945,0.512914,0.855128,0.965972,0.881688,0.537328,0.883166,0.959444,0.917415,0.414044,0.710698,0.979288,0.721544,0.319512,0.552968,0.982318,0.558528,False,False,False,False,0.0,0.0,0.049747,0.812222,0.812222,0.812222,11.05751,10.543148,1.414018,13.652903,27.04981,27.511063,24.089119,11.05751,27.04981,10.838241,27.253533,11.222322,26.905724,11.089887,27.028261,11.095751,27.130171,10.534052,27.51747,10.482406,27.585512,10.674148,27.451131,0.0,0.461253
1437,48,5585,12663,0.441049,0.542052,0.771091,0.789627,0.970457,0.552634,0.781285,0.788654,0.988183,0.464345,0.781386,0.855272,0.900448,0.38727,0.700551,0.881117,0.773679,False,False,True,False,1.0,0.0,0.208251,2.34586,10.926674,2.34586,12.351119,9.640764,1.924743,6.023814,24.59425,27.608122,30.184715,10.25288,27.111039,9.356013,27.756223,11.534885,26.448223,10.912802,26.869855,11.761743,26.016039,9.699732,27.581017,10.242614,27.20041,10.916204,26.660533,8.580814,3.013872
1438,48,7139,14430,0.494733,0.520998,0.84388,0.892259,0.939627,0.541441,0.841379,0.87444,0.956997,0.440887,0.758401,0.915278,0.81566,0.364172,0.647481,0.926927,0.682308,False,False,False,False,0.0,0.0,0.134549,0.987016,0.987016,0.987016,11.692301,11.127469,4.233622,14.035812,22.696839,23.917889,21.329069,11.692301,22.696839,11.61157,22.952823,11.320726,22.785329,11.148853,22.934227,13.429846,23.310108,11.132792,23.91348,11.384134,24.365438,12.162814,24.130732,0.0,1.22105
1439,48,3776,9912,0.380952,0.735876,0.493121,0.501234,0.96822,0.760593,0.49235,0.495159,0.988612,0.58293,0.533301,0.575112,0.880032,0.456416,0.529672,0.635279,0.761123,False,False,True,False,0.999837,0.0,0.619622,2.711321,19.541449,2.711321,29.923904,21.301819,10.156291,22.182556,15.255063,21.126817,19.370673,22.438383,20.503581,21.878796,20.75678,22.439619,20.7171,22.14345,20.853979,22.409781,20.901189,21.343662,21.116785,21.279749,21.270681,21.607346,21.196992,16.830128,5.871754
1440,48,7164,13862,0.516809,0.653153,0.679925,0.724983,0.916248,0.674867,0.697913,0.725815,0.947795,0.546674,0.68115,0.788203,0.833752,0.449719,0.654074,0.849856,0.739531,False,False,False,False,0.0,0.0,0.382204,0.95317,0.95317,0.95317,17.063837,16.345802,7.145168,18.141029,22.787475,23.386685,21.577853,17.063837,22.787475,16.621859,23.081052,17.195421,22.665804,17.012144,22.813626,18.498465,22.671089,16.358366,23.377963,16.631119,23.405226,17.357248,23.156579,0.0,0.59921
1441,48,6260,13514,0.463223,0.509102,0.820197,0.86061,0.945847,0.527601,0.827238,0.85021,0.968371,0.433032,0.759187,0.893199,0.834984,0.358221,0.660832,0.912415,0.705591,False,False,True,False,1.0,0.0,0.145851,1.136293,47.117592,1.136293,69.679977,17.96246,2.88241,17.040096,11.02969,20.46139,20.739602,17.730085,20.386623,17.685198,20.364137,17.850107,20.504694,17.957615,20.400531,21.737328,19.719583,18.001385,20.450963,18.953781,20.362926,20.191641,20.111206,45.981299,9.4317
1442,48,6476,11352,0.570472,0.672657,0.767314,0.802383,0.946109,0.682259,0.780741,0.805036,0.962786,0.582981,0.788309,0.872167,0.891291,0.496124,0.758861,0.927557,0.806671,False,False,False,False,0.0,0.0,0.292248,0.323421,0.323421,0.323421,8.189571,7.915637,3.058176,9.999382,28.668449,29.025403,25.983257,8.189571,28.668449,7.917542,28.928673,8.329936,28.507747,8.151792,28.667615,9.108658,28.167488,7.924284,29.016734,8.142835,28.914049,8.543443,28.615343,0.0,0.356954
1443,48,5478,11304,0.484607,0.803609,0.561106,0.576178,0.955458,0.817941,0.565384,0.575168,0.970792,0.676309,0.589318,0.636494,0.88828,0.562279,0.60027,0.698395,0.810332,False,False,False,False,0.0,0.0,0.673876,1.411203,1.411203,1.411203,21.882744,20.695084,13.430884,21.329317,22.031201,22.600119,20.519742,21.882744,22.031201,21.285566,22.328403,22.732689,21.693386,22.182549,21.921421,22.498114,22.023598,20.727455,22.587636,20.77717,22.622811,21.403433,22.425727,0.0,0.568918
1444,48,6419,10059,0.638135,0.642211,0.814455,0.894892,0.900608,0.674918,0.859758,0.899396,0.951239,0.501143,0.699288,0.935529,0.734694,0.36276,0.531954,0.958071,0.544633,False,False,True,False,1.0,0.0,0.181868,0.336447,22.764927,0.336447,23.09581,7.310848,1.726923,29.422235,19.867852,29.969587,16.598073,7.614218,29.573826,7.348185,29.904705,7.659033,29.549898,7.466324,29.764318,8.315418,29.07173,7.309965,29.976122,7.475671,29.847812,7.81939,29.535177,22.42848,10.101735
1445,48,5380,10274,0.523652,0.638894,0.760094,0.785801,0.958736,0.647849,0.765068,0.783804,0.969703,0.540588,0.790404,0.869103,0.897212,0.445591,0.761543,0.940367,0.800186,False,False,True,False,1.0,0.0,0.278913,0.95457,31.910366,0.95457,23.552603,4.757435,2.313445,5.964065,14.831998,29.727565,26.289372,5.374226,28.576879,5.181846,28.994869,5.101115,29.49218,5.072677,29.625851,4.740458,29.907839,4.762764,29.715327,4.527943,30.161567,4.515056,30.228001,30.955796,14.895567
1446,48,8420,19320,0.435818,0.54001,0.804115,0.805425,0.997981,0.547308,0.794935,0.795536,0.99905,0.464752,0.773598,0.845194,0.901306,0.39234,0.701766,0.870449,0.78361,False,False,True,False,0.998899,0.0,0.198257,1.349908,35.544373,1.349908,39.520149,12.651188,3.971865,15.98266,13.774199,24.464888,21.842616,13.269517,23.712949,13.046951,23.94364,13.431235,23.574584,13.249089,23.667056,16.49703,22.934348,12.677474,24.452524,13.324782,24.418902,14.623832,23.856028,34.194465,10.690689
1447,48,5641,12366,0.45617,0.520378,0.797559,0.832634,0.949832,0.539382,0.809909,0.825937,0.9766,0.440644,0.773549,0.887686,0.857472,0.363497,0.686242,0.917686,0.731253,False,False,True,False,1.0,0.0,0.172639,2.335762,45.87772,2.335762,54.151688,14.631153,2.664882,12.818827,11.061039,23.840597,24.170628,15.965549,22.63202,15.314365,22.991397,17.283638,22.106315,16.727118,22.396129,15.485788,23.860046,14.678662,23.823903,14.408852,24.314298,14.615494,24.327198,43.541958,12.779558
1448,48,6704,12690,0.52829,0.582348,0.824466,0.86184,0.95003,0.60331,0.815194,0.842346,0.961963,0.492671,0.770429,0.901791,0.84099,0.409141,0.679989,0.927388,0.718228,False,False,True,False,0.999165,0.0,0.20147,1.089654,50.177135,1.089654,39.353073,18.230509,8.271801,21.040672,11.241729,21.159916,18.716966,20.100836,19.986148,19.680241,20.285614,19.998657,19.87314,19.975536,19.991788,18.353621,21.295474,18.238464,21.152653,17.522722,21.687521,17.484337,21.741563,49.087481,9.918187
1449,48,8187,17080,0.479333,0.552342,0.661888,0.743905,0.857213,0.588993,0.696606,0.744732,0.915109,0.463642,0.630327,0.786337,0.760596,0.380035,0.576584,0.826991,0.655674,False,False,True,False,0.997301,0.0,0.286405,0.685371,48.773304,0.685371,49.411098,17.477261,10.802991,21.188347,11.323084,21.933256,17.978118,17.671431,21.407822,17.147429,21.82933,17.363789,21.380703,17.237328,21.639114,23.534018,19.594488,17.462523,21.937432,18.846546,21.496792,20.875128,20.649863,48.087933,10.610172
1450,48,5815,12844,0.452741,0.56431,0.741966,0.76766,0.956836,0.585955,0.735753,0.751395,0.972485,0.474852,0.718696,0.816855,0.85675,0.391389,0.662883,0.859757,0.74325,False,False,True,False,1.0,0.0,0.257078,1.789776,33.431355,1.789776,34.167957,7.313098,2.34443,7.099627,16.103949,28.592992,26.862574,8.052794,27.632115,7.677444,27.943244,7.966007,28.078231,7.79421,28.179344,7.598681,28.153225,7.331671,28.574734,7.199255,28.845465,7.258641,28.691911,31.641579,12.489043
1451,48,5551,10186,0.544964,0.541626,0.907618,0.954504,0.948658,0.557923,0.920342,0.947387,0.969915,0.442274,0.767932,0.969589,0.786885,0.346063,0.610076,0.975603,0.619528,False,False,False,False,0.0,0.0,0.064509,0.831571,0.831571,0.831571,13.088512,13.165796,1.666595,14.364679,25.879738,26.001311,24.878596,13.088512,25.879738,13.037771,26.022072,13.107068,25.86169,13.080466,25.954409,14.922176,25.053188,13.154326,26.009528,13.546508,25.828831,14.154086,25.498466,0.0,0.121573
1452,48,3360,7584,0.443038,0.237474,0.530546,0.993337,0.53244,0.741429,0.597546,0.597546,1.0,0.061313,0.138393,1.0,0.138393,0.00567,0.012798,1.0,0.012798,False,False,True,False,0.898201,0.0,0.50071,1.863321,5.358428,1.863321,6.550595,4.393353,1.795612,3.999504,28.823304,30.222972,34.920926,4.499603,30.061661,4.278968,30.575291,4.742857,30.365546,4.633135,30.45073,5.386706,27.848155,4.418949,30.203566,4.631746,29.558184,4.935417,28.74061,3.495107,1.399668
1453,48,4533,11544,0.392672,0.50745,0.695106,0.727381,0.939996,0.524861,0.713084,0.727678,0.972645,0.417446,0.69451,0.795393,0.845577,0.331254,0.612387,0.830021,0.700199,False,False,False,False,0.0,0.0,0.234489,2.606428,2.606428,2.606428,14.653945,13.41981,2.635953,10.275903,24.882466,25.572036,26.645997,14.653945,24.882466,13.877933,25.196579,15.805059,24.627005,15.314802,24.795784,13.742628,25.460952,13.487389,25.549291,13.322376,25.722072,13.374439,25.688839,0.0,0.68957
1454,48,3865,10274,0.376192,0.485692,0.692793,0.726253,0.937646,0.725034,0.518862,0.518862,1.0,0.383395,0.623466,0.760853,0.77542,0.286841,0.510756,0.781473,0.59586,False,False,True,False,1.0,0.0,0.541582,2.684194,157.889069,2.684194,144.174637,16.498146,8.082124,14.207503,3.71972,22.506809,19.169283,17.887711,21.899338,16.81423,22.186662,19.186373,21.827507,18.612333,22.021884,18.089262,22.039102,16.559896,22.4959,16.777576,22.576171,17.275206,22.415864,155.204875,18.787089
1455,45,6562,12558,0.522535,0.697723,0.642092,0.683862,0.913136,0.712932,0.659003,0.688373,0.939195,0.576923,0.653731,0.753347,0.831759,0.47205,0.635245,0.818489,0.739409,False,False,True,False,1.0,0.0,0.463976,0.785857,14.645763,0.785857,18.261505,13.98278,6.784912,13.560754,21.756732,25.146254,24.165285,14.703393,24.337032,14.160622,24.838761,15.135172,24.068953,14.91715,24.264417,16.094229,24.274451,14.012751,25.131059,14.312658,25.124138,15.017779,24.821492,13.859906,3.389522
1456,48,6296,13149,0.47882,0.704616,0.621275,0.643605,0.947109,0.723249,0.624627,0.639012,0.965216,0.605673,0.646081,0.702788,0.888977,0.513651,0.650854,0.761771,0.817186,False,False,True,False,0.999854,0.0,0.499197,0.910453,67.682426,0.910453,49.086773,17.612082,13.401673,24.687315,8.883471,22.37743,17.006619,18.866953,21.530355,18.503229,21.63846,18.975645,21.531314,18.609753,21.728556,18.288279,22.665095,17.624788,22.373076,17.2302,22.845374,17.375954,22.951002,66.771973,13.493959
1457,48,7749,15972,0.485162,0.589469,0.814952,0.818587,0.99458,0.593038,0.811021,0.814189,0.995225,0.511145,0.788781,0.859505,0.905536,0.438455,0.719949,0.881765,0.796877,False,False,True,False,0.999757,0.0,0.213304,1.427541,39.857758,1.427541,40.41412,14.402977,4.340549,16.250011,14.11582,23.895572,21.343031,13.952854,23.639893,13.956553,23.854798,13.811072,23.651967,13.631952,23.831437,19.446251,21.73005,14.424528,23.886105,15.640512,23.460611,17.359402,22.688418,38.430217,9.779752
1458,48,7158,14297,0.500664,0.589844,0.750028,0.792363,0.933501,0.601385,0.768549,0.796348,0.956552,0.512485,0.76088,0.854238,0.874406,0.437644,0.739046,0.91114,0.796452,False,False,True,False,1.0,0.0,0.244292,0.607321,7.296073,0.607321,7.703083,7.673326,2.126675,9.350983,27.942626,30.458597,28.610859,8.115488,29.697697,8.044985,29.905022,7.874965,29.917934,7.96065,29.911491,8.293006,29.784163,7.670532,30.468674,7.529431,30.654105,7.672674,30.408694,6.688752,2.515971
1459,48,6920,17640,0.39229,0.569841,0.656451,0.669121,0.971965,0.590306,0.643562,0.651781,0.98078,0.495125,0.672257,0.720518,0.909393,0.426531,0.638942,0.748405,0.813728,False,False,False,False,0.0,0.0,0.337966,2.801928,2.801928,2.801928,27.943594,25.887138,10.121238,26.815125,19.851286,20.521341,18.333059,27.943594,19.851286,26.601974,20.136113,28.919508,19.736647,28.077408,19.906632,30.822351,19.528292,25.938005,20.510414,26.546244,20.523416,28.22736,20.16959,0.0,0.670055
1460,48,8731,19032,0.458754,0.557587,0.797677,0.808801,0.983049,0.569252,0.792652,0.798505,0.990837,0.493642,0.767183,0.837573,0.901271,0.432587,0.707327,0.853638,0.804948,False,False,False,False,0.0,0.0,0.211824,1.292431,1.292431,1.292431,31.525751,32.001106,11.598324,41.478561,17.632427,18.030499,14.449173,31.525751,17.632427,31.521704,17.819489,31.117054,17.63052,31.309855,17.688277,48.167336,15.328971,32.001869,18.030134,35.966595,17.54306,41.568893,16.549979,0.0,0.398072
1461,48,8645,17746,0.487152,0.575059,0.776291,0.807251,0.952921,0.58926,0.768376,0.793727,0.960093,0.490815,0.74247,0.849024,0.855408,0.413051,0.666493,0.871623,0.73904,False,False,False,False,0.0,0.0,0.236458,1.048493,1.048493,1.048493,24.300983,24.1294,9.456763,32.188972,20.549434,20.758525,16.589623,24.300983,20.549434,24.05641,20.729567,23.853018,20.668613,23.699673,20.752121,33.111008,17.981525,24.114748,20.76152,26.039097,20.171502,29.190708,19.164399,0.0,0.209091
1462,48,5781,10269,0.562956,0.74944,0.674578,0.705431,0.939111,0.760055,0.687702,0.709289,0.95762,0.639303,0.708316,0.779741,0.885487,0.537443,0.709531,0.849792,0.811278,False,False,False,False,0.0,0.0,0.503788,0.639334,0.639334,0.639334,16.809721,16.025948,11.690434,18.23041,23.222862,23.768744,20.474983,16.809721,23.222862,16.254513,23.630465,17.256414,22.916602,16.825636,23.204042,18.025082,22.992389,16.036095,23.761785,16.317823,23.690563,17.015915,23.422777,0.0,0.545882
1463,48,5275,12818,0.411531,0.555625,0.676856,0.702612,0.948626,0.588937,0.661786,0.676513,0.968152,0.437588,0.611251,0.736138,0.782749,0.331253,0.505058,0.752473,0.605687,False,False,False,False,0.0,0.0,0.322816,2.304432,2.304432,2.304432,10.998799,10.012007,3.942949,8.585087,26.864362,27.858245,26.693797,10.998799,26.864362,10.206888,27.352658,12.029258,26.521576,11.478989,26.856574,11.6709,27.225028,10.069384,27.834392,10.292322,27.983098,10.823507,27.761854,0.0,0.993883
1464,48,5262,14340,0.366946,0.468898,0.640569,0.696014,0.889396,0.650767,0.560856,0.561937,0.996579,0.396862,0.650294,0.75839,0.82022,0.327545,0.585576,0.783053,0.698974,False,False,False,False,0.0,0.0,0.446574,2.105016,2.105016,2.105016,9.439313,8.662739,2.077256,6.702521,27.435045,28.039538,28.740999,9.439313,27.435045,8.86412,27.727445,10.536931,27.090222,10.185798,27.279292,9.595338,27.878852,8.728747,28.01448,8.781515,28.143535,9.040352,28.099652,0.0,0.604493
1465,48,8626,17010,0.507113,0.554733,0.884993,0.898686,0.983074,0.570018,0.868257,0.878197,0.987132,0.480423,0.824481,0.928904,0.880014,0.410523,0.733948,0.946155,0.76594,False,False,False,False,0.0,0.0,0.140386,0.700342,0.700342,0.700342,21.798285,24.63699,6.771946,31.208092,18.814691,18.654729,15.849145,21.798285,18.814691,22.542624,18.754112,22.423796,18.600703,22.799675,18.582561,35.574505,16.026237,24.639811,18.65368,27.831207,18.046091,31.509005,17.108353,0.0,-0.159962
1466,48,5806,11256,0.515814,0.524431,0.897116,0.937998,0.953669,0.550817,0.88566,0.909516,0.971237,0.43408,0.788857,0.965002,0.812091,0.346304,0.649499,0.980246,0.658112,False,False,False,False,0.0,0.0,0.102752,1.058471,1.058471,1.058471,21.596394,20.17901,2.769174,20.782927,21.63286,22.44852,21.813949,21.596394,21.63286,21.090078,21.969861,21.393213,21.690534,20.96785,21.933279,20.631359,22.413294,20.176483,22.449783,19.80612,22.705674,19.955334,22.69363,0.0,0.81566
1467,48,7276,15104,0.481727,0.514168,0.924021,0.930209,0.992853,0.527675,0.901709,0.907026,0.99354,0.436374,0.825566,0.951449,0.861875,0.362288,0.700413,0.959613,0.721688,False,False,False,False,0.0,0.0,0.09466,0.696432,0.696432,0.696432,11.27932,10.706203,2.387966,11.643439,25.032549,25.985019,24.411136,11.27932,25.032549,11.302226,25.241404,11.218527,25.005015,11.347994,25.067139,12.0361,25.804207,10.710464,25.978419,10.652236,26.369059,11.10175,26.303771,0.0,0.95247
1468,48,4710,9492,0.496207,0.596397,0.703515,0.75658,0.909342,0.613148,0.717501,0.755842,0.93397,0.490624,0.662879,0.801804,0.792781,0.391382,0.599582,0.850067,0.670488,False,False,True,False,1.0,0.0,0.294437,2.336052,60.704376,2.336052,88.821724,10.752654,5.538687,16.168577,7.623909,26.370407,21.82139,11.935245,25.493398,11.423496,25.89239,12.737863,25.064712,12.446992,25.279073,11.077424,25.781731,10.789102,26.351469,10.52385,26.493657,10.577211,26.291227,58.368324,18.746498
1469,48,7444,15066,0.494093,0.440927,0.708343,0.879271,0.784659,0.699456,0.706396,0.706396,1.0,0.347604,0.612333,0.91961,0.646964,0.263374,0.49157,0.947833,0.505239,False,False,False,False,0.0,0.0,0.405799,0.569579,0.569579,0.569579,12.461311,12.541242,5.659844,13.853081,26.588277,26.578765,24.144793,12.461311,26.588277,12.310407,26.697191,12.46646,26.579179,12.279912,26.694667,15.515583,24.831775,12.531076,26.585253,13.207147,26.187295,14.227029,25.575894,0.0,-0.009512
1470,48,5416,10252,0.528287,0.610417,0.697789,0.766699,0.885894,0.633145,0.724153,0.770451,0.923375,0.498244,0.67633,0.831245,0.783973,0.394557,0.612029,0.88801,0.66322,False,False,False,False,0.0,0.0,0.306865,1.020816,1.020816,1.020816,8.019079,7.33438,4.339468,10.259663,29.207194,30.077571,26.509678,8.019079,29.207194,7.723474,29.615017,8.353335,28.717181,8.141371,28.990236,7.855305,29.426754,7.356721,30.052149,7.269264,30.172024,7.423314,29.949366,0.0,0.870377
1471,48,5315,10227,0.519703,0.544343,0.93975,0.947009,0.99191,0.547961,0.939776,0.943969,0.995296,0.445683,0.803947,0.965336,0.827846,0.347903,0.636783,0.970208,0.649483,False,False,True,False,0.999593,0.0,0.063925,0.817861,12.469055,0.817861,12.23995,3.979429,0.988599,5.070681,24.062988,35.764023,31.905198,4.222327,34.881518,4.276199,34.981128,4.040201,35.124646,4.044653,35.107641,4.12932,35.896074,3.964127,35.791739,3.839762,36.290651,3.900282,36.333308,11.651194,11.701035
1472,48,5858,10437,0.561272,0.714573,0.750493,0.765487,0.974565,0.71946,0.75443,0.765481,0.981222,0.60755,0.813438,0.862955,0.934107,0.50733,0.802359,0.937677,0.847559,False,False,True,False,1.0,0.0,0.383708,0.740628,18.787653,0.740628,17.809151,14.998065,6.16481,17.131216,20.244736,24.269997,22.221381,15.307727,24.011138,14.913395,24.292114,15.554341,23.825174,15.213781,24.029916,16.969387,23.18112,14.989303,24.271829,15.397519,24.06112,16.074541,23.683256,18.047025,4.025261
1473,48,6856,14610,0.469268,0.531485,0.817628,0.847006,0.959306,0.554004,0.802073,0.82209,0.970537,0.451061,0.773645,0.889985,0.855455,0.375086,0.685246,0.915328,0.731622,False,False,True,False,0.999871,0.0,0.185711,1.483063,58.808399,1.483063,63.117077,17.22603,5.307411,21.201818,10.221542,21.951925,19.515333,19.241783,20.844532,18.937136,21.084431,18.860317,21.141046,18.814713,21.231227,17.28277,21.182515,17.236971,21.948808,16.436989,22.300428,16.366152,22.005873,57.325336,11.730383
1474,48,5573,11640,0.47878,0.542354,0.698243,0.774117,0.876907,0.565034,0.730769,0.779991,0.92051,0.449828,0.670376,0.828495,0.778396,0.361942,0.632633,0.900071,0.680423,False,False,True,False,0.999835,0.0,0.179331,1.508763,47.107468,1.508763,42.076439,7.620851,1.909456,8.998624,13.584386,27.443814,24.940393,8.190742,26.687641,7.816377,27.13579,9.125247,26.047654,8.957474,26.270349,9.05712,26.662934,7.668042,27.430653,7.887373,27.441048,8.338058,27.169143,45.598705,13.859428
1475,48,6814,12879,0.529078,0.763025,0.636444,0.658594,0.949809,0.782204,0.628858,0.647211,0.956854,0.663173,0.656419,0.712446,0.893014,0.571473,0.651981,0.760054,0.820957,False,False,False,False,0.0,0.0,0.585985,0.954768,0.954768,0.954768,52.23613,52.014481,35.675789,50.18227,14.505532,14.701044,12.842551,52.23613,14.505532,51.160061,14.82077,51.771648,14.48828,51.236961,14.680739,59.784122,13.447448,52.035664,14.696443,53.844635,14.403588,56.407299,13.974878,0.0,0.195512
1476,48,7081,12688,0.558086,0.569909,0.885142,0.929332,0.949019,0.590085,0.918862,0.931748,0.985172,0.471627,0.769127,0.949198,0.802147,0.373108,0.621603,0.956696,0.639599,False,False,True,False,1.0,0.0,0.089531,0.466916,3.524642,0.466916,3.183213,2.749706,0.683788,14.429271,35.027911,39.589397,21.102131,2.836982,39.242883,2.76138,39.55464,2.889611,39.033722,2.808502,39.296018,3.406534,37.733057,2.754601,39.572286,2.867627,39.225482,3.088594,38.576693,3.057726,4.561486
1477,48,6469,12558,0.51513,0.532091,0.91538,0.940587,0.971557,0.546106,0.906035,0.923739,0.979286,0.450072,0.810185,0.959837,0.838615,0.369724,0.678803,0.967693,0.694543,False,False,True,False,0.999836,0.0,0.085728,0.632014,60.749001,0.632014,59.867264,10.874736,1.687414,11.943834,10.272684,26.676796,25.448141,11.49544,25.922313,11.32684,26.15867,11.145,26.074277,11.120317,26.153623,11.634668,26.230593,10.851651,26.683933,10.765703,26.885891,11.012109,26.722283,60.116987,16.404112
1478,48,5438,12740,0.426845,0.434223,0.714866,0.826645,0.840934,0.665856,0.641047,0.641047,1.0,0.349137,0.599159,0.832734,0.681133,0.269152,0.469506,0.826188,0.520964,False,False,True,False,0.999863,0.0,0.411942,2.062722,57.312744,2.062722,49.822117,9.990376,3.48174,8.949614,12.457349,25.817608,23.708202,10.811083,25.028237,10.332904,25.480505,11.270872,24.950363,10.974133,25.268211,10.78589,25.230337,10.02268,25.807391,9.974562,25.872666,10.227902,25.667437,55.250022,13.360259
1479,48,5491,14610,0.375838,0.563039,0.634728,0.647459,0.969951,0.605476,0.602078,0.609089,0.981242,0.458248,0.603421,0.684989,0.835185,0.360507,0.526824,0.704766,0.676015,False,False,True,False,1.0,0.0,0.374822,1.997185,33.059509,1.997185,42.871849,13.778182,5.494535,13.892187,14.058026,25.631513,23.363921,15.314515,24.430778,14.727615,24.798901,16.138834,24.161886,15.785224,24.344654,13.540824,25.706912,13.834882,25.609963,13.344442,26.102226,13.199538,26.136579,31.062324,11.573487
1480,48,7154,15296,0.467704,0.525105,0.471369,0.605702,0.680039,0.621731,0.573263,0.638486,0.848756,0.306028,0.399763,0.722068,0.472463,0.172398,0.287273,0.828593,0.305424,False,False,False,False,0.0,0.0,0.420781,0.791329,0.791329,0.791329,34.947208,33.310501,17.383404,31.188147,18.40805,18.89473,17.002269,34.947208,18.40805,33.370094,18.84086,35.877552,18.177938,34.779423,18.456689,40.033222,17.393277,33.335011,18.887853,34.520267,18.622777,36.833008,18.096318,0.0,0.48668
1481,48,7949,17244,0.460972,0.534215,0.860473,0.861594,0.99849,0.54245,0.848611,0.849155,0.999245,0.464161,0.800564,0.886182,0.892313,0.397124,0.707872,0.89559,0.771544,False,False,True,False,0.999785,0.0,0.150834,1.099695,55.963028,1.099695,49.689774,7.037154,1.794298,7.535539,11.807491,29.7119,28.837681,7.604982,29.04831,7.422611,29.252513,7.580828,28.911313,7.479264,28.97515,7.806978,29.093985,7.047511,29.701685,7.018199,29.833109,7.282928,29.615817,54.863333,17.904409
1482,47,5568,9786,0.568976,0.654609,0.759847,0.807056,0.92852,0.667075,0.777255,0.810355,0.950072,0.552217,0.769677,0.88305,0.85704,0.454629,0.720247,0.942684,0.753233,False,False,True,False,0.999052,0.0,0.273826,0.514462,17.346767,0.514462,18.355722,3.313997,1.948949,4.191571,21.951737,32.763079,29.691869,3.712703,31.392276,3.485093,32.076742,3.520654,31.37151,3.406849,31.643425,3.499282,33.511151,3.302383,32.764102,3.243355,33.280217,3.308788,33.547289,16.832305,10.811342
1483,48,5726,10670,0.536645,0.622306,0.759033,0.803614,0.93189,0.633833,0.776529,0.807186,0.953371,0.527273,0.77736,0.88251,0.867097,0.435052,0.728288,0.941189,0.763011,False,False,True,False,1.0,0.0,0.258697,0.567692,72.375267,0.567692,72.356209,4.50751,1.853695,5.81226,10.062187,33.551157,29.192867,4.965945,32.050529,4.814065,32.48587,4.88753,32.079959,4.75585,32.404795,4.577658,34.400023,4.501979,33.55893,4.344045,34.364122,4.354174,34.682886,71.807575,23.48897
1484,48,6571,11431,0.57484,0.583326,0.917306,0.94991,0.963932,0.59015,0.918047,0.944856,0.97002,0.493045,0.799646,0.962385,0.825445,0.404164,0.664832,0.967316,0.68011,False,False,True,False,1.0,0.0,0.076543,0.839506,13.776611,0.839506,13.053011,13.844418,2.0107,13.328007,22.404342,24.777099,24.758901,14.334906,24.506365,14.039872,24.6503,14.730838,24.244586,14.292396,24.507245,15.040684,24.149086,13.83828,24.778397,13.951808,24.730542,14.362248,24.513228,12.937105,2.372757
1485,48,5282,11040,0.478442,0.57663,0.699694,0.75322,0.9078,0.611775,0.685006,0.72446,0.926354,0.470652,0.681322,0.817167,0.803862,0.374004,0.612301,0.865585,0.676638,False,False,False,False,0.0,0.0,0.323203,2.111381,2.111381,2.111381,32.508583,29.520132,13.285284,33.756027,17.513573,18.457926,16.185177,32.508583,17.513573,32.101414,17.748827,32.797676,17.408341,32.435379,17.588479,28.061466,18.616101,29.552443,18.450364,28.034016,18.879986,27.531807,18.940042,0.0,0.944353
1486,48,3283,8873,0.369999,0.456892,0.691722,0.74001,0.913798,0.706976,0.523111,0.523195,0.999695,0.353094,0.715049,0.853814,0.814804,0.252789,0.582474,0.906821,0.619555,False,False,True,False,1.0,0.0,0.522004,1.066368,65.701012,1.066368,63.144787,7.105087,2.137269,7.895116,10.201505,27.62529,25.483057,7.30724,27.421046,7.076252,27.742739,8.247131,26.484973,8.310082,26.416822,7.837344,26.057819,7.114732,27.620366,7.172911,27.265738,7.416083,26.722258,64.634644,17.423785
1487,48,5976,11736,0.509202,0.537491,0.873418,0.907895,0.958333,0.553851,0.864316,0.889846,0.967871,0.445126,0.775523,0.936447,0.818608,0.359407,0.643928,0.946657,0.668173,False,False,False,False,0.0,0.0,0.124306,0.655556,0.655556,0.655556,7.922077,7.663989,3.203762,7.818664,27.443065,27.788257,25.996104,7.922077,27.443065,7.825469,27.780135,7.756693,27.492008,7.587405,27.84319,8.489347,26.579465,7.653224,27.797246,7.70164,27.576536,7.991131,27.149391,0.0,0.345192
1488,48,6916,12922,0.535211,0.574447,0.909575,0.920113,0.987565,0.586364,0.899974,0.906031,0.992626,0.48638,0.816818,0.944312,0.858155,0.40048,0.692943,0.956329,0.715587,False,False,True,False,1.0,0.0,0.118548,0.674104,17.555834,0.674104,17.627531,18.530508,3.26529,19.520678,20.45588,22.999365,21.970736,19.122952,22.668539,18.592491,22.905613,19.12488,22.725535,18.693464,22.934872,21.657606,21.823703,18.534847,23.000973,19.073357,22.82883,20.151726,22.415592,16.88173,2.543485
1489,48,7169,19040,0.376523,0.469905,0.674564,0.725606,0.905566,0.712027,0.528804,0.528804,1.0,0.371166,0.595606,0.751946,0.741247,0.276943,0.479605,0.76484,0.562561,False,False,True,False,0.627496,0.0,0.47755,0.825176,47.853172,0.825176,67.534058,10.029293,7.161626,14.940624,9.541088,27.208621,21.981749,10.408844,26.605996,10.277677,26.794493,10.836704,26.196431,10.706375,26.346827,12.024038,26.135961,10.048589,27.200774,10.246525,27.214812,10.925838,26.82538,47.027996,17.667533
1490,48,7750,14787,0.524109,0.536079,0.938304,0.957361,0.979226,0.548387,0.931669,0.943273,0.986968,0.45939,0.833922,0.973502,0.85329,0.385406,0.70781,0.978066,0.719226,False,False,True,False,1.0,0.0,0.065369,0.800862,20.633081,0.800862,16.591398,14.550838,1.988347,17.21944,18.351988,23.698493,22.302621,13.723011,23.924392,14.160731,23.655072,13.140344,24.262161,13.597548,23.955353,18.749205,22.085461,14.549807,23.697588,15.609333,23.403114,17.049677,22.833735,19.832219,5.346505
1491,48,4985,10516,0.47404,0.531476,0.68752,0.7708,0.864193,0.560289,0.705126,0.763408,0.902307,0.420502,0.624978,0.818182,0.725777,0.319038,0.528032,0.859016,0.578134,False,False,False,False,0.0,0.0,0.250949,1.619117,1.619117,1.619117,15.570712,13.781411,5.279154,18.43671,21.994193,23.356204,19.289915,15.570712,21.994193,15.198529,22.287885,15.919893,21.96938,15.806286,22.045857,12.375861,25.105065,13.805082,23.345823,12.846807,24.276854,12.380475,24.919494,0.0,1.362011
1492,48,8647,18620,0.464393,0.614447,0.631181,0.679399,0.898924,0.640011,0.649872,0.679701,0.936741,0.508593,0.631574,0.740549,0.811033,0.413802,0.597187,0.793511,0.707066,False,False,True,False,1.0,0.0,0.38153,0.564992,15.059527,0.564992,14.309471,12.168151,8.13336,13.353842,20.677975,26.325528,22.695174,12.412475,26.105977,12.134073,26.354503,12.594502,25.794885,12.473806,25.907186,15.5186,24.120727,12.156856,26.330199,12.831309,25.864001,13.987934,25.078778,14.494535,5.647553
1493,48,5694,12175,0.46768,0.595318,0.745146,0.762417,0.970495,0.614949,0.737314,0.747162,0.982438,0.503326,0.760798,0.833551,0.897085,0.414867,0.730552,0.89804,0.796628,False,False,False,False,0.0,0.0,0.290542,1.833668,1.833668,1.833668,22.618135,21.044785,3.910765,20.450884,19.943293,21.05446,21.157286,22.618135,19.943293,21.631952,20.467578,23.704718,19.473766,23.225794,19.682557,29.673164,19.917321,21.095715,21.042126,23.082367,21.137546,26.13728,20.720609,0.0,1.111167
1494,48,5256,10274,0.511583,0.728149,0.602138,0.639888,0.910769,0.743917,0.619054,0.645296,0.938356,0.608916,0.6164,0.701726,0.835236,0.503601,0.604122,0.759181,0.747336,False,False,False,False,0.0,0.0,0.539857,1.341172,1.341172,1.341172,12.142821,11.947362,10.019663,14.985921,25.852899,26.112007,22.095654,12.142821,25.852899,11.932649,26.043999,12.567732,25.548871,12.428272,25.650914,13.85553,25.056501,11.976662,26.092897,12.354579,25.926553,12.994419,25.566293,0.0,0.259108
1495,48,7976,19404,0.411049,0.514585,0.790728,0.794291,0.994358,0.523294,0.781118,0.783041,0.996866,0.450732,0.753382,0.821518,0.900827,0.39028,0.689191,0.837713,0.795386,False,False,True,False,1.0,0.0,0.185072,0.582633,52.902462,0.582633,43.776203,8.121406,2.655524,10.582623,11.027647,28.466189,24.910553,8.538616,27.540936,8.667753,27.579343,8.363132,27.820457,8.391717,27.880164,9.065989,27.710418,8.128093,28.462365,8.048855,28.830564,8.35682,28.542031,52.319829,17.438542
1496,48,6278,11520,0.544965,0.802865,0.647952,0.660071,0.972443,0.808507,0.650995,0.660082,0.979293,0.699219,0.698022,0.731471,0.938515,0.605469,0.725426,0.798853,0.887544,False,False,False,False,0.0,0.0,0.603205,0.464263,0.464263,0.464263,22.215992,22.315228,16.757727,24.224966,21.125054,21.248482,18.725003,22.215992,21.125054,21.819687,21.344003,22.439312,21.074963,22.267548,21.176026,26.284273,20.023202,22.324041,21.248623,23.307476,20.974254,24.660349,20.552263,0.0,0.123428
1497,48,5676,11640,0.487629,0.458162,0.665759,0.825052,0.775194,0.76744,0.635397,0.635397,1.0,0.34201,0.571522,0.88219,0.618746,0.244072,0.442093,0.919043,0.460007,False,False,False,False,0.0,0.0,0.545775,1.046501,1.046501,1.046501,19.215233,18.891296,10.539459,24.19556,21.960059,22.300656,19.150497,19.215233,21.960059,19.150341,22.156075,19.36393,21.888028,19.131783,22.06249,21.269438,21.279162,18.9004,22.297647,19.204781,22.178229,19.989429,21.822301,0.0,0.340597
1498,48,5575,10582,0.526838,0.662351,0.690035,0.733057,0.921614,0.682574,0.704355,0.732244,0.9487,0.546116,0.69716,0.80706,0.836592,0.441882,0.654454,0.867194,0.727354,False,False,False,False,0.0,0.0,0.38566,1.153252,1.153252,1.153252,16.759642,16.137697,7.134146,16.736143,22.31345,22.682012,21.165136,16.759642,22.31345,16.390972,22.590653,17.197668,22.152723,17.012735,22.304321,17.456503,21.822561,16.133392,22.681557,16.226547,22.569363,16.657101,22.272244,0.0,0.368562
1499,48,6469,10925,0.592128,0.701785,0.733628,0.780227,0.924718,0.715973,0.752637,0.784582,0.948678,0.603753,0.745724,0.846119,0.86273,0.51103,0.724671,0.907039,0.78281,False,False,True,False,1.0,0.0,0.375898,0.590215,19.553934,0.590215,19.205029,7.223837,3.787777,8.115628,20.312036,30.002343,27.81606,7.614263,29.541401,7.376565,29.88991,7.467512,29.725437,7.323646,29.930288,8.333333,28.861532,7.218117,30.010414,7.343072,29.854456,7.728861,29.450597,18.963719,9.690307
1500,48,5540,10714,0.51708,0.647191,0.670327,0.72195,0.90361,0.665858,0.687167,0.723577,0.931769,0.530054,0.674228,0.795563,0.815523,0.427945,0.632538,0.855616,0.708123,False,False,False,False,0.0,0.0,0.379977,1.140317,1.140317,1.140317,21.336582,20.516848,11.047803,25.482191,20.731111,21.208803,18.340028,21.336582,20.731111,21.055536,20.957992,21.528038,20.582375,21.258484,20.799615,21.877979,20.584902,20.550241,21.201082,20.466667,21.215837,20.890734,21.000538,0.0,0.477692
